2025-09-20 21:08:44,228 INFO  Logger.cs: 70 - 
--------------------------------------------------------------------------------
2025-09-20 21:08:44,619 INFO  Logger.cs: 71 - Logging commencing for SW2URDF exporter
2025-09-20 21:08:44,651 INFO  Logger.cs: 73 - Commit version 1.5.1-0-g916b5db
2025-09-20 21:08:44,651 INFO  Logger.cs: 74 - Build version 1.5.7152.31018
2025-09-20 21:08:44,924 INFO  SwAddin.cs: 250 - Adding Assembly export to file menu
2025-09-20 21:08:44,924 INFO  SwAddin.cs: 253 - Adding Part export to file menu
2025-09-20 21:08:45,504 INFO  SwAddin.cs: 218 - Connecting plugin to SolidWorks
2025-09-20 21:11:05,784 INFO  SwAddin.cs: 271 - Assembly export called for file 5-dof_robotic_arm_ver-2.1.1.SLDASM
2025-09-20 21:11:08,221 INFO  SwAddin.cs: 290 - Saving assembly
2025-09-20 21:11:24,550 INFO  SwAddin.cs: 293 - Opening property manager
2025-09-20 21:11:24,800 INFO  ExportHelperExtension.cs: 1131 - Retrieving features of type [CoordSys] from 5-dof_robotic_arm_ver-2.1.1.SLDASM
2025-09-20 21:11:24,831 INFO  ExportHelperExtension.cs: 1142 - Found 271 in 5-dof_robotic_arm_ver-2.1.1.SLDASM
2025-09-20 21:11:24,847 INFO  ExportHelperExtension.cs: 1152 - Found 17 features of type [CoordSys] in 5-dof_robotic_arm_ver-2.1.1.SLDASM
2025-09-20 21:11:24,847 INFO  ExportHelperExtension.cs: 1155 - Proceeding through assembly components
2025-09-20 21:11:24,862 INFO  ExportHelperExtension.cs: 1167 - 60 components to check
2025-09-20 21:11:24,862 INFO  ExportHelperExtension.cs: 1131 - Retrieving features of type [CoordSys] from 35Kg_Servo horn-3
2025-09-20 21:11:24,878 INFO  ExportHelperExtension.cs: 1142 - Found 20 in 35Kg_Servo horn-3
2025-09-20 21:11:24,878 INFO  ExportHelperExtension.cs: 1152 - Found 0 features of type [CoordSys] in 35Kg_Servo horn-3
2025-09-20 21:11:24,894 INFO  ExportHelperExtension.cs: 1131 - Retrieving features of type [CoordSys] from 35Kg_Servo horn-4
2025-09-20 21:11:24,894 INFO  ExportHelperExtension.cs: 1142 - Found 20 in 35Kg_Servo horn-4
2025-09-20 21:11:24,894 INFO  ExportHelperExtension.cs: 1152 - Found 0 features of type [CoordSys] in 35Kg_Servo horn-4
2025-09-20 21:11:24,894 INFO  ExportHelperExtension.cs: 1131 - Retrieving features of type [CoordSys] from Bass servo link3new-1
2025-09-20 21:11:24,894 INFO  ExportHelperExtension.cs: 1142 - Found 20 in Bass servo link3new-1
2025-09-20 21:11:24,909 INFO  ExportHelperExtension.cs: 1152 - Found 0 features of type [CoordSys] in Bass servo link3new-1
2025-09-20 21:11:24,909 INFO  ExportHelperExtension.cs: 1131 - Retrieving features of type [CoordSys] from Servo20NEW-1
2025-09-20 21:11:24,909 INFO  ExportHelperExtension.cs: 1142 - Found 20 in Servo20NEW-1
2025-09-20 21:11:24,909 INFO  ExportHelperExtension.cs: 1152 - Found 0 features of type [CoordSys] in Servo20NEW-1
2025-09-20 21:11:24,909 INFO  ExportHelperExtension.cs: 1131 - Retrieving features of type [CoordSys] from link 3.SLDPRT3_1-1
2025-09-20 21:11:24,925 INFO  ExportHelperExtension.cs: 1142 - Found 22 in link 3.SLDPRT3_1-1
2025-09-20 21:11:24,925 INFO  ExportHelperExtension.cs: 1152 - Found 0 features of type [CoordSys] in link 3.SLDPRT3_1-1
2025-09-20 21:11:24,925 INFO  ExportHelperExtension.cs: 1131 - Retrieving features of type [CoordSys] from Servo20NEW-2
2025-09-20 21:11:24,925 INFO  ExportHelperExtension.cs: 1142 - Found 20 in Servo20NEW-2
2025-09-20 21:11:24,940 INFO  ExportHelperExtension.cs: 1152 - Found 0 features of type [CoordSys] in Servo20NEW-2
2025-09-20 21:11:24,940 INFO  ExportHelperExtension.cs: 1131 - Retrieving features of type [CoordSys] from BEARING-1
2025-09-20 21:11:24,940 INFO  ExportHelperExtension.cs: 1142 - Found 28 in BEARING-1
2025-09-20 21:11:24,940 INFO  ExportHelperExtension.cs: 1152 - Found 0 features of type [CoordSys] in BEARING-1
2025-09-20 21:11:24,956 INFO  ExportHelperExtension.cs: 1131 - Retrieving features of type [CoordSys] from link 3.SLDPRTold1-2
2025-09-20 21:11:24,956 INFO  ExportHelperExtension.cs: 1142 - Found 22 in link 3.SLDPRTold1-2
2025-09-20 21:11:24,956 INFO  ExportHelperExtension.cs: 1152 - Found 0 features of type [CoordSys] in link 3.SLDPRTold1-2
2025-09-20 21:11:24,956 INFO  ExportHelperExtension.cs: 1131 - Retrieving features of type [CoordSys] from Base (2)-1
2025-09-20 21:11:24,956 INFO  ExportHelperExtension.cs: 1142 - Found 20 in Base (2)-1
2025-09-20 21:11:24,972 INFO  ExportHelperExtension.cs: 1152 - Found 0 features of type [CoordSys] in Base (2)-1
2025-09-20 21:11:24,972 INFO  ExportHelperExtension.cs: 1131 - Retrieving features of type [CoordSys] from Servo 35 holder-2
2025-09-20 21:11:24,972 INFO  ExportHelperExtension.cs: 1142 - Found 20 in Servo 35 holder-2
2025-09-20 21:11:24,972 INFO  ExportHelperExtension.cs: 1152 - Found 0 features of type [CoordSys] in Servo 35 holder-2
2025-09-20 21:11:24,987 INFO  ExportHelperExtension.cs: 1131 - Retrieving features of type [CoordSys] from bearing axe-1
2025-09-20 21:11:24,987 INFO  ExportHelperExtension.cs: 1142 - Found 20 in bearing axe-1
2025-09-20 21:11:24,987 INFO  ExportHelperExtension.cs: 1152 - Found 0 features of type [CoordSys] in bearing axe-1
2025-09-20 21:11:24,987 INFO  ExportHelperExtension.cs: 1131 - Retrieving features of type [CoordSys] from Base servo Holder-1
2025-09-20 21:11:24,987 INFO  ExportHelperExtension.cs: 1142 - Found 20 in Base servo Holder-1
2025-09-20 21:11:25,003 INFO  ExportHelperExtension.cs: 1152 - Found 0 features of type [CoordSys] in Base servo Holder-1
2025-09-20 21:11:25,003 INFO  ExportHelperExtension.cs: 1131 - Retrieving features of type [CoordSys] from Servo 35 holder-1
2025-09-20 21:11:25,003 INFO  ExportHelperExtension.cs: 1142 - Found 20 in Servo 35 holder-1
2025-09-20 21:11:25,003 INFO  ExportHelperExtension.cs: 1152 - Found 0 features of type [CoordSys] in Servo 35 holder-1
2025-09-20 21:11:25,019 INFO  ExportHelperExtension.cs: 1131 - Retrieving features of type [CoordSys] from Servo 35KG-1
2025-09-20 21:11:25,019 INFO  ExportHelperExtension.cs: 1142 - Found 20 in Servo 35KG-1
2025-09-20 21:11:25,019 INFO  ExportHelperExtension.cs: 1152 - Found 0 features of type [CoordSys] in Servo 35KG-1
2025-09-20 21:11:25,019 INFO  ExportHelperExtension.cs: 1131 - Retrieving features of type [CoordSys] from bearing holder-1
2025-09-20 21:11:25,019 INFO  ExportHelperExtension.cs: 1142 - Found 20 in bearing holder-1
2025-09-20 21:11:25,034 INFO  ExportHelperExtension.cs: 1152 - Found 0 features of type [CoordSys] in bearing holder-1
2025-09-20 21:11:25,034 INFO  ExportHelperExtension.cs: 1131 - Retrieving features of type [CoordSys] from bearing holder-2
2025-09-20 21:11:25,034 INFO  ExportHelperExtension.cs: 1142 - Found 20 in bearing holder-2
2025-09-20 21:11:25,034 INFO  ExportHelperExtension.cs: 1152 - Found 0 features of type [CoordSys] in bearing holder-2
2025-09-20 21:11:25,050 INFO  ExportHelperExtension.cs: 1131 - Retrieving features of type [CoordSys] from bearing axe-2
2025-09-20 21:11:25,050 INFO  ExportHelperExtension.cs: 1142 - Found 20 in bearing axe-2
2025-09-20 21:11:25,050 INFO  ExportHelperExtension.cs: 1152 - Found 0 features of type [CoordSys] in bearing axe-2
2025-09-20 21:11:25,050 INFO  ExportHelperExtension.cs: 1131 - Retrieving features of type [CoordSys] from BEARING-2
2025-09-20 21:11:25,050 INFO  ExportHelperExtension.cs: 1142 - Found 28 in BEARING-2
2025-09-20 21:11:25,065 INFO  ExportHelperExtension.cs: 1152 - Found 0 features of type [CoordSys] in BEARING-2
2025-09-20 21:11:25,065 INFO  ExportHelperExtension.cs: 1131 - Retrieving features of type [CoordSys] from link1-1_1NEW-1
2025-09-20 21:11:25,065 INFO  ExportHelperExtension.cs: 1142 - Found 20 in link1-1_1NEW-1
2025-09-20 21:11:25,065 INFO  ExportHelperExtension.cs: 1152 - Found 0 features of type [CoordSys] in link1-1_1NEW-1
2025-09-20 21:11:25,065 INFO  ExportHelperExtension.cs: 1131 - Retrieving features of type [CoordSys] from Base servo Holder-3
2025-09-20 21:11:25,081 INFO  ExportHelperExtension.cs: 1142 - Found 20 in Base servo Holder-3
2025-09-20 21:11:25,081 INFO  ExportHelperExtension.cs: 1152 - Found 0 features of type [CoordSys] in Base servo Holder-3
2025-09-20 21:11:25,081 INFO  ExportHelperExtension.cs: 1131 - Retrieving features of type [CoordSys] from link 3.SLDPRTold1-1
2025-09-20 21:11:25,081 INFO  ExportHelperExtension.cs: 1142 - Found 22 in link 3.SLDPRTold1-1
2025-09-20 21:11:25,097 INFO  ExportHelperExtension.cs: 1152 - Found 0 features of type [CoordSys] in link 3.SLDPRTold1-1
2025-09-20 21:11:25,097 INFO  ExportHelperExtension.cs: 1131 - Retrieving features of type [CoordSys] from 35Kg_Servo horn-2
2025-09-20 21:11:25,097 INFO  ExportHelperExtension.cs: 1142 - Found 20 in 35Kg_Servo horn-2
2025-09-20 21:11:25,097 INFO  ExportHelperExtension.cs: 1152 - Found 0 features of type [CoordSys] in 35Kg_Servo horn-2
2025-09-20 21:11:25,097 INFO  ExportHelperExtension.cs: 1131 - Retrieving features of type [CoordSys] from link 3.SLDPRT3_1NEW-1
2025-09-20 21:11:25,112 INFO  ExportHelperExtension.cs: 1142 - Found 23 in link 3.SLDPRT3_1NEW-1
2025-09-20 21:11:25,112 INFO  ExportHelperExtension.cs: 1152 - Found 0 features of type [CoordSys] in link 3.SLDPRT3_1NEW-1
2025-09-20 21:11:25,112 INFO  ExportHelperExtension.cs: 1131 - Retrieving features of type [CoordSys] from Base Mount.ipt-1
2025-09-20 21:11:25,112 INFO  ExportHelperExtension.cs: 1142 - Found 22 in Base Mount.ipt-1
2025-09-20 21:11:25,128 INFO  ExportHelperExtension.cs: 1152 - Found 0 features of type [CoordSys] in Base Mount.ipt-1
2025-09-20 21:11:25,128 INFO  ExportHelperExtension.cs: 1131 - Retrieving features of type [CoordSys] from Part9^5-dof_robotic_arm_ver-2.1.1-1
2025-09-20 21:11:25,128 INFO  ExportHelperExtension.cs: 1142 - Found 23 in Part9^5-dof_robotic_arm_ver-2.1.1-1
2025-09-20 21:11:25,128 INFO  ExportHelperExtension.cs: 1152 - Found 0 features of type [CoordSys] in Part9^5-dof_robotic_arm_ver-2.1.1-1
2025-09-20 21:11:25,128 INFO  ExportHelperExtension.cs: 1131 - Retrieving features of type [CoordSys] from Part7^5-dof_robotic_arm_ver-2.1.1-1
2025-09-20 21:11:25,144 INFO  ExportHelperExtension.cs: 1142 - Found 23 in Part7^5-dof_robotic_arm_ver-2.1.1-1
2025-09-20 21:11:25,144 INFO  ExportHelperExtension.cs: 1152 - Found 0 features of type [CoordSys] in Part7^5-dof_robotic_arm_ver-2.1.1-1
2025-09-20 21:11:25,144 INFO  ExportHelperExtension.cs: 1131 - Retrieving features of type [CoordSys] from MirrorPart9^5-dof_robotic_arm_ver-2.1.1-2
2025-09-20 21:11:25,144 INFO  ExportHelperExtension.cs: 1142 - Found 28 in MirrorPart9^5-dof_robotic_arm_ver-2.1.1-2
2025-09-20 21:11:25,159 INFO  ExportHelperExtension.cs: 1152 - Found 0 features of type [CoordSys] in MirrorPart9^5-dof_robotic_arm_ver-2.1.1-2
2025-09-20 21:11:25,159 INFO  ExportHelperExtension.cs: 1131 - Retrieving features of type [CoordSys] from Part8^5-dof_robotic_arm_ver-2.1.1-1
2025-09-20 21:11:25,159 INFO  ExportHelperExtension.cs: 1142 - Found 23 in Part8^5-dof_robotic_arm_ver-2.1.1-1
2025-09-20 21:11:25,159 INFO  ExportHelperExtension.cs: 1152 - Found 0 features of type [CoordSys] in Part8^5-dof_robotic_arm_ver-2.1.1-1
2025-09-20 21:11:25,159 INFO  ExportHelperExtension.cs: 1131 - Retrieving features of type [CoordSys] from Part4^5-dof_robotic_arm_ver-2.1.1-1
2025-09-20 21:11:25,175 INFO  ExportHelperExtension.cs: 1142 - Found 19 in Part4^5-dof_robotic_arm_ver-2.1.1-1
2025-09-20 21:11:25,175 INFO  ExportHelperExtension.cs: 1152 - Found 0 features of type [CoordSys] in Part4^5-dof_robotic_arm_ver-2.1.1-1
2025-09-20 21:11:25,175 INFO  ExportHelperExtension.cs: 1131 - Retrieving features of type [CoordSys] from Part6^5-dof_robotic_arm_ver-2.1.1-2
2025-09-20 21:11:25,175 INFO  ExportHelperExtension.cs: 1142 - Found 23 in Part6^5-dof_robotic_arm_ver-2.1.1-2
2025-09-20 21:11:25,175 INFO  ExportHelperExtension.cs: 1152 - Found 0 features of type [CoordSys] in Part6^5-dof_robotic_arm_ver-2.1.1-2
2025-09-20 21:11:25,190 INFO  ExportHelperExtension.cs: 1131 - Retrieving features of type [CoordSys] from MirrorPart8^5-dof_robotic_arm_ver-2.1.1-5
2025-09-20 21:11:25,190 INFO  ExportHelperExtension.cs: 1142 - Found 28 in MirrorPart8^5-dof_robotic_arm_ver-2.1.1-5
2025-09-20 21:11:25,190 INFO  ExportHelperExtension.cs: 1152 - Found 0 features of type [CoordSys] in MirrorPart8^5-dof_robotic_arm_ver-2.1.1-5
2025-09-20 21:11:25,190 INFO  ExportHelperExtension.cs: 1131 - Retrieving features of type [CoordSys] from MirrorPart7^5-dof_robotic_arm_ver-2.1.1-3
2025-09-20 21:11:25,206 INFO  ExportHelperExtension.cs: 1142 - Found 28 in MirrorPart7^5-dof_robotic_arm_ver-2.1.1-3
2025-09-20 21:11:25,206 INFO  ExportHelperExtension.cs: 1152 - Found 0 features of type [CoordSys] in MirrorPart7^5-dof_robotic_arm_ver-2.1.1-3
2025-09-20 21:11:25,206 INFO  ExportHelperExtension.cs: 1131 - Retrieving features of type [CoordSys] from Part6^5-dof_robotic_arm_ver-2.1.1-1
2025-09-20 21:11:25,206 INFO  ExportHelperExtension.cs: 1142 - Found 23 in Part6^5-dof_robotic_arm_ver-2.1.1-1
2025-09-20 21:11:25,206 INFO  ExportHelperExtension.cs: 1152 - Found 0 features of type [CoordSys] in Part6^5-dof_robotic_arm_ver-2.1.1-1
2025-09-20 21:11:25,222 INFO  ExportHelperExtension.cs: 1131 - Retrieving features of type [CoordSys] from 35Kg_Servo horn-5
2025-09-20 21:11:25,222 INFO  ExportHelperExtension.cs: 1142 - Found 20 in 35Kg_Servo horn-5
2025-09-20 21:11:25,222 INFO  ExportHelperExtension.cs: 1152 - Found 0 features of type [CoordSys] in 35Kg_Servo horn-5
2025-09-20 21:11:25,222 INFO  ExportHelperExtension.cs: 1131 - Retrieving features of type [CoordSys] from Limit_Switch_L1-5
2025-09-20 21:11:25,222 INFO  ExportHelperExtension.cs: 1142 - Found 21 in Limit_Switch_L1-5
2025-09-20 21:11:25,237 INFO  ExportHelperExtension.cs: 1152 - Found 0 features of type [CoordSys] in Limit_Switch_L1-5
2025-09-20 21:11:25,237 INFO  ExportHelperExtension.cs: 1131 - Retrieving features of type [CoordSys] from Limit_Switch_L1-6
2025-09-20 21:11:25,237 INFO  ExportHelperExtension.cs: 1142 - Found 21 in Limit_Switch_L1-6
2025-09-20 21:11:25,237 INFO  ExportHelperExtension.cs: 1152 - Found 0 features of type [CoordSys] in Limit_Switch_L1-6
2025-09-20 21:11:25,237 INFO  ExportHelperExtension.cs: 1131 - Retrieving features of type [CoordSys] from Limit_Switch_L1-9
2025-09-20 21:11:25,253 INFO  ExportHelperExtension.cs: 1142 - Found 21 in Limit_Switch_L1-9
2025-09-20 21:11:25,253 INFO  ExportHelperExtension.cs: 1152 - Found 0 features of type [CoordSys] in Limit_Switch_L1-9
2025-09-20 21:11:25,253 INFO  ExportHelperExtension.cs: 1131 - Retrieving features of type [CoordSys] from Part3^5-dof_robotic_arm_ver-2.1.1-1
2025-09-20 21:11:25,253 INFO  ExportHelperExtension.cs: 1142 - Found 19 in Part3^5-dof_robotic_arm_ver-2.1.1-1
2025-09-20 21:11:25,253 INFO  ExportHelperExtension.cs: 1152 - Found 0 features of type [CoordSys] in Part3^5-dof_robotic_arm_ver-2.1.1-1
2025-09-20 21:11:25,269 INFO  ExportHelperExtension.cs: 1131 - Retrieving features of type [CoordSys] from sevor holder mine -1
2025-09-20 21:11:25,269 INFO  ExportHelperExtension.cs: 1142 - Found 21 in sevor holder mine -1
2025-09-20 21:11:25,269 INFO  ExportHelperExtension.cs: 1152 - Found 0 features of type [CoordSys] in sevor holder mine -1
2025-09-20 21:11:25,269 INFO  ExportHelperExtension.cs: 1131 - Retrieving features of type [CoordSys] from 35Kg_Servo horn-6
2025-09-20 21:11:25,284 INFO  ExportHelperExtension.cs: 1142 - Found 20 in 35Kg_Servo horn-6
2025-09-20 21:11:25,284 INFO  ExportHelperExtension.cs: 1152 - Found 0 features of type [CoordSys] in 35Kg_Servo horn-6
2025-09-20 21:11:25,284 INFO  ExportHelperExtension.cs: 1131 - Retrieving features of type [CoordSys] from Arduino Mega ATmega 2560-1
2025-09-20 21:11:25,315 INFO  ExportHelperExtension.cs: 1142 - Found 1190 in Arduino Mega ATmega 2560-1
2025-09-20 21:11:25,378 INFO  ExportHelperExtension.cs: 1152 - Found 0 features of type [CoordSys] in Arduino Mega ATmega 2560-1
2025-09-20 21:11:25,378 INFO  ExportHelperExtension.cs: 1131 - Retrieving features of type [CoordSys] from Limit_Switch_L1-1
2025-09-20 21:11:25,378 INFO  ExportHelperExtension.cs: 1142 - Found 21 in Limit_Switch_L1-1
2025-09-20 21:11:25,378 INFO  ExportHelperExtension.cs: 1152 - Found 0 features of type [CoordSys] in Limit_Switch_L1-1
2025-09-20 21:11:25,394 INFO  ExportHelperExtension.cs: 1131 - Retrieving features of type [CoordSys] from Limit_Switch_L1-8
2025-09-20 21:11:25,394 INFO  ExportHelperExtension.cs: 1142 - Found 21 in Limit_Switch_L1-8
2025-09-20 21:11:25,394 INFO  ExportHelperExtension.cs: 1152 - Found 0 features of type [CoordSys] in Limit_Switch_L1-8
2025-09-20 21:11:25,394 INFO  ExportHelperExtension.cs: 1131 - Retrieving features of type [CoordSys] from Assem14-1
2025-09-20 21:11:25,394 INFO  ExportHelperExtension.cs: 1142 - Found 34 in Assem14-1
2025-09-20 21:11:25,409 INFO  ExportHelperExtension.cs: 1152 - Found 0 features of type [CoordSys] in Assem14-1
2025-09-20 21:11:25,409 INFO  ExportHelperExtension.cs: 1131 - Retrieving features of type [CoordSys] from Part11^5-dof_robotic_arm_ver-2.1.1-1
2025-09-20 21:11:25,409 INFO  ExportHelperExtension.cs: 1142 - Found 31 in Part11^5-dof_robotic_arm_ver-2.1.1-1
2025-09-20 21:11:25,409 INFO  ExportHelperExtension.cs: 1152 - Found 0 features of type [CoordSys] in Part11^5-dof_robotic_arm_ver-2.1.1-1
2025-09-20 21:11:25,409 INFO  ExportHelperExtension.cs: 1131 - Retrieving features of type [CoordSys] from Limit_Switch_L1-7
2025-09-20 21:11:25,425 INFO  ExportHelperExtension.cs: 1142 - Found 21 in Limit_Switch_L1-7
2025-09-20 21:11:25,425 INFO  ExportHelperExtension.cs: 1152 - Found 0 features of type [CoordSys] in Limit_Switch_L1-7
2025-09-20 21:11:25,425 INFO  ExportHelperExtension.cs: 1131 - Retrieving features of type [CoordSys] from LCD_MSP2807_fusion-1
2025-09-20 21:11:25,440 INFO  ExportHelperExtension.cs: 1142 - Found 319 in LCD_MSP2807_fusion-1
2025-09-20 21:11:25,456 INFO  ExportHelperExtension.cs: 1152 - Found 0 features of type [CoordSys] in LCD_MSP2807_fusion-1
2025-09-20 21:11:25,456 INFO  ExportHelperExtension.cs: 1131 - Retrieving features of type [CoordSys] from IRsensors-1
2025-09-20 21:11:25,456 INFO  ExportHelperExtension.cs: 1142 - Found 80 in IRsensors-1
2025-09-20 21:11:25,472 INFO  ExportHelperExtension.cs: 1152 - Found 0 features of type [CoordSys] in IRsensors-1
2025-09-20 21:11:25,472 INFO  ExportHelperExtension.cs: 1131 - Retrieving features of type [CoordSys] from Limit_Switch_L1-3
2025-09-20 21:11:25,472 INFO  ExportHelperExtension.cs: 1142 - Found 21 in Limit_Switch_L1-3
2025-09-20 21:11:25,472 INFO  ExportHelperExtension.cs: 1152 - Found 0 features of type [CoordSys] in Limit_Switch_L1-3
2025-09-20 21:11:25,487 INFO  ExportHelperExtension.cs: 1131 - Retrieving features of type [CoordSys] from Assem3-1
2025-09-20 21:11:25,487 INFO  ExportHelperExtension.cs: 1142 - Found 19 in Assem3-1
2025-09-20 21:11:25,487 INFO  ExportHelperExtension.cs: 1152 - Found 0 features of type [CoordSys] in Assem3-1
2025-09-20 21:11:25,487 INFO  ExportHelperExtension.cs: 1131 - Retrieving features of type [CoordSys] from lik2_2-1
2025-09-20 21:11:25,487 INFO  ExportHelperExtension.cs: 1142 - Found 21 in lik2_2-1
2025-09-20 21:11:25,503 INFO  ExportHelperExtension.cs: 1152 - Found 0 features of type [CoordSys] in lik2_2-1
2025-09-20 21:11:25,503 INFO  ExportHelperExtension.cs: 1131 - Retrieving features of type [CoordSys] from GRIPPER HOLDER  -1
2025-09-20 21:11:25,503 INFO  ExportHelperExtension.cs: 1142 - Found 23 in GRIPPER HOLDER  -1
2025-09-20 21:11:25,534 INFO  ExportHelperExtension.cs: 1152 - Found 0 features of type [CoordSys] in GRIPPER HOLDER  -1
2025-09-20 21:11:25,534 INFO  ExportHelperExtension.cs: 1131 - Retrieving features of type [CoordSys] from Servo 35KG-2
2025-09-20 21:11:27,316 INFO  ExportHelperExtension.cs: 1142 - Found 20 in Servo 35KG-2
2025-09-20 21:11:27,316 INFO  ExportHelperExtension.cs: 1152 - Found 0 features of type [CoordSys] in Servo 35KG-2
2025-09-20 21:11:27,316 INFO  ExportHelperExtension.cs: 1131 - Retrieving features of type [CoordSys] from Part2^5-dof_robotic_arm_ver-2.1.1-1
2025-09-20 21:11:27,316 INFO  ExportHelperExtension.cs: 1142 - Found 23 in Part2^5-dof_robotic_arm_ver-2.1.1-1
2025-09-20 21:11:27,331 INFO  ExportHelperExtension.cs: 1152 - Found 0 features of type [CoordSys] in Part2^5-dof_robotic_arm_ver-2.1.1-1
2025-09-20 21:11:27,331 INFO  ExportHelperExtension.cs: 1131 - Retrieving features of type [CoordSys] from Servo 10-1
2025-09-20 21:11:27,331 INFO  ExportHelperExtension.cs: 1142 - Found 20 in Servo 10-1
2025-09-20 21:11:27,331 INFO  ExportHelperExtension.cs: 1152 - Found 0 features of type [CoordSys] in Servo 10-1
2025-09-20 21:11:27,331 INFO  ExportHelperExtension.cs: 1131 - Retrieving features of type [CoordSys] from Part1-1
2025-09-20 21:11:27,347 INFO  ExportHelperExtension.cs: 1142 - Found 19 in Part1-1
2025-09-20 21:11:27,347 INFO  ExportHelperExtension.cs: 1152 - Found 0 features of type [CoordSys] in Part1-1
2025-09-20 21:11:27,347 INFO  ExportHelperExtension.cs: 1131 - Retrieving features of type [CoordSys] from link4new-1
2025-09-20 21:11:27,347 INFO  ExportHelperExtension.cs: 1142 - Found 25 in link4new-1
2025-09-20 21:11:27,362 INFO  ExportHelperExtension.cs: 1152 - Found 0 features of type [CoordSys] in link4new-1
2025-09-20 21:11:27,362 INFO  ExportHelperExtension.cs: 1131 - Retrieving features of type [CoordSys] from Servo 10-2
2025-09-20 21:11:27,362 INFO  ExportHelperExtension.cs: 1142 - Found 20 in Servo 10-2
2025-09-20 21:11:27,362 INFO  ExportHelperExtension.cs: 1152 - Found 0 features of type [CoordSys] in Servo 10-2
2025-09-20 21:11:27,362 INFO  ExportHelperExtension.cs: 1131 - Retrieving features of type [CoordSys] from Limit_Switch_L1-4
2025-09-20 21:11:27,378 INFO  ExportHelperExtension.cs: 1142 - Found 21 in Limit_Switch_L1-4
2025-09-20 21:11:27,394 INFO  ExportHelperExtension.cs: 1152 - Found 0 features of type [CoordSys] in Limit_Switch_L1-4
2025-09-20 21:11:27,394 INFO  ExportHelperExtension.cs: 1131 - Retrieving features of type [CoordSys] from GC24010_008-1
2025-09-20 21:11:27,394 INFO  ExportHelperExtension.cs: 1142 - Found 18 in GC24010_008-1
2025-09-20 21:11:27,394 INFO  ExportHelperExtension.cs: 1152 - Found 0 features of type [CoordSys] in GC24010_008-1
2025-09-20 21:11:27,581 INFO  ExportHelperExtension.cs: 1131 - Retrieving features of type [RefAxis] from 5-dof_robotic_arm_ver-2.1.1.SLDASM
2025-09-20 21:11:27,581 INFO  ExportHelperExtension.cs: 1142 - Found 271 in 5-dof_robotic_arm_ver-2.1.1.SLDASM
2025-09-20 21:11:27,597 INFO  ExportHelperExtension.cs: 1152 - Found 7 features of type [RefAxis] in 5-dof_robotic_arm_ver-2.1.1.SLDASM
2025-09-20 21:11:27,597 INFO  ExportHelperExtension.cs: 1155 - Proceeding through assembly components
2025-09-20 21:11:27,597 INFO  ExportHelperExtension.cs: 1167 - 60 components to check
2025-09-20 21:11:27,597 INFO  ExportHelperExtension.cs: 1131 - Retrieving features of type [RefAxis] from 35Kg_Servo horn-3
2025-09-20 21:11:27,612 INFO  ExportHelperExtension.cs: 1142 - Found 20 in 35Kg_Servo horn-3
2025-09-20 21:11:27,612 INFO  ExportHelperExtension.cs: 1152 - Found 0 features of type [RefAxis] in 35Kg_Servo horn-3
2025-09-20 21:11:27,612 INFO  ExportHelperExtension.cs: 1131 - Retrieving features of type [RefAxis] from 35Kg_Servo horn-4
2025-09-20 21:11:27,612 INFO  ExportHelperExtension.cs: 1142 - Found 20 in 35Kg_Servo horn-4
2025-09-20 21:11:27,612 INFO  ExportHelperExtension.cs: 1152 - Found 0 features of type [RefAxis] in 35Kg_Servo horn-4
2025-09-20 21:11:27,628 INFO  ExportHelperExtension.cs: 1131 - Retrieving features of type [RefAxis] from Bass servo link3new-1
2025-09-20 21:11:27,628 INFO  ExportHelperExtension.cs: 1142 - Found 20 in Bass servo link3new-1
2025-09-20 21:11:27,644 INFO  ExportHelperExtension.cs: 1152 - Found 0 features of type [RefAxis] in Bass servo link3new-1
2025-09-20 21:11:27,659 INFO  ExportHelperExtension.cs: 1131 - Retrieving features of type [RefAxis] from Servo20NEW-1
2025-09-20 21:11:27,675 INFO  ExportHelperExtension.cs: 1142 - Found 20 in Servo20NEW-1
2025-09-20 21:11:27,675 INFO  ExportHelperExtension.cs: 1152 - Found 0 features of type [RefAxis] in Servo20NEW-1
2025-09-20 21:11:27,675 INFO  ExportHelperExtension.cs: 1131 - Retrieving features of type [RefAxis] from link 3.SLDPRT3_1-1
2025-09-20 21:11:27,675 INFO  ExportHelperExtension.cs: 1142 - Found 22 in link 3.SLDPRT3_1-1
2025-09-20 21:11:27,675 INFO  ExportHelperExtension.cs: 1152 - Found 0 features of type [RefAxis] in link 3.SLDPRT3_1-1
2025-09-20 21:11:27,675 INFO  ExportHelperExtension.cs: 1131 - Retrieving features of type [RefAxis] from Servo20NEW-2
2025-09-20 21:11:27,691 INFO  ExportHelperExtension.cs: 1142 - Found 20 in Servo20NEW-2
2025-09-20 21:11:27,691 INFO  ExportHelperExtension.cs: 1152 - Found 0 features of type [RefAxis] in Servo20NEW-2
2025-09-20 21:11:27,691 INFO  ExportHelperExtension.cs: 1131 - Retrieving features of type [RefAxis] from BEARING-1
2025-09-20 21:11:27,691 INFO  ExportHelperExtension.cs: 1142 - Found 28 in BEARING-1
2025-09-20 21:11:27,691 INFO  ExportHelperExtension.cs: 1152 - Found 0 features of type [RefAxis] in BEARING-1
2025-09-20 21:11:27,706 INFO  ExportHelperExtension.cs: 1131 - Retrieving features of type [RefAxis] from link 3.SLDPRTold1-2
2025-09-20 21:11:27,706 INFO  ExportHelperExtension.cs: 1142 - Found 22 in link 3.SLDPRTold1-2
2025-09-20 21:11:27,706 INFO  ExportHelperExtension.cs: 1152 - Found 0 features of type [RefAxis] in link 3.SLDPRTold1-2
2025-09-20 21:11:27,706 INFO  ExportHelperExtension.cs: 1131 - Retrieving features of type [RefAxis] from Base (2)-1
2025-09-20 21:11:27,706 INFO  ExportHelperExtension.cs: 1142 - Found 20 in Base (2)-1
2025-09-20 21:11:27,706 INFO  ExportHelperExtension.cs: 1152 - Found 0 features of type [RefAxis] in Base (2)-1
2025-09-20 21:11:27,706 INFO  ExportHelperExtension.cs: 1131 - Retrieving features of type [RefAxis] from Servo 35 holder-2
2025-09-20 21:11:27,722 INFO  ExportHelperExtension.cs: 1142 - Found 20 in Servo 35 holder-2
2025-09-20 21:11:27,722 INFO  ExportHelperExtension.cs: 1152 - Found 0 features of type [RefAxis] in Servo 35 holder-2
2025-09-20 21:11:27,722 INFO  ExportHelperExtension.cs: 1131 - Retrieving features of type [RefAxis] from bearing axe-1
2025-09-20 21:11:27,722 INFO  ExportHelperExtension.cs: 1142 - Found 20 in bearing axe-1
2025-09-20 21:11:27,722 INFO  ExportHelperExtension.cs: 1152 - Found 0 features of type [RefAxis] in bearing axe-1
2025-09-20 21:11:27,737 INFO  ExportHelperExtension.cs: 1131 - Retrieving features of type [RefAxis] from Base servo Holder-1
2025-09-20 21:11:27,737 INFO  ExportHelperExtension.cs: 1142 - Found 20 in Base servo Holder-1
2025-09-20 21:11:27,737 INFO  ExportHelperExtension.cs: 1152 - Found 0 features of type [RefAxis] in Base servo Holder-1
2025-09-20 21:11:27,737 INFO  ExportHelperExtension.cs: 1131 - Retrieving features of type [RefAxis] from Servo 35 holder-1
2025-09-20 21:11:27,737 INFO  ExportHelperExtension.cs: 1142 - Found 20 in Servo 35 holder-1
2025-09-20 21:11:27,737 INFO  ExportHelperExtension.cs: 1152 - Found 0 features of type [RefAxis] in Servo 35 holder-1
2025-09-20 21:11:27,753 INFO  ExportHelperExtension.cs: 1131 - Retrieving features of type [RefAxis] from Servo 35KG-1
2025-09-20 21:11:27,753 INFO  ExportHelperExtension.cs: 1142 - Found 20 in Servo 35KG-1
2025-09-20 21:11:27,753 INFO  ExportHelperExtension.cs: 1152 - Found 0 features of type [RefAxis] in Servo 35KG-1
2025-09-20 21:11:27,753 INFO  ExportHelperExtension.cs: 1131 - Retrieving features of type [RefAxis] from bearing holder-1
2025-09-20 21:11:27,753 INFO  ExportHelperExtension.cs: 1142 - Found 20 in bearing holder-1
2025-09-20 21:11:27,769 INFO  ExportHelperExtension.cs: 1152 - Found 0 features of type [RefAxis] in bearing holder-1
2025-09-20 21:11:27,769 INFO  ExportHelperExtension.cs: 1131 - Retrieving features of type [RefAxis] from bearing holder-2
2025-09-20 21:11:27,769 INFO  ExportHelperExtension.cs: 1142 - Found 20 in bearing holder-2
2025-09-20 21:11:27,769 INFO  ExportHelperExtension.cs: 1152 - Found 0 features of type [RefAxis] in bearing holder-2
2025-09-20 21:11:27,769 INFO  ExportHelperExtension.cs: 1131 - Retrieving features of type [RefAxis] from bearing axe-2
2025-09-20 21:11:27,769 INFO  ExportHelperExtension.cs: 1142 - Found 20 in bearing axe-2
2025-09-20 21:11:27,784 INFO  ExportHelperExtension.cs: 1152 - Found 0 features of type [RefAxis] in bearing axe-2
2025-09-20 21:11:27,784 INFO  ExportHelperExtension.cs: 1131 - Retrieving features of type [RefAxis] from BEARING-2
2025-09-20 21:11:27,784 INFO  ExportHelperExtension.cs: 1142 - Found 28 in BEARING-2
2025-09-20 21:11:27,784 INFO  ExportHelperExtension.cs: 1152 - Found 0 features of type [RefAxis] in BEARING-2
2025-09-20 21:11:27,784 INFO  ExportHelperExtension.cs: 1131 - Retrieving features of type [RefAxis] from link1-1_1NEW-1
2025-09-20 21:11:27,800 INFO  ExportHelperExtension.cs: 1142 - Found 20 in link1-1_1NEW-1
2025-09-20 21:11:27,800 INFO  ExportHelperExtension.cs: 1152 - Found 0 features of type [RefAxis] in link1-1_1NEW-1
2025-09-20 21:11:27,800 INFO  ExportHelperExtension.cs: 1131 - Retrieving features of type [RefAxis] from Base servo Holder-3
2025-09-20 21:11:27,800 INFO  ExportHelperExtension.cs: 1142 - Found 20 in Base servo Holder-3
2025-09-20 21:11:27,800 INFO  ExportHelperExtension.cs: 1152 - Found 0 features of type [RefAxis] in Base servo Holder-3
2025-09-20 21:11:27,816 INFO  ExportHelperExtension.cs: 1131 - Retrieving features of type [RefAxis] from link 3.SLDPRTold1-1
2025-09-20 21:11:27,816 INFO  ExportHelperExtension.cs: 1142 - Found 22 in link 3.SLDPRTold1-1
2025-09-20 21:11:27,816 INFO  ExportHelperExtension.cs: 1152 - Found 0 features of type [RefAxis] in link 3.SLDPRTold1-1
2025-09-20 21:11:27,816 INFO  ExportHelperExtension.cs: 1131 - Retrieving features of type [RefAxis] from 35Kg_Servo horn-2
2025-09-20 21:11:27,816 INFO  ExportHelperExtension.cs: 1142 - Found 20 in 35Kg_Servo horn-2
2025-09-20 21:11:27,816 INFO  ExportHelperExtension.cs: 1152 - Found 0 features of type [RefAxis] in 35Kg_Servo horn-2
2025-09-20 21:11:27,816 INFO  ExportHelperExtension.cs: 1131 - Retrieving features of type [RefAxis] from link 3.SLDPRT3_1NEW-1
2025-09-20 21:11:27,831 INFO  ExportHelperExtension.cs: 1142 - Found 23 in link 3.SLDPRT3_1NEW-1
2025-09-20 21:11:27,831 INFO  ExportHelperExtension.cs: 1152 - Found 0 features of type [RefAxis] in link 3.SLDPRT3_1NEW-1
2025-09-20 21:11:27,831 INFO  ExportHelperExtension.cs: 1131 - Retrieving features of type [RefAxis] from Base Mount.ipt-1
2025-09-20 21:11:27,831 INFO  ExportHelperExtension.cs: 1142 - Found 22 in Base Mount.ipt-1
2025-09-20 21:11:27,831 INFO  ExportHelperExtension.cs: 1152 - Found 0 features of type [RefAxis] in Base Mount.ipt-1
2025-09-20 21:11:27,831 INFO  ExportHelperExtension.cs: 1131 - Retrieving features of type [RefAxis] from Part9^5-dof_robotic_arm_ver-2.1.1-1
2025-09-20 21:11:27,847 INFO  ExportHelperExtension.cs: 1142 - Found 23 in Part9^5-dof_robotic_arm_ver-2.1.1-1
2025-09-20 21:11:27,847 INFO  ExportHelperExtension.cs: 1152 - Found 0 features of type [RefAxis] in Part9^5-dof_robotic_arm_ver-2.1.1-1
2025-09-20 21:11:27,847 INFO  ExportHelperExtension.cs: 1131 - Retrieving features of type [RefAxis] from Part7^5-dof_robotic_arm_ver-2.1.1-1
2025-09-20 21:11:27,847 INFO  ExportHelperExtension.cs: 1142 - Found 23 in Part7^5-dof_robotic_arm_ver-2.1.1-1
2025-09-20 21:11:27,862 INFO  ExportHelperExtension.cs: 1152 - Found 0 features of type [RefAxis] in Part7^5-dof_robotic_arm_ver-2.1.1-1
2025-09-20 21:11:27,862 INFO  ExportHelperExtension.cs: 1131 - Retrieving features of type [RefAxis] from MirrorPart9^5-dof_robotic_arm_ver-2.1.1-2
2025-09-20 21:11:27,862 INFO  ExportHelperExtension.cs: 1142 - Found 28 in MirrorPart9^5-dof_robotic_arm_ver-2.1.1-2
2025-09-20 21:11:27,862 INFO  ExportHelperExtension.cs: 1152 - Found 0 features of type [RefAxis] in MirrorPart9^5-dof_robotic_arm_ver-2.1.1-2
2025-09-20 21:11:27,862 INFO  ExportHelperExtension.cs: 1131 - Retrieving features of type [RefAxis] from Part8^5-dof_robotic_arm_ver-2.1.1-1
2025-09-20 21:11:27,878 INFO  ExportHelperExtension.cs: 1142 - Found 23 in Part8^5-dof_robotic_arm_ver-2.1.1-1
2025-09-20 21:11:27,878 INFO  ExportHelperExtension.cs: 1152 - Found 0 features of type [RefAxis] in Part8^5-dof_robotic_arm_ver-2.1.1-1
2025-09-20 21:11:27,878 INFO  ExportHelperExtension.cs: 1131 - Retrieving features of type [RefAxis] from Part4^5-dof_robotic_arm_ver-2.1.1-1
2025-09-20 21:11:27,878 INFO  ExportHelperExtension.cs: 1142 - Found 19 in Part4^5-dof_robotic_arm_ver-2.1.1-1
2025-09-20 21:11:27,878 INFO  ExportHelperExtension.cs: 1152 - Found 0 features of type [RefAxis] in Part4^5-dof_robotic_arm_ver-2.1.1-1
2025-09-20 21:11:27,878 INFO  ExportHelperExtension.cs: 1131 - Retrieving features of type [RefAxis] from Part6^5-dof_robotic_arm_ver-2.1.1-2
2025-09-20 21:11:27,894 INFO  ExportHelperExtension.cs: 1142 - Found 23 in Part6^5-dof_robotic_arm_ver-2.1.1-2
2025-09-20 21:11:27,894 INFO  ExportHelperExtension.cs: 1152 - Found 0 features of type [RefAxis] in Part6^5-dof_robotic_arm_ver-2.1.1-2
2025-09-20 21:11:27,894 INFO  ExportHelperExtension.cs: 1131 - Retrieving features of type [RefAxis] from MirrorPart8^5-dof_robotic_arm_ver-2.1.1-5
2025-09-20 21:11:27,894 INFO  ExportHelperExtension.cs: 1142 - Found 28 in MirrorPart8^5-dof_robotic_arm_ver-2.1.1-5
2025-09-20 21:11:27,894 INFO  ExportHelperExtension.cs: 1152 - Found 0 features of type [RefAxis] in MirrorPart8^5-dof_robotic_arm_ver-2.1.1-5
2025-09-20 21:11:27,894 INFO  ExportHelperExtension.cs: 1131 - Retrieving features of type [RefAxis] from MirrorPart7^5-dof_robotic_arm_ver-2.1.1-3
2025-09-20 21:11:27,909 INFO  ExportHelperExtension.cs: 1142 - Found 28 in MirrorPart7^5-dof_robotic_arm_ver-2.1.1-3
2025-09-20 21:11:27,909 INFO  ExportHelperExtension.cs: 1152 - Found 0 features of type [RefAxis] in MirrorPart7^5-dof_robotic_arm_ver-2.1.1-3
2025-09-20 21:11:27,909 INFO  ExportHelperExtension.cs: 1131 - Retrieving features of type [RefAxis] from Part6^5-dof_robotic_arm_ver-2.1.1-1
2025-09-20 21:11:27,909 INFO  ExportHelperExtension.cs: 1142 - Found 23 in Part6^5-dof_robotic_arm_ver-2.1.1-1
2025-09-20 21:11:27,909 INFO  ExportHelperExtension.cs: 1152 - Found 0 features of type [RefAxis] in Part6^5-dof_robotic_arm_ver-2.1.1-1
2025-09-20 21:11:27,909 INFO  ExportHelperExtension.cs: 1131 - Retrieving features of type [RefAxis] from 35Kg_Servo horn-5
2025-09-20 21:11:27,925 INFO  ExportHelperExtension.cs: 1142 - Found 20 in 35Kg_Servo horn-5
2025-09-20 21:11:27,925 INFO  ExportHelperExtension.cs: 1152 - Found 0 features of type [RefAxis] in 35Kg_Servo horn-5
2025-09-20 21:11:27,925 INFO  ExportHelperExtension.cs: 1131 - Retrieving features of type [RefAxis] from Limit_Switch_L1-5
2025-09-20 21:11:27,925 INFO  ExportHelperExtension.cs: 1142 - Found 21 in Limit_Switch_L1-5
2025-09-20 21:11:27,925 INFO  ExportHelperExtension.cs: 1152 - Found 0 features of type [RefAxis] in Limit_Switch_L1-5
2025-09-20 21:11:27,941 INFO  ExportHelperExtension.cs: 1131 - Retrieving features of type [RefAxis] from Limit_Switch_L1-6
2025-09-20 21:11:27,941 INFO  ExportHelperExtension.cs: 1142 - Found 21 in Limit_Switch_L1-6
2025-09-20 21:11:27,941 INFO  ExportHelperExtension.cs: 1152 - Found 0 features of type [RefAxis] in Limit_Switch_L1-6
2025-09-20 21:11:27,941 INFO  ExportHelperExtension.cs: 1131 - Retrieving features of type [RefAxis] from Limit_Switch_L1-9
2025-09-20 21:11:27,941 INFO  ExportHelperExtension.cs: 1142 - Found 21 in Limit_Switch_L1-9
2025-09-20 21:11:27,941 INFO  ExportHelperExtension.cs: 1152 - Found 0 features of type [RefAxis] in Limit_Switch_L1-9
2025-09-20 21:11:27,956 INFO  ExportHelperExtension.cs: 1131 - Retrieving features of type [RefAxis] from Part3^5-dof_robotic_arm_ver-2.1.1-1
2025-09-20 21:11:27,956 INFO  ExportHelperExtension.cs: 1142 - Found 19 in Part3^5-dof_robotic_arm_ver-2.1.1-1
2025-09-20 21:11:27,956 INFO  ExportHelperExtension.cs: 1152 - Found 0 features of type [RefAxis] in Part3^5-dof_robotic_arm_ver-2.1.1-1
2025-09-20 21:11:27,956 INFO  ExportHelperExtension.cs: 1131 - Retrieving features of type [RefAxis] from sevor holder mine -1
2025-09-20 21:11:27,956 INFO  ExportHelperExtension.cs: 1142 - Found 21 in sevor holder mine -1
2025-09-20 21:11:27,972 INFO  ExportHelperExtension.cs: 1152 - Found 0 features of type [RefAxis] in sevor holder mine -1
2025-09-20 21:11:27,972 INFO  ExportHelperExtension.cs: 1131 - Retrieving features of type [RefAxis] from 35Kg_Servo horn-6
2025-09-20 21:11:27,972 INFO  ExportHelperExtension.cs: 1142 - Found 20 in 35Kg_Servo horn-6
2025-09-20 21:11:27,972 INFO  ExportHelperExtension.cs: 1152 - Found 0 features of type [RefAxis] in 35Kg_Servo horn-6
2025-09-20 21:11:27,972 INFO  ExportHelperExtension.cs: 1131 - Retrieving features of type [RefAxis] from Arduino Mega ATmega 2560-1
2025-09-20 21:11:28,003 INFO  ExportHelperExtension.cs: 1142 - Found 1190 in Arduino Mega ATmega 2560-1
2025-09-20 21:11:28,050 INFO  ExportHelperExtension.cs: 1152 - Found 0 features of type [RefAxis] in Arduino Mega ATmega 2560-1
2025-09-20 21:11:28,066 INFO  ExportHelperExtension.cs: 1131 - Retrieving features of type [RefAxis] from Limit_Switch_L1-1
2025-09-20 21:11:28,066 INFO  ExportHelperExtension.cs: 1142 - Found 21 in Limit_Switch_L1-1
2025-09-20 21:11:28,066 INFO  ExportHelperExtension.cs: 1152 - Found 0 features of type [RefAxis] in Limit_Switch_L1-1
2025-09-20 21:11:28,066 INFO  ExportHelperExtension.cs: 1131 - Retrieving features of type [RefAxis] from Limit_Switch_L1-8
2025-09-20 21:11:28,066 INFO  ExportHelperExtension.cs: 1142 - Found 21 in Limit_Switch_L1-8
2025-09-20 21:11:28,081 INFO  ExportHelperExtension.cs: 1152 - Found 0 features of type [RefAxis] in Limit_Switch_L1-8
2025-09-20 21:11:28,081 INFO  ExportHelperExtension.cs: 1131 - Retrieving features of type [RefAxis] from Assem14-1
2025-09-20 21:11:28,081 INFO  ExportHelperExtension.cs: 1142 - Found 34 in Assem14-1
2025-09-20 21:11:28,081 INFO  ExportHelperExtension.cs: 1152 - Found 0 features of type [RefAxis] in Assem14-1
2025-09-20 21:11:28,097 INFO  ExportHelperExtension.cs: 1131 - Retrieving features of type [RefAxis] from Part11^5-dof_robotic_arm_ver-2.1.1-1
2025-09-20 21:11:28,097 INFO  ExportHelperExtension.cs: 1142 - Found 31 in Part11^5-dof_robotic_arm_ver-2.1.1-1
2025-09-20 21:11:28,097 INFO  ExportHelperExtension.cs: 1152 - Found 0 features of type [RefAxis] in Part11^5-dof_robotic_arm_ver-2.1.1-1
2025-09-20 21:11:28,097 INFO  ExportHelperExtension.cs: 1131 - Retrieving features of type [RefAxis] from Limit_Switch_L1-7
2025-09-20 21:11:28,097 INFO  ExportHelperExtension.cs: 1142 - Found 21 in Limit_Switch_L1-7
2025-09-20 21:11:28,112 INFO  ExportHelperExtension.cs: 1152 - Found 0 features of type [RefAxis] in Limit_Switch_L1-7
2025-09-20 21:11:28,112 INFO  ExportHelperExtension.cs: 1131 - Retrieving features of type [RefAxis] from LCD_MSP2807_fusion-1
2025-09-20 21:11:28,112 INFO  ExportHelperExtension.cs: 1142 - Found 319 in LCD_MSP2807_fusion-1
2025-09-20 21:11:28,128 INFO  ExportHelperExtension.cs: 1152 - Found 0 features of type [RefAxis] in LCD_MSP2807_fusion-1
2025-09-20 21:11:28,128 INFO  ExportHelperExtension.cs: 1131 - Retrieving features of type [RefAxis] from IRsensors-1
2025-09-20 21:11:28,128 INFO  ExportHelperExtension.cs: 1142 - Found 80 in IRsensors-1
2025-09-20 21:11:28,128 INFO  ExportHelperExtension.cs: 1152 - Found 0 features of type [RefAxis] in IRsensors-1
2025-09-20 21:11:28,128 INFO  ExportHelperExtension.cs: 1131 - Retrieving features of type [RefAxis] from Limit_Switch_L1-3
2025-09-20 21:11:28,144 INFO  ExportHelperExtension.cs: 1142 - Found 21 in Limit_Switch_L1-3
2025-09-20 21:11:28,144 INFO  ExportHelperExtension.cs: 1152 - Found 0 features of type [RefAxis] in Limit_Switch_L1-3
2025-09-20 21:11:28,144 INFO  ExportHelperExtension.cs: 1131 - Retrieving features of type [RefAxis] from Assem3-1
2025-09-20 21:11:28,144 INFO  ExportHelperExtension.cs: 1142 - Found 19 in Assem3-1
2025-09-20 21:11:28,159 INFO  ExportHelperExtension.cs: 1152 - Found 0 features of type [RefAxis] in Assem3-1
2025-09-20 21:11:28,159 INFO  ExportHelperExtension.cs: 1131 - Retrieving features of type [RefAxis] from lik2_2-1
2025-09-20 21:11:28,159 INFO  ExportHelperExtension.cs: 1142 - Found 21 in lik2_2-1
2025-09-20 21:11:28,159 INFO  ExportHelperExtension.cs: 1152 - Found 0 features of type [RefAxis] in lik2_2-1
2025-09-20 21:11:28,159 INFO  ExportHelperExtension.cs: 1131 - Retrieving features of type [RefAxis] from GRIPPER HOLDER  -1
2025-09-20 21:11:28,159 INFO  ExportHelperExtension.cs: 1142 - Found 23 in GRIPPER HOLDER  -1
2025-09-20 21:11:28,175 INFO  ExportHelperExtension.cs: 1152 - Found 0 features of type [RefAxis] in GRIPPER HOLDER  -1
2025-09-20 21:11:28,175 INFO  ExportHelperExtension.cs: 1131 - Retrieving features of type [RefAxis] from Servo 35KG-2
2025-09-20 21:11:28,175 INFO  ExportHelperExtension.cs: 1142 - Found 20 in Servo 35KG-2
2025-09-20 21:11:28,175 INFO  ExportHelperExtension.cs: 1152 - Found 0 features of type [RefAxis] in Servo 35KG-2
2025-09-20 21:11:28,175 INFO  ExportHelperExtension.cs: 1131 - Retrieving features of type [RefAxis] from Part2^5-dof_robotic_arm_ver-2.1.1-1
2025-09-20 21:11:28,175 INFO  ExportHelperExtension.cs: 1142 - Found 23 in Part2^5-dof_robotic_arm_ver-2.1.1-1
2025-09-20 21:11:28,206 INFO  ExportHelperExtension.cs: 1152 - Found 0 features of type [RefAxis] in Part2^5-dof_robotic_arm_ver-2.1.1-1
2025-09-20 21:11:28,206 INFO  ExportHelperExtension.cs: 1131 - Retrieving features of type [RefAxis] from Servo 10-1
2025-09-20 21:11:28,222 INFO  ExportHelperExtension.cs: 1142 - Found 20 in Servo 10-1
2025-09-20 21:11:28,222 INFO  ExportHelperExtension.cs: 1152 - Found 0 features of type [RefAxis] in Servo 10-1
2025-09-20 21:11:28,222 INFO  ExportHelperExtension.cs: 1131 - Retrieving features of type [RefAxis] from Part1-1
2025-09-20 21:11:28,222 INFO  ExportHelperExtension.cs: 1142 - Found 19 in Part1-1
2025-09-20 21:11:28,237 INFO  ExportHelperExtension.cs: 1152 - Found 0 features of type [RefAxis] in Part1-1
2025-09-20 21:11:28,237 INFO  ExportHelperExtension.cs: 1131 - Retrieving features of type [RefAxis] from link4new-1
2025-09-20 21:11:28,237 INFO  ExportHelperExtension.cs: 1142 - Found 25 in link4new-1
2025-09-20 21:11:28,237 INFO  ExportHelperExtension.cs: 1152 - Found 0 features of type [RefAxis] in link4new-1
2025-09-20 21:11:28,237 INFO  ExportHelperExtension.cs: 1131 - Retrieving features of type [RefAxis] from Servo 10-2
2025-09-20 21:11:28,237 INFO  ExportHelperExtension.cs: 1142 - Found 20 in Servo 10-2
2025-09-20 21:11:28,237 INFO  ExportHelperExtension.cs: 1152 - Found 0 features of type [RefAxis] in Servo 10-2
2025-09-20 21:11:28,237 INFO  ExportHelperExtension.cs: 1131 - Retrieving features of type [RefAxis] from Limit_Switch_L1-4
2025-09-20 21:11:28,253 INFO  ExportHelperExtension.cs: 1142 - Found 21 in Limit_Switch_L1-4
2025-09-20 21:11:28,253 INFO  ExportHelperExtension.cs: 1152 - Found 0 features of type [RefAxis] in Limit_Switch_L1-4
2025-09-20 21:11:28,253 INFO  ExportHelperExtension.cs: 1131 - Retrieving features of type [RefAxis] from GC24010_008-1
2025-09-20 21:11:28,253 INFO  ExportHelperExtension.cs: 1142 - Found 18 in GC24010_008-1
2025-09-20 21:11:28,253 INFO  ExportHelperExtension.cs: 1152 - Found 0 features of type [RefAxis] in GC24010_008-1
2025-09-20 21:11:30,285 INFO  SwAddin.cs: 316 - Loading config tree
2025-09-20 21:11:30,582 INFO  Serialization.cs: 275 - URDF Configuration found
<Link z:Id="i1" xmlns="http://schemas.datacontract.org/2004/07/SW2URDF" xmlns:i="http://www.w3.org/2001/XMLSchema-instance" xmlns:z="http://schemas.microsoft.com/2003/10/Serialization/"><Attributes><Attribute z:Id="i2"><AttributeType>name</AttributeType><IsRequired>true</IsRequired><Value i:type="a:string" xmlns:a="http://www.w3.org/2001/XMLSchema">base_link</Value></Attribute></Attributes><ChildElements><URDFElement z:Id="i3" i:type="Inertial"><Attributes/><ChildElements><URDFElement z:Id="i4" i:type="Origin"><Attributes><Attribute z:Id="i5"><AttributeType>xyz</AttributeType><IsRequired>true</IsRequired><Value i:type="a:ArrayOfdouble" xmlns:a="http://schemas.microsoft.com/2003/10/Serialization/Arrays"><a:double>2.8575E-05</a:double><a:double>-0.0071672</a:double><a:double>0.099991</a:double></Value></Attribute><Attribute z:Id="i6"><AttributeType>rpy</AttributeType><IsRequired>true</IsRequired><Value i:type="a:ArrayOfdouble" xmlns:a="http://schemas.microsoft.com/2003/10/Serialization/Arrays"><a:double>0</a:double><a:double>0</a:double><a:double>0</a:double></Value></Attribute></Attributes><ChildElements/><ElementName>origin</ElementName><required>false</required><RPYAttribute z:Ref="i6"/><XYZAttribute z:Ref="i5"/><isCustomized>false</isCustomized></URDFElement><URDFElement z:Id="i7" i:type="Mass"><Attributes><Attribute z:Id="i8"><AttributeType>value</AttributeType><IsRequired>true</IsRequired><Value i:type="a:double" xmlns:a="http://www.w3.org/2001/XMLSchema">1.14</Value></Attribute></Attributes><ChildElements/><ElementName>mass</ElementName><required>false</required><ValueAttribute z:Ref="i8"/></URDFElement><URDFElement z:Id="i9" i:type="Inertia"><Attributes><Attribute z:Id="i10"><AttributeType>ixx</AttributeType><IsRequired>true</IsRequired><Value i:type="a:double" xmlns:a="http://www.w3.org/2001/XMLSchema">0.0051248</Value></Attribute><Attribute z:Id="i11"><AttributeType>ixy</AttributeType><IsRequired>true</IsRequired><Value i:type="a:double" xmlns:a="http://www.w3.org/2001/XMLSchema">-1.3213E-06</Value></Attribute><Attribute z:Id="i12"><AttributeType>ixz</AttributeType><IsRequired>true</IsRequired><Value i:type="a:double" xmlns:a="http://www.w3.org/2001/XMLSchema">-1.6052E-06</Value></Attribute><Attribute z:Id="i13"><AttributeType>iyy</AttributeType><IsRequired>true</IsRequired><Value i:type="a:double" xmlns:a="http://www.w3.org/2001/XMLSchema">0.0053143</Value></Attribute><Attribute z:Id="i14"><AttributeType>iyz</AttributeType><IsRequired>true</IsRequired><Value i:type="a:double" xmlns:a="http://www.w3.org/2001/XMLSchema">-9.3742E-05</Value></Attribute><Attribute z:Id="i15"><AttributeType>izz</AttributeType><IsRequired>true</IsRequired><Value i:type="a:double" xmlns:a="http://www.w3.org/2001/XMLSchema">0.0060318</Value></Attribute></Attributes><ChildElements/><ElementName>inertia</ElementName><required>false</required><IxxAttribute z:Ref="i10"/><IxyAttribute z:Ref="i11"/><IxzAttribute z:Ref="i12"/><IyyAttribute z:Ref="i13"/><IyzAttribute z:Ref="i14"/><IzzAttribute z:Ref="i15"/></URDFElement></ChildElements><ElementName>inertial</ElementName><required>false</required><Inertia z:Ref="i9"/><Mass z:Ref="i7"/><Origin z:Ref="i4"/></URDFElement><URDFElement z:Id="i16" i:type="Visual"><Attributes/><ChildElements><URDFElement z:Id="i17" i:type="Origin"><Attributes><Attribute z:Id="i18"><AttributeType>xyz</AttributeType><IsRequired>true</IsRequired><Value i:type="a:ArrayOfdouble" xmlns:a="http://schemas.microsoft.com/2003/10/Serialization/Arrays"><a:double>0</a:double><a:double>0</a:double><a:double>0</a:double></Value></Attribute><Attribute z:Id="i19"><AttributeType>rpy</AttributeType><IsRequired>true</IsRequired><Value i:type="a:ArrayOfdouble" xmlns:a="http://schemas.microsoft.com/2003/10/Serialization/Arrays"><a:double>0</a:double><a:double>0</a:double><a:double>0</a:double></Value></Attribute></Attributes><ChildElements/><ElementName>origin</ElementName><required>false</required><RPYAttribute z:Ref="i19"/><XYZAttribute z:Ref="i18"/><isCustomized>false</isCustomized></URDFElement><URDFElement z:Id="i20" i:type="Geometry"><Attributes/><ChildElements><URDFElement z:Id="i21" i:type="Mesh"><Attributes><Attribute z:Id="i22"><AttributeType>filename</AttributeType><IsRequired>true</IsRequired><Value i:nil="true"/></Attribute></Attributes><ChildElements/><ElementName>mesh</ElementName><required>false</required><FilenameAttribute z:Ref="i22"/></URDFElement></ChildElements><ElementName>geometry</ElementName><required>true</required><Mesh z:Ref="i21"/></URDFElement><URDFElement z:Id="i23" i:type="Material"><Attributes><Attribute z:Id="i24"><AttributeType>name</AttributeType><IsRequired>true</IsRequired><Value i:type="a:string" xmlns:a="http://www.w3.org/2001/XMLSchema"/></Attribute></Attributes><ChildElements><URDFElement z:Id="i25" i:type="Color"><Attributes><Attribute z:Id="i26"><AttributeType>rgba</AttributeType><IsRequired>true</IsRequired><Value i:type="a:ArrayOfdouble" xmlns:a="http://schemas.microsoft.com/2003/10/Serialization/Arrays"><a:double>0.10196</a:double><a:double>0.10196</a:double><a:double>0.10196</a:double><a:double>1</a:double></Value></Attribute></Attributes><ChildElements/><ElementName>color</ElementName><required>false</required><RGBAAttribute z:Ref="i26"/></URDFElement><URDFElement z:Id="i27" i:type="Texture"><Attributes><Attribute z:Id="i28"><AttributeType>filename</AttributeType><IsRequired>true</IsRequired><Value i:nil="true"/></Attribute></Attributes><ChildElements/><ElementName>texture</ElementName><required>false</required><FilenameAttribute z:Ref="i28"/><wFilename/></URDFElement></ChildElements><ElementName>material</ElementName><required>false</required><Color z:Ref="i25"/><NameAttribute z:Ref="i24"/><Texture z:Ref="i27"/></URDFElement></ChildElements><ElementName>visual</ElementName><required>false</required><Geometry z:Ref="i20"/><Material z:Ref="i23"/><Origin z:Ref="i17"/></URDFElement><URDFElement z:Id="i29" i:type="Collision"><Attributes/><ChildElements><URDFElement z:Id="i30" i:type="Origin"><Attributes><Attribute z:Id="i31"><AttributeType>xyz</AttributeType><IsRequired>true</IsRequired><Value i:type="a:ArrayOfdouble" xmlns:a="http://schemas.microsoft.com/2003/10/Serialization/Arrays"><a:double>0</a:double><a:double>0</a:double><a:double>0</a:double></Value></Attribute><Attribute z:Id="i32"><AttributeType>rpy</AttributeType><IsRequired>true</IsRequired><Value i:type="a:ArrayOfdouble" xmlns:a="http://schemas.microsoft.com/2003/10/Serialization/Arrays"><a:double>0</a:double><a:double>0</a:double><a:double>0</a:double></Value></Attribute></Attributes><ChildElements/><ElementName>origin</ElementName><required>false</required><RPYAttribute z:Ref="i32"/><XYZAttribute z:Ref="i31"/><isCustomized>false</isCustomized></URDFElement><URDFElement z:Id="i33" i:type="Geometry"><Attributes/><ChildElements><URDFElement z:Id="i34" i:type="Mesh"><Attributes><Attribute z:Id="i35"><AttributeType>filename</AttributeType><IsRequired>true</IsRequired><Value i:nil="true"/></Attribute></Attributes><ChildElements/><ElementName>mesh</ElementName><required>false</required><FilenameAttribute z:Ref="i35"/></URDFElement></ChildElements><ElementName>geometry</ElementName><required>true</required><Mesh z:Ref="i34"/></URDFElement></ChildElements><ElementName>collision</ElementName><required>false</required><Geometry z:Ref="i33"/><Origin z:Ref="i30"/></URDFElement><URDFElement z:Id="i36" i:type="Joint"><Attributes><Attribute z:Id="i37"><AttributeType>name</AttributeType><IsRequired>true</IsRequired><Value i:type="a:string" xmlns:a="http://www.w3.org/2001/XMLSchema"/></Attribute><Attribute z:Id="i38"><AttributeType>type</AttributeType><IsRequired>true</IsRequired><Value i:type="a:string" xmlns:a="http://www.w3.org/2001/XMLSchema"/></Attribute></Attributes><ChildElements><URDFElement z:Id="i39" i:type="Origin"><Attributes><Attribute z:Id="i40"><AttributeType>xyz</AttributeType><IsRequired>true</IsRequired><Value i:type="a:ArrayOfdouble" xmlns:a="http://schemas.microsoft.com/2003/10/Serialization/Arrays"><a:double>0</a:double><a:double>0</a:double><a:double>0</a:double></Value></Attribute><Attribute z:Id="i41"><AttributeType>rpy</AttributeType><IsRequired>true</IsRequired><Value i:type="a:ArrayOfdouble" xmlns:a="http://schemas.microsoft.com/2003/10/Serialization/Arrays"><a:double>0</a:double><a:double>0</a:double><a:double>0</a:double></Value></Attribute></Attributes><ChildElements/><ElementName>origin</ElementName><required>false</required><RPYAttribute z:Ref="i41"/><XYZAttribute z:Ref="i40"/><isCustomized>false</isCustomized></URDFElement><URDFElement z:Id="i42" i:type="ParentLink"><Attributes><Attribute z:Id="i43"><AttributeType>link</AttributeType><IsRequired>true</IsRequired><Value i:type="a:string" xmlns:a="http://www.w3.org/2001/XMLSchema"/></Attribute></Attributes><ChildElements/><ElementName>parent</ElementName><required>true</required><NameAttribute z:Ref="i43"/></URDFElement><URDFElement z:Id="i44" i:type="ChildLink"><Attributes><Attribute z:Id="i45"><AttributeType>link</AttributeType><IsRequired>true</IsRequired><Value i:type="a:string" xmlns:a="http://www.w3.org/2001/XMLSchema"/></Attribute></Attributes><ChildElements/><ElementName>child</ElementName><required>true</required><NameAttribute z:Ref="i45"/></URDFElement><URDFElement z:Id="i46" i:type="Axis"><Attributes><Attribute z:Id="i47"><AttributeType>xyz</AttributeType><IsRequired>true</IsRequired><Value i:type="a:ArrayOfdouble" xmlns:a="http://schemas.microsoft.com/2003/10/Serialization/Arrays"><a:double>0</a:double><a:double>0</a:double><a:double>0</a:double></Value></Attribute></Attributes><ChildElements/><ElementName>axis</ElementName><required>false</required><XYZAttribute z:Ref="i47"/></URDFElement><URDFElement z:Id="i48" i:type="Limit"><Attributes><Attribute z:Id="i49"><AttributeType>lower</AttributeType><IsRequired>false</IsRequired><Value i:nil="true"/></Attribute><Attribute z:Id="i50"><AttributeType>upper</AttributeType><IsRequired>false</IsRequired><Value i:nil="true"/></Attribute><Attribute z:Id="i51"><AttributeType>effort</AttributeType><IsRequired>true</IsRequired><Value i:nil="true"/></Attribute><Attribute z:Id="i52"><AttributeType>velocity</AttributeType><IsRequired>true</IsRequired><Value i:nil="true"/></Attribute></Attributes><ChildElements/><ElementName>limit</ElementName><required>false</required><EffortAttribute z:Ref="i51"/><LowerAttribute z:Ref="i49"/><UpperAttribute z:Ref="i50"/><VelocityAttribute z:Ref="i52"/></URDFElement><URDFElement z:Id="i53" i:type="Calibration"><Attributes><Attribute z:Id="i54"><AttributeType>rising</AttributeType><IsRequired>false</IsRequired><Value i:nil="true"/></Attribute><Attribute z:Id="i55"><AttributeType>falling</AttributeType><IsRequired>false</IsRequired><Value i:nil="true"/></Attribute></Attributes><ChildElements/><ElementName>calibration</ElementName><required>false</required><FallingAttribute z:Ref="i55"/><RisingAttribute z:Ref="i54"/></URDFElement><URDFElement z:Id="i56" i:type="Dynamics"><Attributes><Attribute z:Id="i57"><AttributeType>damping</AttributeType><IsRequired>false</IsRequired><Value i:nil="true"/></Attribute><Attribute z:Id="i58"><AttributeType>friction</AttributeType><IsRequired>false</IsRequired><Value i:nil="true"/></Attribute></Attributes><ChildElements/><ElementName>dynamics</ElementName><required>false</required><DampingAttribute z:Ref="i57"/><FrictionAttribute z:Ref="i58"/></URDFElement><URDFElement z:Id="i59" i:type="SafetyController"><Attributes><Attribute z:Id="i60"><AttributeType>soft_upper</AttributeType><IsRequired>false</IsRequired><Value i:nil="true"/></Attribute><Attribute z:Id="i61"><AttributeType>soft_lower</AttributeType><IsRequired>false</IsRequired><Value i:nil="true"/></Attribute><Attribute z:Id="i62"><AttributeType>k_position</AttributeType><IsRequired>false</IsRequired><Value i:nil="true"/></Attribute><Attribute z:Id="i63"><AttributeType>k_velocity</AttributeType><IsRequired>true</IsRequired><Value i:nil="true"/></Attribute></Attributes><ChildElements/><ElementName>safety_controller</ElementName><required>false</required><KPositionAttribute z:Ref="i62"/><KVelocityAttribute z:Ref="i63"/><SoftLowerAttribute z:Ref="i61"/><SoftUpperAttribute z:Ref="i60"/></URDFElement><URDFElement z:Id="i64" i:type="Mimic"><Attributes><Attribute z:Id="i65"><AttributeType>joint</AttributeType><IsRequired>true</IsRequired><Value i:nil="true"/></Attribute><Attribute z:Id="i66"><AttributeType>multiplier</AttributeType><IsRequired>false</IsRequired><Value i:nil="true"/></Attribute><Attribute z:Id="i67"><AttributeType>offset</AttributeType><IsRequired>false</IsRequired><Value i:nil="true"/></Attribute></Attributes><ChildElements/><ElementName>mimic</ElementName><required>false</required><JointNameAttribute z:Ref="i65"/><MultiplierAttribute z:Ref="i66"/><OffsetAttribute z:Ref="i67"/></URDFElement></ChildElements><ElementName>joint</ElementName><required>false</required><Axis z:Ref="i46"/><AxisName/><Calibration z:Ref="i53"/><Child z:Ref="i44"/><CoordinateSystemName>Coordinate System40</CoordinateSystemName><Dynamics z:Ref="i56"/><Limit z:Ref="i48"/><Mimic z:Ref="i64"/><NameAttribute z:Ref="i37"/><Origin z:Ref="i39"/><Parent z:Ref="i42"/><Safety z:Ref="i59"/><TypeAttribute z:Ref="i38"/></URDFElement></ChildElements><ElementName>link</ElementName><required>true</required><Children><Link z:Id="i68"><Attributes><Attribute z:Id="i69"><AttributeType>name</AttributeType><IsRequired>true</IsRequired><Value i:type="a:string" xmlns:a="http://www.w3.org/2001/XMLSchema">link-1</Value></Attribute></Attributes><ChildElements><URDFElement z:Id="i70" i:type="Inertial"><Attributes/><ChildElements><URDFElement z:Id="i71" i:type="Origin"><Attributes><Attribute z:Id="i72"><AttributeType>xyz</AttributeType><IsRequired>true</IsRequired><Value i:type="a:ArrayOfdouble" xmlns:a="http://schemas.microsoft.com/2003/10/Serialization/Arrays"><a:double>-0.030777</a:double><a:double>-0.023999</a:double><a:double>-0.015</a:double></Value></Attribute><Attribute z:Id="i73"><AttributeType>rpy</AttributeType><IsRequired>true</IsRequired><Value i:type="a:ArrayOfdouble" xmlns:a="http://schemas.microsoft.com/2003/10/Serialization/Arrays"><a:double>0</a:double><a:double>0</a:double><a:double>0</a:double></Value></Attribute></Attributes><ChildElements/><ElementName>origin</ElementName><required>false</required><RPYAttribute z:Ref="i73"/><XYZAttribute z:Ref="i72"/><isCustomized>false</isCustomized></URDFElement><URDFElement z:Id="i74" i:type="Mass"><Attributes><Attribute z:Id="i75"><AttributeType>value</AttributeType><IsRequired>true</IsRequired><Value i:type="a:double" xmlns:a="http://www.w3.org/2001/XMLSchema">0.77736</Value></Attribute></Attributes><ChildElements/><ElementName>mass</ElementName><required>false</required><ValueAttribute z:Ref="i75"/></URDFElement><URDFElement z:Id="i76" i:type="Inertia"><Attributes><Attribute z:Id="i77"><AttributeType>ixx</AttributeType><IsRequired>true</IsRequired><Value i:type="a:double" xmlns:a="http://www.w3.org/2001/XMLSchema">0.002311</Value></Attribute><Attribute z:Id="i78"><AttributeType>ixy</AttributeType><IsRequired>true</IsRequired><Value i:type="a:double" xmlns:a="http://www.w3.org/2001/XMLSchema">-2.3219E-08</Value></Attribute><Attribute z:Id="i79"><AttributeType>ixz</AttributeType><IsRequired>true</IsRequired><Value i:type="a:double" xmlns:a="http://www.w3.org/2001/XMLSchema">-1.0062E-14</Value></Attribute><Attribute z:Id="i80"><AttributeType>iyy</AttributeType><IsRequired>true</IsRequired><Value i:type="a:double" xmlns:a="http://www.w3.org/2001/XMLSchema">0.0013623</Value></Attribute><Attribute z:Id="i81"><AttributeType>iyz</AttributeType><IsRequired>true</IsRequired><Value i:type="a:double" xmlns:a="http://www.w3.org/2001/XMLSchema">6.629E-15</Value></Attribute><Attribute z:Id="i82"><AttributeType>izz</AttributeType><IsRequired>true</IsRequired><Value i:type="a:double" xmlns:a="http://www.w3.org/2001/XMLSchema">0.0013337</Value></Attribute></Attributes><ChildElements/><ElementName>inertia</ElementName><required>false</required><IxxAttribute z:Ref="i77"/><IxyAttribute z:Ref="i78"/><IxzAttribute z:Ref="i79"/><IyyAttribute z:Ref="i80"/><IyzAttribute z:Ref="i81"/><IzzAttribute z:Ref="i82"/></URDFElement></ChildElements><ElementName>inertial</ElementName><required>false</required><Inertia z:Ref="i76"/><Mass z:Ref="i74"/><Origin z:Ref="i71"/></URDFElement><URDFElement z:Id="i83" i:type="Visual"><Attributes/><ChildElements><URDFElement z:Id="i84" i:type="Origin"><Attributes><Attribute z:Id="i85"><AttributeType>xyz</AttributeType><IsRequired>true</IsRequired><Value i:type="a:ArrayOfdouble" xmlns:a="http://schemas.microsoft.com/2003/10/Serialization/Arrays"><a:double>0</a:double><a:double>0</a:double><a:double>0</a:double></Value></Attribute><Attribute z:Id="i86"><AttributeType>rpy</AttributeType><IsRequired>true</IsRequired><Value i:type="a:ArrayOfdouble" xmlns:a="http://schemas.microsoft.com/2003/10/Serialization/Arrays"><a:double>0</a:double><a:double>0</a:double><a:double>0</a:double></Value></Attribute></Attributes><ChildElements/><ElementName>origin</ElementName><required>false</required><RPYAttribute z:Ref="i86"/><XYZAttribute z:Ref="i85"/><isCustomized>false</isCustomized></URDFElement><URDFElement z:Id="i87" i:type="Geometry"><Attributes/><ChildElements><URDFElement z:Id="i88" i:type="Mesh"><Attributes><Attribute z:Id="i89"><AttributeType>filename</AttributeType><IsRequired>true</IsRequired><Value i:nil="true"/></Attribute></Attributes><ChildElements/><ElementName>mesh</ElementName><required>false</required><FilenameAttribute z:Ref="i89"/></URDFElement></ChildElements><ElementName>geometry</ElementName><required>true</required><Mesh z:Ref="i88"/></URDFElement><URDFElement z:Id="i90" i:type="Material"><Attributes><Attribute z:Id="i91"><AttributeType>name</AttributeType><IsRequired>true</IsRequired><Value i:type="a:string" xmlns:a="http://www.w3.org/2001/XMLSchema"/></Attribute></Attributes><ChildElements><URDFElement z:Id="i92" i:type="Color"><Attributes><Attribute z:Id="i93"><AttributeType>rgba</AttributeType><IsRequired>true</IsRequired><Value i:type="a:ArrayOfdouble" xmlns:a="http://schemas.microsoft.com/2003/10/Serialization/Arrays"><a:double>0.79216</a:double><a:double>0.81961</a:double><a:double>0.93333</a:double><a:double>1</a:double></Value></Attribute></Attributes><ChildElements/><ElementName>color</ElementName><required>false</required><RGBAAttribute z:Ref="i93"/></URDFElement><URDFElement z:Id="i94" i:type="Texture"><Attributes><Attribute z:Id="i95"><AttributeType>filename</AttributeType><IsRequired>true</IsRequired><Value i:nil="true"/></Attribute></Attributes><ChildElements/><ElementName>texture</ElementName><required>false</required><FilenameAttribute z:Ref="i95"/><wFilename/></URDFElement></ChildElements><ElementName>material</ElementName><required>false</required><Color z:Ref="i92"/><NameAttribute z:Ref="i91"/><Texture z:Ref="i94"/></URDFElement></ChildElements><ElementName>visual</ElementName><required>false</required><Geometry z:Ref="i87"/><Material z:Ref="i90"/><Origin z:Ref="i84"/></URDFElement><URDFElement z:Id="i96" i:type="Collision"><Attributes/><ChildElements><URDFElement z:Id="i97" i:type="Origin"><Attributes><Attribute z:Id="i98"><AttributeType>xyz</AttributeType><IsRequired>true</IsRequired><Value i:type="a:ArrayOfdouble" xmlns:a="http://schemas.microsoft.com/2003/10/Serialization/Arrays"><a:double>0</a:double><a:double>0</a:double><a:double>0</a:double></Value></Attribute><Attribute z:Id="i99"><AttributeType>rpy</AttributeType><IsRequired>true</IsRequired><Value i:type="a:ArrayOfdouble" xmlns:a="http://schemas.microsoft.com/2003/10/Serialization/Arrays"><a:double>0</a:double><a:double>0</a:double><a:double>0</a:double></Value></Attribute></Attributes><ChildElements/><ElementName>origin</ElementName><required>false</required><RPYAttribute z:Ref="i99"/><XYZAttribute z:Ref="i98"/><isCustomized>false</isCustomized></URDFElement><URDFElement z:Id="i100" i:type="Geometry"><Attributes/><ChildElements><URDFElement z:Id="i101" i:type="Mesh"><Attributes><Attribute z:Id="i102"><AttributeType>filename</AttributeType><IsRequired>true</IsRequired><Value i:nil="true"/></Attribute></Attributes><ChildElements/><ElementName>mesh</ElementName><required>false</required><FilenameAttribute z:Ref="i102"/></URDFElement></ChildElements><ElementName>geometry</ElementName><required>true</required><Mesh z:Ref="i101"/></URDFElement></ChildElements><ElementName>collision</ElementName><required>false</required><Geometry z:Ref="i100"/><Origin z:Ref="i97"/></URDFElement><URDFElement z:Id="i103" i:type="Joint"><Attributes><Attribute z:Id="i104"><AttributeType>name</AttributeType><IsRequired>true</IsRequired><Value i:type="a:string" xmlns:a="http://www.w3.org/2001/XMLSchema">joint-1</Value></Attribute><Attribute z:Id="i105"><AttributeType>type</AttributeType><IsRequired>true</IsRequired><Value i:type="a:string" xmlns:a="http://www.w3.org/2001/XMLSchema">revolute</Value></Attribute></Attributes><ChildElements><URDFElement z:Id="i106" i:type="Origin"><Attributes><Attribute z:Id="i107"><AttributeType>xyz</AttributeType><IsRequired>true</IsRequired><Value i:type="a:ArrayOfdouble" xmlns:a="http://schemas.microsoft.com/2003/10/Serialization/Arrays"><a:double>-0.006364</a:double><a:double>-0.027577</a:double><a:double>0.22789</a:double></Value></Attribute><Attribute z:Id="i108"><AttributeType>rpy</AttributeType><IsRequired>true</IsRequired><Value i:type="a:ArrayOfdouble" xmlns:a="http://schemas.microsoft.com/2003/10/Serialization/Arrays"><a:double>0.7854</a:double><a:double>-1.5708</a:double><a:double>0</a:double></Value></Attribute></Attributes><ChildElements/><ElementName>origin</ElementName><required>false</required><RPYAttribute z:Ref="i108"/><XYZAttribute z:Ref="i107"/><isCustomized>false</isCustomized></URDFElement><URDFElement z:Id="i109" i:type="ParentLink"><Attributes><Attribute z:Id="i110"><AttributeType>link</AttributeType><IsRequired>true</IsRequired><Value i:type="a:string" xmlns:a="http://www.w3.org/2001/XMLSchema">base_link</Value></Attribute></Attributes><ChildElements/><ElementName>parent</ElementName><required>true</required><NameAttribute z:Ref="i110"/></URDFElement><URDFElement z:Id="i111" i:type="ChildLink"><Attributes><Attribute z:Id="i112"><AttributeType>link</AttributeType><IsRequired>true</IsRequired><Value i:type="a:string" xmlns:a="http://www.w3.org/2001/XMLSchema">link-1</Value></Attribute></Attributes><ChildElements/><ElementName>child</ElementName><required>true</required><NameAttribute z:Ref="i112"/></URDFElement><URDFElement z:Id="i113" i:type="Axis"><Attributes><Attribute z:Id="i114"><AttributeType>xyz</AttributeType><IsRequired>true</IsRequired><Value i:type="a:ArrayOfdouble" xmlns:a="http://schemas.microsoft.com/2003/10/Serialization/Arrays"><a:double>0</a:double><a:double>0</a:double><a:double>0</a:double></Value></Attribute></Attributes><ChildElements/><ElementName>axis</ElementName><required>false</required><XYZAttribute z:Ref="i114"/></URDFElement><URDFElement z:Id="i115" i:type="Limit"><Attributes><Attribute z:Id="i116"><AttributeType>lower</AttributeType><IsRequired>true</IsRequired><Value i:type="a:double" xmlns:a="http://www.w3.org/2001/XMLSchema">0</Value></Attribute><Attribute z:Id="i117"><AttributeType>upper</AttributeType><IsRequired>true</IsRequired><Value i:type="a:double" xmlns:a="http://www.w3.org/2001/XMLSchema">6.283</Value></Attribute><Attribute z:Id="i118"><AttributeType>effort</AttributeType><IsRequired>true</IsRequired><Value i:type="a:double" xmlns:a="http://www.w3.org/2001/XMLSchema">16.17</Value></Attribute><Attribute z:Id="i119"><AttributeType>velocity</AttributeType><IsRequired>true</IsRequired><Value i:type="a:double" xmlns:a="http://www.w3.org/2001/XMLSchema">2</Value></Attribute></Attributes><ChildElements/><ElementName>limit</ElementName><required>true</required><EffortAttribute z:Ref="i118"/><LowerAttribute z:Ref="i116"/><UpperAttribute z:Ref="i117"/><VelocityAttribute z:Ref="i119"/></URDFElement><URDFElement z:Id="i120" i:type="Calibration"><Attributes><Attribute z:Id="i121"><AttributeType>rising</AttributeType><IsRequired>false</IsRequired><Value i:nil="true"/></Attribute><Attribute z:Id="i122"><AttributeType>falling</AttributeType><IsRequired>false</IsRequired><Value i:nil="true"/></Attribute></Attributes><ChildElements/><ElementName>calibration</ElementName><required>false</required><FallingAttribute z:Ref="i122"/><RisingAttribute z:Ref="i121"/></URDFElement><URDFElement z:Id="i123" i:type="Dynamics"><Attributes><Attribute z:Id="i124"><AttributeType>damping</AttributeType><IsRequired>false</IsRequired><Value i:nil="true"/></Attribute><Attribute z:Id="i125"><AttributeType>friction</AttributeType><IsRequired>false</IsRequired><Value i:nil="true"/></Attribute></Attributes><ChildElements/><ElementName>dynamics</ElementName><required>false</required><DampingAttribute z:Ref="i124"/><FrictionAttribute z:Ref="i125"/></URDFElement><URDFElement z:Id="i126" i:type="SafetyController"><Attributes><Attribute z:Id="i127"><AttributeType>soft_upper</AttributeType><IsRequired>false</IsRequired><Value i:nil="true"/></Attribute><Attribute z:Id="i128"><AttributeType>soft_lower</AttributeType><IsRequired>false</IsRequired><Value i:nil="true"/></Attribute><Attribute z:Id="i129"><AttributeType>k_position</AttributeType><IsRequired>false</IsRequired><Value i:nil="true"/></Attribute><Attribute z:Id="i130"><AttributeType>k_velocity</AttributeType><IsRequired>true</IsRequired><Value i:nil="true"/></Attribute></Attributes><ChildElements/><ElementName>safety_controller</ElementName><required>false</required><KPositionAttribute z:Ref="i129"/><KVelocityAttribute z:Ref="i130"/><SoftLowerAttribute z:Ref="i128"/><SoftUpperAttribute z:Ref="i127"/></URDFElement><URDFElement z:Id="i131" i:type="Mimic"><Attributes><Attribute z:Id="i132"><AttributeType>joint</AttributeType><IsRequired>true</IsRequired><Value i:nil="true"/></Attribute><Attribute z:Id="i133"><AttributeType>multiplier</AttributeType><IsRequired>false</IsRequired><Value i:nil="true"/></Attribute><Attribute z:Id="i134"><AttributeType>offset</AttributeType><IsRequired>false</IsRequired><Value i:nil="true"/></Attribute></Attributes><ChildElements/><ElementName>mimic</ElementName><required>false</required><JointNameAttribute z:Ref="i132"/><MultiplierAttribute z:Ref="i133"/><OffsetAttribute z:Ref="i134"/></URDFElement></ChildElements><ElementName>joint</ElementName><required>false</required><Axis z:Ref="i113"/><AxisName>Axis21</AxisName><Calibration z:Ref="i120"/><Child z:Ref="i111"/><CoordinateSystemName>Origin_joint-12</CoordinateSystemName><Dynamics z:Ref="i123"/><Limit z:Ref="i115"/><Mimic z:Ref="i131"/><NameAttribute z:Ref="i104"/><Origin z:Ref="i106"/><Parent z:Ref="i109"/><Safety z:Ref="i126"/><TypeAttribute z:Ref="i105"/></URDFElement></ChildElements><ElementName>link</ElementName><required>true</required><Children><Link z:Id="i135"><Attributes><Attribute z:Id="i136"><AttributeType>name</AttributeType><IsRequired>true</IsRequired><Value i:type="a:string" xmlns:a="http://www.w3.org/2001/XMLSchema">link-2</Value></Attribute></Attributes><ChildElements><URDFElement z:Id="i137" i:type="Inertial"><Attributes/><ChildElements><URDFElement z:Id="i138" i:type="Origin"><Attributes><Attribute z:Id="i139"><AttributeType>xyz</AttributeType><IsRequired>true</IsRequired><Value i:type="a:ArrayOfdouble" xmlns:a="http://schemas.microsoft.com/2003/10/Serialization/Arrays"><a:double>0.019579</a:double><a:double>0.18024</a:double><a:double>-0.028579</a:double></Value></Attribute><Attribute z:Id="i140"><AttributeType>rpy</AttributeType><IsRequired>true</IsRequired><Value i:type="a:ArrayOfdouble" xmlns:a="http://schemas.microsoft.com/2003/10/Serialization/Arrays"><a:double>0</a:double><a:double>0</a:double><a:double>0</a:double></Value></Attribute></Attributes><ChildElements/><ElementName>origin</ElementName><required>false</required><RPYAttribute z:Ref="i140"/><XYZAttribute z:Ref="i139"/><isCustomized>false</isCustomized></URDFElement><URDFElement z:Id="i141" i:type="Mass"><Attributes><Attribute z:Id="i142"><AttributeType>value</AttributeType><IsRequired>true</IsRequired><Value i:type="a:double" xmlns:a="http://www.w3.org/2001/XMLSchema">0.54911</Value></Attribute></Attributes><ChildElements/><ElementName>mass</ElementName><required>false</required><ValueAttribute z:Ref="i142"/></URDFElement><URDFElement z:Id="i143" i:type="Inertia"><Attributes><Attribute z:Id="i144"><AttributeType>ixx</AttributeType><IsRequired>true</IsRequired><Value i:type="a:double" xmlns:a="http://www.w3.org/2001/XMLSchema">0.0050981</Value></Attribute><Attribute z:Id="i145"><AttributeType>ixy</AttributeType><IsRequired>true</IsRequired><Value i:type="a:double" xmlns:a="http://www.w3.org/2001/XMLSchema">-5.3755E-06</Value></Attribute><Attribute z:Id="i146"><AttributeType>ixz</AttributeType><IsRequired>true</IsRequired><Value i:type="a:double" xmlns:a="http://www.w3.org/2001/XMLSchema">-3.1722E-07</Value></Attribute><Attribute z:Id="i147"><AttributeType>iyy</AttributeType><IsRequired>true</IsRequired><Value i:type="a:double" xmlns:a="http://www.w3.org/2001/XMLSchema">0.00027681</Value></Attribute><Attribute z:Id="i148"><AttributeType>iyz</AttributeType><IsRequired>true</IsRequired><Value i:type="a:double" xmlns:a="http://www.w3.org/2001/XMLSchema">2.4098E-05</Value></Attribute><Attribute z:Id="i149"><AttributeType>izz</AttributeType><IsRequired>true</IsRequired><Value i:type="a:double" xmlns:a="http://www.w3.org/2001/XMLSchema">0.0049153</Value></Attribute></Attributes><ChildElements/><ElementName>inertia</ElementName><required>false</required><IxxAttribute z:Ref="i144"/><IxyAttribute z:Ref="i145"/><IxzAttribute z:Ref="i146"/><IyyAttribute z:Ref="i147"/><IyzAttribute z:Ref="i148"/><IzzAttribute z:Ref="i149"/></URDFElement></ChildElements><ElementName>inertial</ElementName><required>false</required><Inertia z:Ref="i143"/><Mass z:Ref="i141"/><Origin z:Ref="i138"/></URDFElement><URDFElement z:Id="i150" i:type="Visual"><Attributes/><ChildElements><URDFElement z:Id="i151" i:type="Origin"><Attributes><Attribute z:Id="i152"><AttributeType>xyz</AttributeType><IsRequired>true</IsRequired><Value i:type="a:ArrayOfdouble" xmlns:a="http://schemas.microsoft.com/2003/10/Serialization/Arrays"><a:double>0</a:double><a:double>0</a:double><a:double>0</a:double></Value></Attribute><Attribute z:Id="i153"><AttributeType>rpy</AttributeType><IsRequired>true</IsRequired><Value i:type="a:ArrayOfdouble" xmlns:a="http://schemas.microsoft.com/2003/10/Serialization/Arrays"><a:double>0</a:double><a:double>0</a:double><a:double>0</a:double></Value></Attribute></Attributes><ChildElements/><ElementName>origin</ElementName><required>false</required><RPYAttribute z:Ref="i153"/><XYZAttribute z:Ref="i152"/><isCustomized>false</isCustomized></URDFElement><URDFElement z:Id="i154" i:type="Geometry"><Attributes/><ChildElements><URDFElement z:Id="i155" i:type="Mesh"><Attributes><Attribute z:Id="i156"><AttributeType>filename</AttributeType><IsRequired>true</IsRequired><Value i:nil="true"/></Attribute></Attributes><ChildElements/><ElementName>mesh</ElementName><required>false</required><FilenameAttribute z:Ref="i156"/></URDFElement></ChildElements><ElementName>geometry</ElementName><required>true</required><Mesh z:Ref="i155"/></URDFElement><URDFElement z:Id="i157" i:type="Material"><Attributes><Attribute z:Id="i158"><AttributeType>name</AttributeType><IsRequired>true</IsRequired><Value i:type="a:string" xmlns:a="http://www.w3.org/2001/XMLSchema"/></Attribute></Attributes><ChildElements><URDFElement z:Id="i159" i:type="Color"><Attributes><Attribute z:Id="i160"><AttributeType>rgba</AttributeType><IsRequired>true</IsRequired><Value i:type="a:ArrayOfdouble" xmlns:a="http://schemas.microsoft.com/2003/10/Serialization/Arrays"><a:double>0.79216</a:double><a:double>0.81961</a:double><a:double>0.93333</a:double><a:double>1</a:double></Value></Attribute></Attributes><ChildElements/><ElementName>color</ElementName><required>false</required><RGBAAttribute z:Ref="i160"/></URDFElement><URDFElement z:Id="i161" i:type="Texture"><Attributes><Attribute z:Id="i162"><AttributeType>filename</AttributeType><IsRequired>true</IsRequired><Value i:nil="true"/></Attribute></Attributes><ChildElements/><ElementName>texture</ElementName><required>false</required><FilenameAttribute z:Ref="i162"/><wFilename/></URDFElement></ChildElements><ElementName>material</ElementName><required>false</required><Color z:Ref="i159"/><NameAttribute z:Ref="i158"/><Texture z:Ref="i161"/></URDFElement></ChildElements><ElementName>visual</ElementName><required>false</required><Geometry z:Ref="i154"/><Material z:Ref="i157"/><Origin z:Ref="i151"/></URDFElement><URDFElement z:Id="i163" i:type="Collision"><Attributes/><ChildElements><URDFElement z:Id="i164" i:type="Origin"><Attributes><Attribute z:Id="i165"><AttributeType>xyz</AttributeType><IsRequired>true</IsRequired><Value i:type="a:ArrayOfdouble" xmlns:a="http://schemas.microsoft.com/2003/10/Serialization/Arrays"><a:double>0</a:double><a:double>0</a:double><a:double>0</a:double></Value></Attribute><Attribute z:Id="i166"><AttributeType>rpy</AttributeType><IsRequired>true</IsRequired><Value i:type="a:ArrayOfdouble" xmlns:a="http://schemas.microsoft.com/2003/10/Serialization/Arrays"><a:double>0</a:double><a:double>0</a:double><a:double>0</a:double></Value></Attribute></Attributes><ChildElements/><ElementName>origin</ElementName><required>false</required><RPYAttribute z:Ref="i166"/><XYZAttribute z:Ref="i165"/><isCustomized>false</isCustomized></URDFElement><URDFElement z:Id="i167" i:type="Geometry"><Attributes/><ChildElements><URDFElement z:Id="i168" i:type="Mesh"><Attributes><Attribute z:Id="i169"><AttributeType>filename</AttributeType><IsRequired>true</IsRequired><Value i:nil="true"/></Attribute></Attributes><ChildElements/><ElementName>mesh</ElementName><required>false</required><FilenameAttribute z:Ref="i169"/></URDFElement></ChildElements><ElementName>geometry</ElementName><required>true</required><Mesh z:Ref="i168"/></URDFElement></ChildElements><ElementName>collision</ElementName><required>false</required><Geometry z:Ref="i167"/><Origin z:Ref="i164"/></URDFElement><URDFElement z:Id="i170" i:type="Joint"><Attributes><Attribute z:Id="i171"><AttributeType>name</AttributeType><IsRequired>true</IsRequired><Value i:type="a:string" xmlns:a="http://www.w3.org/2001/XMLSchema">joint-2</Value></Attribute><Attribute z:Id="i172"><AttributeType>type</AttributeType><IsRequired>true</IsRequired><Value i:type="a:string" xmlns:a="http://www.w3.org/2001/XMLSchema">revolute</Value></Attribute></Attributes><ChildElements><URDFElement z:Id="i173" i:type="Origin"><Attributes><Attribute z:Id="i174"><AttributeType>xyz</AttributeType><IsRequired>true</IsRequired><Value i:type="a:ArrayOfdouble" xmlns:a="http://schemas.microsoft.com/2003/10/Serialization/Arrays"><a:double>0.0195</a:double><a:double>0.0077</a:double><a:double>-0.0345</a:double></Value></Attribute><Attribute z:Id="i175"><AttributeType>rpy</AttributeType><IsRequired>true</IsRequired><Value i:type="a:ArrayOfdouble" xmlns:a="http://schemas.microsoft.com/2003/10/Serialization/Arrays"><a:double>1.5708</a:double><a:double>-1.5708</a:double><a:double>0</a:double></Value></Attribute></Attributes><ChildElements/><ElementName>origin</ElementName><required>false</required><RPYAttribute z:Ref="i175"/><XYZAttribute z:Ref="i174"/><isCustomized>false</isCustomized></URDFElement><URDFElement z:Id="i176" i:type="ParentLink"><Attributes><Attribute z:Id="i177"><AttributeType>link</AttributeType><IsRequired>true</IsRequired><Value i:type="a:string" xmlns:a="http://www.w3.org/2001/XMLSchema">link-1</Value></Attribute></Attributes><ChildElements/><ElementName>parent</ElementName><required>true</required><NameAttribute z:Ref="i177"/></URDFElement><URDFElement z:Id="i178" i:type="ChildLink"><Attributes><Attribute z:Id="i179"><AttributeType>link</AttributeType><IsRequired>true</IsRequired><Value i:type="a:string" xmlns:a="http://www.w3.org/2001/XMLSchema">link-2</Value></Attribute></Attributes><ChildElements/><ElementName>child</ElementName><required>true</required><NameAttribute z:Ref="i179"/></URDFElement><URDFElement z:Id="i180" i:type="Axis"><Attributes><Attribute z:Id="i181"><AttributeType>xyz</AttributeType><IsRequired>true</IsRequired><Value i:type="a:ArrayOfdouble" xmlns:a="http://schemas.microsoft.com/2003/10/Serialization/Arrays"><a:double>0</a:double><a:double>0</a:double><a:double>0</a:double></Value></Attribute></Attributes><ChildElements/><ElementName>axis</ElementName><required>false</required><XYZAttribute z:Ref="i181"/></URDFElement><URDFElement z:Id="i182" i:type="Limit"><Attributes><Attribute z:Id="i183"><AttributeType>lower</AttributeType><IsRequired>true</IsRequired><Value i:type="a:double" xmlns:a="http://www.w3.org/2001/XMLSchema">-1.57</Value></Attribute><Attribute z:Id="i184"><AttributeType>upper</AttributeType><IsRequired>true</IsRequired><Value i:type="a:double" xmlns:a="http://www.w3.org/2001/XMLSchema">1.57</Value></Attribute><Attribute z:Id="i185"><AttributeType>effort</AttributeType><IsRequired>true</IsRequired><Value i:type="a:double" xmlns:a="http://www.w3.org/2001/XMLSchema">1617</Value></Attribute><Attribute z:Id="i186"><AttributeType>velocity</AttributeType><IsRequired>true</IsRequired><Value i:type="a:double" xmlns:a="http://www.w3.org/2001/XMLSchema">2</Value></Attribute></Attributes><ChildElements/><ElementName>limit</ElementName><required>true</required><EffortAttribute z:Ref="i185"/><LowerAttribute z:Ref="i183"/><UpperAttribute z:Ref="i184"/><VelocityAttribute z:Ref="i186"/></URDFElement><URDFElement z:Id="i187" i:type="Calibration"><Attributes><Attribute z:Id="i188"><AttributeType>rising</AttributeType><IsRequired>false</IsRequired><Value i:nil="true"/></Attribute><Attribute z:Id="i189"><AttributeType>falling</AttributeType><IsRequired>false</IsRequired><Value i:nil="true"/></Attribute></Attributes><ChildElements/><ElementName>calibration</ElementName><required>false</required><FallingAttribute z:Ref="i189"/><RisingAttribute z:Ref="i188"/></URDFElement><URDFElement z:Id="i190" i:type="Dynamics"><Attributes><Attribute z:Id="i191"><AttributeType>damping</AttributeType><IsRequired>false</IsRequired><Value i:nil="true"/></Attribute><Attribute z:Id="i192"><AttributeType>friction</AttributeType><IsRequired>false</IsRequired><Value i:nil="true"/></Attribute></Attributes><ChildElements/><ElementName>dynamics</ElementName><required>false</required><DampingAttribute z:Ref="i191"/><FrictionAttribute z:Ref="i192"/></URDFElement><URDFElement z:Id="i193" i:type="SafetyController"><Attributes><Attribute z:Id="i194"><AttributeType>soft_upper</AttributeType><IsRequired>false</IsRequired><Value i:nil="true"/></Attribute><Attribute z:Id="i195"><AttributeType>soft_lower</AttributeType><IsRequired>false</IsRequired><Value i:nil="true"/></Attribute><Attribute z:Id="i196"><AttributeType>k_position</AttributeType><IsRequired>false</IsRequired><Value i:nil="true"/></Attribute><Attribute z:Id="i197"><AttributeType>k_velocity</AttributeType><IsRequired>true</IsRequired><Value i:nil="true"/></Attribute></Attributes><ChildElements/><ElementName>safety_controller</ElementName><required>false</required><KPositionAttribute z:Ref="i196"/><KVelocityAttribute z:Ref="i197"/><SoftLowerAttribute z:Ref="i195"/><SoftUpperAttribute z:Ref="i194"/></URDFElement><URDFElement z:Id="i198" i:type="Mimic"><Attributes><Attribute z:Id="i199"><AttributeType>joint</AttributeType><IsRequired>true</IsRequired><Value i:nil="true"/></Attribute><Attribute z:Id="i200"><AttributeType>multiplier</AttributeType><IsRequired>false</IsRequired><Value i:nil="true"/></Attribute><Attribute z:Id="i201"><AttributeType>offset</AttributeType><IsRequired>false</IsRequired><Value i:nil="true"/></Attribute></Attributes><ChildElements/><ElementName>mimic</ElementName><required>false</required><JointNameAttribute z:Ref="i199"/><MultiplierAttribute z:Ref="i200"/><OffsetAttribute z:Ref="i201"/></URDFElement></ChildElements><ElementName>joint</ElementName><required>false</required><Axis z:Ref="i180"/><AxisName>Axis22</AxisName><Calibration z:Ref="i187"/><Child z:Ref="i178"/><CoordinateSystemName>Origin_joint-22</CoordinateSystemName><Dynamics z:Ref="i190"/><Limit z:Ref="i182"/><Mimic z:Ref="i198"/><NameAttribute z:Ref="i171"/><Origin z:Ref="i173"/><Parent z:Ref="i176"/><Safety z:Ref="i193"/><TypeAttribute z:Ref="i172"/></URDFElement></ChildElements><ElementName>link</ElementName><required>true</required><Children><Link z:Id="i202"><Attributes><Attribute z:Id="i203"><AttributeType>name</AttributeType><IsRequired>true</IsRequired><Value i:type="a:string" xmlns:a="http://www.w3.org/2001/XMLSchema">link-3</Value></Attribute></Attributes><ChildElements><URDFElement z:Id="i204" i:type="Inertial"><Attributes/><ChildElements><URDFElement z:Id="i205" i:type="Origin"><Attributes><Attribute z:Id="i206"><AttributeType>xyz</AttributeType><IsRequired>true</IsRequired><Value i:type="a:ArrayOfdouble" xmlns:a="http://schemas.microsoft.com/2003/10/Serialization/Arrays"><a:double>0.018903</a:double><a:double>-0.038544</a:double><a:double>0.06058</a:double></Value></Attribute><Attribute z:Id="i207"><AttributeType>rpy</AttributeType><IsRequired>true</IsRequired><Value i:type="a:ArrayOfdouble" xmlns:a="http://schemas.microsoft.com/2003/10/Serialization/Arrays"><a:double>0</a:double><a:double>0</a:double><a:double>0</a:double></Value></Attribute></Attributes><ChildElements/><ElementName>origin</ElementName><required>false</required><RPYAttribute z:Ref="i207"/><XYZAttribute z:Ref="i206"/><isCustomized>false</isCustomized></URDFElement><URDFElement z:Id="i208" i:type="Mass"><Attributes><Attribute z:Id="i209"><AttributeType>value</AttributeType><IsRequired>true</IsRequired><Value i:type="a:double" xmlns:a="http://www.w3.org/2001/XMLSchema">0.23232</Value></Attribute></Attributes><ChildElements/><ElementName>mass</ElementName><required>false</required><ValueAttribute z:Ref="i209"/></URDFElement><URDFElement z:Id="i210" i:type="Inertia"><Attributes><Attribute z:Id="i211"><AttributeType>ixx</AttributeType><IsRequired>true</IsRequired><Value i:type="a:double" xmlns:a="http://www.w3.org/2001/XMLSchema">0.0022473</Value></Attribute><Attribute z:Id="i212"><AttributeType>ixy</AttributeType><IsRequired>true</IsRequired><Value i:type="a:double" xmlns:a="http://www.w3.org/2001/XMLSchema">-3.5716E-06</Value></Attribute><Attribute z:Id="i213"><AttributeType>ixz</AttributeType><IsRequired>true</IsRequired><Value i:type="a:double" xmlns:a="http://www.w3.org/2001/XMLSchema">2.545E-06</Value></Attribute><Attribute z:Id="i214"><AttributeType>iyy</AttributeType><IsRequired>true</IsRequired><Value i:type="a:double" xmlns:a="http://www.w3.org/2001/XMLSchema">0.00029274</Value></Attribute><Attribute z:Id="i215"><AttributeType>iyz</AttributeType><IsRequired>true</IsRequired><Value i:type="a:double" xmlns:a="http://www.w3.org/2001/XMLSchema">-6.4257E-05</Value></Attribute><Attribute z:Id="i216"><AttributeType>izz</AttributeType><IsRequired>true</IsRequired><Value i:type="a:double" xmlns:a="http://www.w3.org/2001/XMLSchema">0.001993</Value></Attribute></Attributes><ChildElements/><ElementName>inertia</ElementName><required>false</required><IxxAttribute z:Ref="i211"/><IxyAttribute z:Ref="i212"/><IxzAttribute z:Ref="i213"/><IyyAttribute z:Ref="i214"/><IyzAttribute z:Ref="i215"/><IzzAttribute z:Ref="i216"/></URDFElement></ChildElements><ElementName>inertial</ElementName><required>false</required><Inertia z:Ref="i210"/><Mass z:Ref="i208"/><Origin z:Ref="i205"/></URDFElement><URDFElement z:Id="i217" i:type="Visual"><Attributes/><ChildElements><URDFElement z:Id="i218" i:type="Origin"><Attributes><Attribute z:Id="i219"><AttributeType>xyz</AttributeType><IsRequired>true</IsRequired><Value i:type="a:ArrayOfdouble" xmlns:a="http://schemas.microsoft.com/2003/10/Serialization/Arrays"><a:double>0</a:double><a:double>0</a:double><a:double>0</a:double></Value></Attribute><Attribute z:Id="i220"><AttributeType>rpy</AttributeType><IsRequired>true</IsRequired><Value i:type="a:ArrayOfdouble" xmlns:a="http://schemas.microsoft.com/2003/10/Serialization/Arrays"><a:double>0</a:double><a:double>0</a:double><a:double>0</a:double></Value></Attribute></Attributes><ChildElements/><ElementName>origin</ElementName><required>false</required><RPYAttribute z:Ref="i220"/><XYZAttribute z:Ref="i219"/><isCustomized>false</isCustomized></URDFElement><URDFElement z:Id="i221" i:type="Geometry"><Attributes/><ChildElements><URDFElement z:Id="i222" i:type="Mesh"><Attributes><Attribute z:Id="i223"><AttributeType>filename</AttributeType><IsRequired>true</IsRequired><Value i:nil="true"/></Attribute></Attributes><ChildElements/><ElementName>mesh</ElementName><required>false</required><FilenameAttribute z:Ref="i223"/></URDFElement></ChildElements><ElementName>geometry</ElementName><required>true</required><Mesh z:Ref="i222"/></URDFElement><URDFElement z:Id="i224" i:type="Material"><Attributes><Attribute z:Id="i225"><AttributeType>name</AttributeType><IsRequired>true</IsRequired><Value i:type="a:string" xmlns:a="http://www.w3.org/2001/XMLSchema"/></Attribute></Attributes><ChildElements><URDFElement z:Id="i226" i:type="Color"><Attributes><Attribute z:Id="i227"><AttributeType>rgba</AttributeType><IsRequired>true</IsRequired><Value i:type="a:ArrayOfdouble" xmlns:a="http://schemas.microsoft.com/2003/10/Serialization/Arrays"><a:double>0.79216</a:double><a:double>0.81961</a:double><a:double>0.93333</a:double><a:double>1</a:double></Value></Attribute></Attributes><ChildElements/><ElementName>color</ElementName><required>false</required><RGBAAttribute z:Ref="i227"/></URDFElement><URDFElement z:Id="i228" i:type="Texture"><Attributes><Attribute z:Id="i229"><AttributeType>filename</AttributeType><IsRequired>true</IsRequired><Value i:nil="true"/></Attribute></Attributes><ChildElements/><ElementName>texture</ElementName><required>false</required><FilenameAttribute z:Ref="i229"/><wFilename/></URDFElement></ChildElements><ElementName>material</ElementName><required>false</required><Color z:Ref="i226"/><NameAttribute z:Ref="i225"/><Texture z:Ref="i228"/></URDFElement></ChildElements><ElementName>visual</ElementName><required>false</required><Geometry z:Ref="i221"/><Material z:Ref="i224"/><Origin z:Ref="i218"/></URDFElement><URDFElement z:Id="i230" i:type="Collision"><Attributes/><ChildElements><URDFElement z:Id="i231" i:type="Origin"><Attributes><Attribute z:Id="i232"><AttributeType>xyz</AttributeType><IsRequired>true</IsRequired><Value i:type="a:ArrayOfdouble" xmlns:a="http://schemas.microsoft.com/2003/10/Serialization/Arrays"><a:double>0</a:double><a:double>0</a:double><a:double>0</a:double></Value></Attribute><Attribute z:Id="i233"><AttributeType>rpy</AttributeType><IsRequired>true</IsRequired><Value i:type="a:ArrayOfdouble" xmlns:a="http://schemas.microsoft.com/2003/10/Serialization/Arrays"><a:double>0</a:double><a:double>0</a:double><a:double>0</a:double></Value></Attribute></Attributes><ChildElements/><ElementName>origin</ElementName><required>false</required><RPYAttribute z:Ref="i233"/><XYZAttribute z:Ref="i232"/><isCustomized>false</isCustomized></URDFElement><URDFElement z:Id="i234" i:type="Geometry"><Attributes/><ChildElements><URDFElement z:Id="i235" i:type="Mesh"><Attributes><Attribute z:Id="i236"><AttributeType>filename</AttributeType><IsRequired>true</IsRequired><Value i:nil="true"/></Attribute></Attributes><ChildElements/><ElementName>mesh</ElementName><required>false</required><FilenameAttribute z:Ref="i236"/></URDFElement></ChildElements><ElementName>geometry</ElementName><required>true</required><Mesh z:Ref="i235"/></URDFElement></ChildElements><ElementName>collision</ElementName><required>false</required><Geometry z:Ref="i234"/><Origin z:Ref="i231"/></URDFElement><URDFElement z:Id="i237" i:type="Joint"><Attributes><Attribute z:Id="i238"><AttributeType>name</AttributeType><IsRequired>true</IsRequired><Value i:type="a:string" xmlns:a="http://www.w3.org/2001/XMLSchema">joint-3</Value></Attribute><Attribute z:Id="i239"><AttributeType>type</AttributeType><IsRequired>true</IsRequired><Value i:type="a:string" xmlns:a="http://www.w3.org/2001/XMLSchema">revolute</Value></Attribute></Attributes><ChildElements><URDFElement z:Id="i240" i:type="Origin"><Attributes><Attribute z:Id="i241"><AttributeType>xyz</AttributeType><IsRequired>true</IsRequired><Value i:type="a:ArrayOfdouble" xmlns:a="http://schemas.microsoft.com/2003/10/Serialization/Arrays"><a:double>-0.11402</a:double><a:double>0.29337</a:double><a:double>0.0305</a:double></Value></Attribute><Attribute z:Id="i242"><AttributeType>rpy</AttributeType><IsRequired>true</IsRequired><Value i:type="a:ArrayOfdouble" xmlns:a="http://schemas.microsoft.com/2003/10/Serialization/Arrays"><a:double>3.1416</a:double><a:double>0</a:double><a:double>1.5699</a:double></Value></Attribute></Attributes><ChildElements/><ElementName>origin</ElementName><required>false</required><RPYAttribute z:Ref="i242"/><XYZAttribute z:Ref="i241"/><isCustomized>false</isCustomized></URDFElement><URDFElement z:Id="i243" i:type="ParentLink"><Attributes><Attribute z:Id="i244"><AttributeType>link</AttributeType><IsRequired>true</IsRequired><Value i:type="a:string" xmlns:a="http://www.w3.org/2001/XMLSchema">link-2</Value></Attribute></Attributes><ChildElements/><ElementName>parent</ElementName><required>true</required><NameAttribute z:Ref="i244"/></URDFElement><URDFElement z:Id="i245" i:type="ChildLink"><Attributes><Attribute z:Id="i246"><AttributeType>link</AttributeType><IsRequired>true</IsRequired><Value i:type="a:string" xmlns:a="http://www.w3.org/2001/XMLSchema">link-3</Value></Attribute></Attributes><ChildElements/><ElementName>child</ElementName><required>true</required><NameAttribute z:Ref="i246"/></URDFElement><URDFElement z:Id="i247" i:type="Axis"><Attributes><Attribute z:Id="i248"><AttributeType>xyz</AttributeType><IsRequired>true</IsRequired><Value i:type="a:ArrayOfdouble" xmlns:a="http://schemas.microsoft.com/2003/10/Serialization/Arrays"><a:double>0</a:double><a:double>0</a:double><a:double>0</a:double></Value></Attribute></Attributes><ChildElements/><ElementName>axis</ElementName><required>false</required><XYZAttribute z:Ref="i248"/></URDFElement><URDFElement z:Id="i249" i:type="Limit"><Attributes><Attribute z:Id="i250"><AttributeType>lower</AttributeType><IsRequired>true</IsRequired><Value i:type="a:double" xmlns:a="http://www.w3.org/2001/XMLSchema">0</Value></Attribute><Attribute z:Id="i251"><AttributeType>upper</AttributeType><IsRequired>true</IsRequired><Value i:type="a:double" xmlns:a="http://www.w3.org/2001/XMLSchema">3.142</Value></Attribute><Attribute z:Id="i252"><AttributeType>effort</AttributeType><IsRequired>true</IsRequired><Value i:type="a:double" xmlns:a="http://www.w3.org/2001/XMLSchema">16.17</Value></Attribute><Attribute z:Id="i253"><AttributeType>velocity</AttributeType><IsRequired>true</IsRequired><Value i:type="a:double" xmlns:a="http://www.w3.org/2001/XMLSchema">2</Value></Attribute></Attributes><ChildElements/><ElementName>limit</ElementName><required>true</required><EffortAttribute z:Ref="i252"/><LowerAttribute z:Ref="i250"/><UpperAttribute z:Ref="i251"/><VelocityAttribute z:Ref="i253"/></URDFElement><URDFElement z:Id="i254" i:type="Calibration"><Attributes><Attribute z:Id="i255"><AttributeType>rising</AttributeType><IsRequired>false</IsRequired><Value i:nil="true"/></Attribute><Attribute z:Id="i256"><AttributeType>falling</AttributeType><IsRequired>false</IsRequired><Value i:nil="true"/></Attribute></Attributes><ChildElements/><ElementName>calibration</ElementName><required>false</required><FallingAttribute z:Ref="i256"/><RisingAttribute z:Ref="i255"/></URDFElement><URDFElement z:Id="i257" i:type="Dynamics"><Attributes><Attribute z:Id="i258"><AttributeType>damping</AttributeType><IsRequired>false</IsRequired><Value i:nil="true"/></Attribute><Attribute z:Id="i259"><AttributeType>friction</AttributeType><IsRequired>false</IsRequired><Value i:nil="true"/></Attribute></Attributes><ChildElements/><ElementName>dynamics</ElementName><required>false</required><DampingAttribute z:Ref="i258"/><FrictionAttribute z:Ref="i259"/></URDFElement><URDFElement z:Id="i260" i:type="SafetyController"><Attributes><Attribute z:Id="i261"><AttributeType>soft_upper</AttributeType><IsRequired>false</IsRequired><Value i:nil="true"/></Attribute><Attribute z:Id="i262"><AttributeType>soft_lower</AttributeType><IsRequired>false</IsRequired><Value i:nil="true"/></Attribute><Attribute z:Id="i263"><AttributeType>k_position</AttributeType><IsRequired>false</IsRequired><Value i:nil="true"/></Attribute><Attribute z:Id="i264"><AttributeType>k_velocity</AttributeType><IsRequired>true</IsRequired><Value i:nil="true"/></Attribute></Attributes><ChildElements/><ElementName>safety_controller</ElementName><required>false</required><KPositionAttribute z:Ref="i263"/><KVelocityAttribute z:Ref="i264"/><SoftLowerAttribute z:Ref="i262"/><SoftUpperAttribute z:Ref="i261"/></URDFElement><URDFElement z:Id="i265" i:type="Mimic"><Attributes><Attribute z:Id="i266"><AttributeType>joint</AttributeType><IsRequired>true</IsRequired><Value i:nil="true"/></Attribute><Attribute z:Id="i267"><AttributeType>multiplier</AttributeType><IsRequired>false</IsRequired><Value i:nil="true"/></Attribute><Attribute z:Id="i268"><AttributeType>offset</AttributeType><IsRequired>false</IsRequired><Value i:nil="true"/></Attribute></Attributes><ChildElements/><ElementName>mimic</ElementName><required>false</required><JointNameAttribute z:Ref="i266"/><MultiplierAttribute z:Ref="i267"/><OffsetAttribute z:Ref="i268"/></URDFElement></ChildElements><ElementName>joint</ElementName><required>false</required><Axis z:Ref="i247"/><AxisName>Axis23</AxisName><Calibration z:Ref="i254"/><Child z:Ref="i245"/><CoordinateSystemName>Origin_joint-32</CoordinateSystemName><Dynamics z:Ref="i257"/><Limit z:Ref="i249"/><Mimic z:Ref="i265"/><NameAttribute z:Ref="i238"/><Origin z:Ref="i240"/><Parent z:Ref="i243"/><Safety z:Ref="i260"/><TypeAttribute z:Ref="i239"/></URDFElement></ChildElements><ElementName>link</ElementName><required>true</required><Children><Link z:Id="i269"><Attributes><Attribute z:Id="i270"><AttributeType>name</AttributeType><IsRequired>true</IsRequired><Value i:type="a:string" xmlns:a="http://www.w3.org/2001/XMLSchema">link-4</Value></Attribute></Attributes><ChildElements><URDFElement z:Id="i271" i:type="Inertial"><Attributes/><ChildElements><URDFElement z:Id="i272" i:type="Origin"><Attributes><Attribute z:Id="i273"><AttributeType>xyz</AttributeType><IsRequired>true</IsRequired><Value i:type="a:ArrayOfdouble" xmlns:a="http://schemas.microsoft.com/2003/10/Serialization/Arrays"><a:double>0.06173</a:double><a:double>0.00062313</a:double><a:double>-0.018265</a:double></Value></Attribute><Attribute z:Id="i274"><AttributeType>rpy</AttributeType><IsRequired>true</IsRequired><Value i:type="a:ArrayOfdouble" xmlns:a="http://schemas.microsoft.com/2003/10/Serialization/Arrays"><a:double>0</a:double><a:double>0</a:double><a:double>0</a:double></Value></Attribute></Attributes><ChildElements/><ElementName>origin</ElementName><required>false</required><RPYAttribute z:Ref="i274"/><XYZAttribute z:Ref="i273"/><isCustomized>false</isCustomized></URDFElement><URDFElement z:Id="i275" i:type="Mass"><Attributes><Attribute z:Id="i276"><AttributeType>value</AttributeType><IsRequired>true</IsRequired><Value i:type="a:double" xmlns:a="http://www.w3.org/2001/XMLSchema">0.087154</Value></Attribute></Attributes><ChildElements/><ElementName>mass</ElementName><required>false</required><ValueAttribute z:Ref="i276"/></URDFElement><URDFElement z:Id="i277" i:type="Inertia"><Attributes><Attribute z:Id="i278"><AttributeType>ixx</AttributeType><IsRequired>true</IsRequired><Value i:type="a:double" xmlns:a="http://www.w3.org/2001/XMLSchema">5.7011E-05</Value></Attribute><Attribute z:Id="i279"><AttributeType>ixy</AttributeType><IsRequired>true</IsRequired><Value i:type="a:double" xmlns:a="http://www.w3.org/2001/XMLSchema">-6.4507E-07</Value></Attribute><Attribute z:Id="i280"><AttributeType>ixz</AttributeType><IsRequired>true</IsRequired><Value i:type="a:double" xmlns:a="http://www.w3.org/2001/XMLSchema">-4.2547E-06</Value></Attribute><Attribute z:Id="i281"><AttributeType>iyy</AttributeType><IsRequired>true</IsRequired><Value i:type="a:double" xmlns:a="http://www.w3.org/2001/XMLSchema">8.8082E-05</Value></Attribute><Attribute z:Id="i282"><AttributeType>iyz</AttributeType><IsRequired>true</IsRequired><Value i:type="a:double" xmlns:a="http://www.w3.org/2001/XMLSchema">-6.5777E-08</Value></Attribute><Attribute z:Id="i283"><AttributeType>izz</AttributeType><IsRequired>true</IsRequired><Value i:type="a:double" xmlns:a="http://www.w3.org/2001/XMLSchema">4.2676E-05</Value></Attribute></Attributes><ChildElements/><ElementName>inertia</ElementName><required>false</required><IxxAttribute z:Ref="i278"/><IxyAttribute z:Ref="i279"/><IxzAttribute z:Ref="i280"/><IyyAttribute z:Ref="i281"/><IyzAttribute z:Ref="i282"/><IzzAttribute z:Ref="i283"/></URDFElement></ChildElements><ElementName>inertial</ElementName><required>false</required><Inertia z:Ref="i277"/><Mass z:Ref="i275"/><Origin z:Ref="i272"/></URDFElement><URDFElement z:Id="i284" i:type="Visual"><Attributes/><ChildElements><URDFElement z:Id="i285" i:type="Origin"><Attributes><Attribute z:Id="i286"><AttributeType>xyz</AttributeType><IsRequired>true</IsRequired><Value i:type="a:ArrayOfdouble" xmlns:a="http://schemas.microsoft.com/2003/10/Serialization/Arrays"><a:double>0</a:double><a:double>0</a:double><a:double>0</a:double></Value></Attribute><Attribute z:Id="i287"><AttributeType>rpy</AttributeType><IsRequired>true</IsRequired><Value i:type="a:ArrayOfdouble" xmlns:a="http://schemas.microsoft.com/2003/10/Serialization/Arrays"><a:double>0</a:double><a:double>0</a:double><a:double>0</a:double></Value></Attribute></Attributes><ChildElements/><ElementName>origin</ElementName><required>false</required><RPYAttribute z:Ref="i287"/><XYZAttribute z:Ref="i286"/><isCustomized>false</isCustomized></URDFElement><URDFElement z:Id="i288" i:type="Geometry"><Attributes/><ChildElements><URDFElement z:Id="i289" i:type="Mesh"><Attributes><Attribute z:Id="i290"><AttributeType>filename</AttributeType><IsRequired>true</IsRequired><Value i:nil="true"/></Attribute></Attributes><ChildElements/><ElementName>mesh</ElementName><required>false</required><FilenameAttribute z:Ref="i290"/></URDFElement></ChildElements><ElementName>geometry</ElementName><required>true</required><Mesh z:Ref="i289"/></URDFElement><URDFElement z:Id="i291" i:type="Material"><Attributes><Attribute z:Id="i292"><AttributeType>name</AttributeType><IsRequired>true</IsRequired><Value i:type="a:string" xmlns:a="http://www.w3.org/2001/XMLSchema"/></Attribute></Attributes><ChildElements><URDFElement z:Id="i293" i:type="Color"><Attributes><Attribute z:Id="i294"><AttributeType>rgba</AttributeType><IsRequired>true</IsRequired><Value i:type="a:ArrayOfdouble" xmlns:a="http://schemas.microsoft.com/2003/10/Serialization/Arrays"><a:double>0.79216</a:double><a:double>0.81961</a:double><a:double>0.93333</a:double><a:double>1</a:double></Value></Attribute></Attributes><ChildElements/><ElementName>color</ElementName><required>false</required><RGBAAttribute z:Ref="i294"/></URDFElement><URDFElement z:Id="i295" i:type="Texture"><Attributes><Attribute z:Id="i296"><AttributeType>filename</AttributeType><IsRequired>true</IsRequired><Value i:nil="true"/></Attribute></Attributes><ChildElements/><ElementName>texture</ElementName><required>false</required><FilenameAttribute z:Ref="i296"/><wFilename/></URDFElement></ChildElements><ElementName>material</ElementName><required>false</required><Color z:Ref="i293"/><NameAttribute z:Ref="i292"/><Texture z:Ref="i295"/></URDFElement></ChildElements><ElementName>visual</ElementName><required>false</required><Geometry z:Ref="i288"/><Material z:Ref="i291"/><Origin z:Ref="i285"/></URDFElement><URDFElement z:Id="i297" i:type="Collision"><Attributes/><ChildElements><URDFElement z:Id="i298" i:type="Origin"><Attributes><Attribute z:Id="i299"><AttributeType>xyz</AttributeType><IsRequired>true</IsRequired><Value i:type="a:ArrayOfdouble" xmlns:a="http://schemas.microsoft.com/2003/10/Serialization/Arrays"><a:double>0</a:double><a:double>0</a:double><a:double>0</a:double></Value></Attribute><Attribute z:Id="i300"><AttributeType>rpy</AttributeType><IsRequired>true</IsRequired><Value i:type="a:ArrayOfdouble" xmlns:a="http://schemas.microsoft.com/2003/10/Serialization/Arrays"><a:double>0</a:double><a:double>0</a:double><a:double>0</a:double></Value></Attribute></Attributes><ChildElements/><ElementName>origin</ElementName><required>false</required><RPYAttribute z:Ref="i300"/><XYZAttribute z:Ref="i299"/><isCustomized>false</isCustomized></URDFElement><URDFElement z:Id="i301" i:type="Geometry"><Attributes/><ChildElements><URDFElement z:Id="i302" i:type="Mesh"><Attributes><Attribute z:Id="i303"><AttributeType>filename</AttributeType><IsRequired>true</IsRequired><Value i:nil="true"/></Attribute></Attributes><ChildElements/><ElementName>mesh</ElementName><required>false</required><FilenameAttribute z:Ref="i303"/></URDFElement></ChildElements><ElementName>geometry</ElementName><required>true</required><Mesh z:Ref="i302"/></URDFElement></ChildElements><ElementName>collision</ElementName><required>false</required><Geometry z:Ref="i301"/><Origin z:Ref="i298"/></URDFElement><URDFElement z:Id="i304" i:type="Joint"><Attributes><Attribute z:Id="i305"><AttributeType>name</AttributeType><IsRequired>true</IsRequired><Value i:type="a:string" xmlns:a="http://www.w3.org/2001/XMLSchema">joint-4</Value></Attribute><Attribute z:Id="i306"><AttributeType>type</AttributeType><IsRequired>true</IsRequired><Value i:type="a:string" xmlns:a="http://www.w3.org/2001/XMLSchema">revolute</Value></Attribute></Attributes><ChildElements><URDFElement z:Id="i307" i:type="Origin"><Attributes><Attribute z:Id="i308"><AttributeType>xyz</AttributeType><IsRequired>true</IsRequired><Value i:type="a:ArrayOfdouble" xmlns:a="http://schemas.microsoft.com/2003/10/Serialization/Arrays"><a:double>0.038</a:double><a:double>-0.14302</a:double><a:double>0.02996</a:double></Value></Attribute><Attribute z:Id="i309"><AttributeType>rpy</AttributeType><IsRequired>true</IsRequired><Value i:type="a:ArrayOfdouble" xmlns:a="http://schemas.microsoft.com/2003/10/Serialization/Arrays"><a:double>-3.1416</a:double><a:double>0</a:double><a:double>3.1407</a:double></Value></Attribute></Attributes><ChildElements/><ElementName>origin</ElementName><required>false</required><RPYAttribute z:Ref="i309"/><XYZAttribute z:Ref="i308"/><isCustomized>false</isCustomized></URDFElement><URDFElement z:Id="i310" i:type="ParentLink"><Attributes><Attribute z:Id="i311"><AttributeType>link</AttributeType><IsRequired>true</IsRequired><Value i:type="a:string" xmlns:a="http://www.w3.org/2001/XMLSchema">link-3</Value></Attribute></Attributes><ChildElements/><ElementName>parent</ElementName><required>true</required><NameAttribute z:Ref="i311"/></URDFElement><URDFElement z:Id="i312" i:type="ChildLink"><Attributes><Attribute z:Id="i313"><AttributeType>link</AttributeType><IsRequired>true</IsRequired><Value i:type="a:string" xmlns:a="http://www.w3.org/2001/XMLSchema">link-4</Value></Attribute></Attributes><ChildElements/><ElementName>child</ElementName><required>true</required><NameAttribute z:Ref="i313"/></URDFElement><URDFElement z:Id="i314" i:type="Axis"><Attributes><Attribute z:Id="i315"><AttributeType>xyz</AttributeType><IsRequired>true</IsRequired><Value i:type="a:ArrayOfdouble" xmlns:a="http://schemas.microsoft.com/2003/10/Serialization/Arrays"><a:double>0</a:double><a:double>0</a:double><a:double>0</a:double></Value></Attribute></Attributes><ChildElements/><ElementName>axis</ElementName><required>false</required><XYZAttribute z:Ref="i315"/></URDFElement><URDFElement z:Id="i316" i:type="Limit"><Attributes><Attribute z:Id="i317"><AttributeType>lower</AttributeType><IsRequired>true</IsRequired><Value i:type="a:double" xmlns:a="http://www.w3.org/2001/XMLSchema">0</Value></Attribute><Attribute z:Id="i318"><AttributeType>upper</AttributeType><IsRequired>true</IsRequired><Value i:type="a:double" xmlns:a="http://www.w3.org/2001/XMLSchema">-3.142</Value></Attribute><Attribute z:Id="i319"><AttributeType>effort</AttributeType><IsRequired>true</IsRequired><Value i:type="a:double" xmlns:a="http://www.w3.org/2001/XMLSchema">16.17</Value></Attribute><Attribute z:Id="i320"><AttributeType>velocity</AttributeType><IsRequired>true</IsRequired><Value i:type="a:double" xmlns:a="http://www.w3.org/2001/XMLSchema">2</Value></Attribute></Attributes><ChildElements/><ElementName>limit</ElementName><required>true</required><EffortAttribute z:Ref="i319"/><LowerAttribute z:Ref="i317"/><UpperAttribute z:Ref="i318"/><VelocityAttribute z:Ref="i320"/></URDFElement><URDFElement z:Id="i321" i:type="Calibration"><Attributes><Attribute z:Id="i322"><AttributeType>rising</AttributeType><IsRequired>false</IsRequired><Value i:nil="true"/></Attribute><Attribute z:Id="i323"><AttributeType>falling</AttributeType><IsRequired>false</IsRequired><Value i:nil="true"/></Attribute></Attributes><ChildElements/><ElementName>calibration</ElementName><required>false</required><FallingAttribute z:Ref="i323"/><RisingAttribute z:Ref="i322"/></URDFElement><URDFElement z:Id="i324" i:type="Dynamics"><Attributes><Attribute z:Id="i325"><AttributeType>damping</AttributeType><IsRequired>false</IsRequired><Value i:nil="true"/></Attribute><Attribute z:Id="i326"><AttributeType>friction</AttributeType><IsRequired>false</IsRequired><Value i:nil="true"/></Attribute></Attributes><ChildElements/><ElementName>dynamics</ElementName><required>false</required><DampingAttribute z:Ref="i325"/><FrictionAttribute z:Ref="i326"/></URDFElement><URDFElement z:Id="i327" i:type="SafetyController"><Attributes><Attribute z:Id="i328"><AttributeType>soft_upper</AttributeType><IsRequired>false</IsRequired><Value i:nil="true"/></Attribute><Attribute z:Id="i329"><AttributeType>soft_lower</AttributeType><IsRequired>false</IsRequired><Value i:nil="true"/></Attribute><Attribute z:Id="i330"><AttributeType>k_position</AttributeType><IsRequired>false</IsRequired><Value i:nil="true"/></Attribute><Attribute z:Id="i331"><AttributeType>k_velocity</AttributeType><IsRequired>true</IsRequired><Value i:nil="true"/></Attribute></Attributes><ChildElements/><ElementName>safety_controller</ElementName><required>false</required><KPositionAttribute z:Ref="i330"/><KVelocityAttribute z:Ref="i331"/><SoftLowerAttribute z:Ref="i329"/><SoftUpperAttribute z:Ref="i328"/></URDFElement><URDFElement z:Id="i332" i:type="Mimic"><Attributes><Attribute z:Id="i333"><AttributeType>joint</AttributeType><IsRequired>true</IsRequired><Value i:nil="true"/></Attribute><Attribute z:Id="i334"><AttributeType>multiplier</AttributeType><IsRequired>false</IsRequired><Value i:nil="true"/></Attribute><Attribute z:Id="i335"><AttributeType>offset</AttributeType><IsRequired>false</IsRequired><Value i:nil="true"/></Attribute></Attributes><ChildElements/><ElementName>mimic</ElementName><required>false</required><JointNameAttribute z:Ref="i333"/><MultiplierAttribute z:Ref="i334"/><OffsetAttribute z:Ref="i335"/></URDFElement></ChildElements><ElementName>joint</ElementName><required>false</required><Axis z:Ref="i314"/><AxisName>Axis24</AxisName><Calibration z:Ref="i321"/><Child z:Ref="i312"/><CoordinateSystemName>Origin_joint-42</CoordinateSystemName><Dynamics z:Ref="i324"/><Limit z:Ref="i316"/><Mimic z:Ref="i332"/><NameAttribute z:Ref="i305"/><Origin z:Ref="i307"/><Parent z:Ref="i310"/><Safety z:Ref="i327"/><TypeAttribute z:Ref="i306"/></URDFElement></ChildElements><ElementName>link</ElementName><required>true</required><Children><Link z:Id="i336"><Attributes><Attribute z:Id="i337"><AttributeType>name</AttributeType><IsRequired>true</IsRequired><Value i:type="a:string" xmlns:a="http://www.w3.org/2001/XMLSchema">link-5</Value></Attribute></Attributes><ChildElements><URDFElement z:Id="i338" i:type="Inertial"><Attributes/><ChildElements><URDFElement z:Id="i339" i:type="Origin"><Attributes><Attribute z:Id="i340"><AttributeType>xyz</AttributeType><IsRequired>true</IsRequired><Value i:type="a:ArrayOfdouble" xmlns:a="http://schemas.microsoft.com/2003/10/Serialization/Arrays"><a:double>0.061816</a:double><a:double>-0.0050095</a:double><a:double>0.009819</a:double></Value></Attribute><Attribute z:Id="i341"><AttributeType>rpy</AttributeType><IsRequired>true</IsRequired><Value i:type="a:ArrayOfdouble" xmlns:a="http://schemas.microsoft.com/2003/10/Serialization/Arrays"><a:double>0</a:double><a:double>0</a:double><a:double>0</a:double></Value></Attribute></Attributes><ChildElements/><ElementName>origin</ElementName><required>false</required><RPYAttribute z:Ref="i341"/><XYZAttribute z:Ref="i340"/><isCustomized>false</isCustomized></URDFElement><URDFElement z:Id="i342" i:type="Mass"><Attributes><Attribute z:Id="i343"><AttributeType>value</AttributeType><IsRequired>true</IsRequired><Value i:type="a:double" xmlns:a="http://www.w3.org/2001/XMLSchema">0.026792</Value></Attribute></Attributes><ChildElements/><ElementName>mass</ElementName><required>false</required><ValueAttribute z:Ref="i343"/></URDFElement><URDFElement z:Id="i344" i:type="Inertia"><Attributes><Attribute z:Id="i345"><AttributeType>ixx</AttributeType><IsRequired>true</IsRequired><Value i:type="a:double" xmlns:a="http://www.w3.org/2001/XMLSchema">2.5766E-06</Value></Attribute><Attribute z:Id="i346"><AttributeType>ixy</AttributeType><IsRequired>true</IsRequired><Value i:type="a:double" xmlns:a="http://www.w3.org/2001/XMLSchema">3.494E-21</Value></Attribute><Attribute z:Id="i347"><AttributeType>ixz</AttributeType><IsRequired>true</IsRequired><Value i:type="a:double" xmlns:a="http://www.w3.org/2001/XMLSchema">2.045E-19</Value></Attribute><Attribute z:Id="i348"><AttributeType>iyy</AttributeType><IsRequired>true</IsRequired><Value i:type="a:double" xmlns:a="http://www.w3.org/2001/XMLSchema">9.5895E-06</Value></Attribute><Attribute z:Id="i349"><AttributeType>iyz</AttributeType><IsRequired>true</IsRequired><Value i:type="a:double" xmlns:a="http://www.w3.org/2001/XMLSchema">-2.2452E-09</Value></Attribute><Attribute z:Id="i350"><AttributeType>izz</AttributeType><IsRequired>true</IsRequired><Value i:type="a:double" xmlns:a="http://www.w3.org/2001/XMLSchema">1.0548E-05</Value></Attribute></Attributes><ChildElements/><ElementName>inertia</ElementName><required>false</required><IxxAttribute z:Ref="i345"/><IxyAttribute z:Ref="i346"/><IxzAttribute z:Ref="i347"/><IyyAttribute z:Ref="i348"/><IyzAttribute z:Ref="i349"/><IzzAttribute z:Ref="i350"/></URDFElement></ChildElements><ElementName>inertial</ElementName><required>false</required><Inertia z:Ref="i344"/><Mass z:Ref="i342"/><Origin z:Ref="i339"/></URDFElement><URDFElement z:Id="i351" i:type="Visual"><Attributes/><ChildElements><URDFElement z:Id="i352" i:type="Origin"><Attributes><Attribute z:Id="i353"><AttributeType>xyz</AttributeType><IsRequired>true</IsRequired><Value i:type="a:ArrayOfdouble" xmlns:a="http://schemas.microsoft.com/2003/10/Serialization/Arrays"><a:double>0</a:double><a:double>0</a:double><a:double>0</a:double></Value></Attribute><Attribute z:Id="i354"><AttributeType>rpy</AttributeType><IsRequired>true</IsRequired><Value i:type="a:ArrayOfdouble" xmlns:a="http://schemas.microsoft.com/2003/10/Serialization/Arrays"><a:double>0</a:double><a:double>0</a:double><a:double>0</a:double></Value></Attribute></Attributes><ChildElements/><ElementName>origin</ElementName><required>false</required><RPYAttribute z:Ref="i354"/><XYZAttribute z:Ref="i353"/><isCustomized>false</isCustomized></URDFElement><URDFElement z:Id="i355" i:type="Geometry"><Attributes/><ChildElements><URDFElement z:Id="i356" i:type="Mesh"><Attributes><Attribute z:Id="i357"><AttributeType>filename</AttributeType><IsRequired>true</IsRequired><Value i:nil="true"/></Attribute></Attributes><ChildElements/><ElementName>mesh</ElementName><required>false</required><FilenameAttribute z:Ref="i357"/></URDFElement></ChildElements><ElementName>geometry</ElementName><required>true</required><Mesh z:Ref="i356"/></URDFElement><URDFElement z:Id="i358" i:type="Material"><Attributes><Attribute z:Id="i359"><AttributeType>name</AttributeType><IsRequired>true</IsRequired><Value i:type="a:string" xmlns:a="http://www.w3.org/2001/XMLSchema"/></Attribute></Attributes><ChildElements><URDFElement z:Id="i360" i:type="Color"><Attributes><Attribute z:Id="i361"><AttributeType>rgba</AttributeType><IsRequired>true</IsRequired><Value i:type="a:ArrayOfdouble" xmlns:a="http://schemas.microsoft.com/2003/10/Serialization/Arrays"><a:double>0.79216</a:double><a:double>0.81961</a:double><a:double>0.93333</a:double><a:double>1</a:double></Value></Attribute></Attributes><ChildElements/><ElementName>color</ElementName><required>false</required><RGBAAttribute z:Ref="i361"/></URDFElement><URDFElement z:Id="i362" i:type="Texture"><Attributes><Attribute z:Id="i363"><AttributeType>filename</AttributeType><IsRequired>true</IsRequired><Value i:nil="true"/></Attribute></Attributes><ChildElements/><ElementName>texture</ElementName><required>false</required><FilenameAttribute z:Ref="i363"/><wFilename/></URDFElement></ChildElements><ElementName>material</ElementName><required>false</required><Color z:Ref="i360"/><NameAttribute z:Ref="i359"/><Texture z:Ref="i362"/></URDFElement></ChildElements><ElementName>visual</ElementName><required>false</required><Geometry z:Ref="i355"/><Material z:Ref="i358"/><Origin z:Ref="i352"/></URDFElement><URDFElement z:Id="i364" i:type="Collision"><Attributes/><ChildElements><URDFElement z:Id="i365" i:type="Origin"><Attributes><Attribute z:Id="i366"><AttributeType>xyz</AttributeType><IsRequired>true</IsRequired><Value i:type="a:ArrayOfdouble" xmlns:a="http://schemas.microsoft.com/2003/10/Serialization/Arrays"><a:double>0</a:double><a:double>0</a:double><a:double>0</a:double></Value></Attribute><Attribute z:Id="i367"><AttributeType>rpy</AttributeType><IsRequired>true</IsRequired><Value i:type="a:ArrayOfdouble" xmlns:a="http://schemas.microsoft.com/2003/10/Serialization/Arrays"><a:double>0</a:double><a:double>0</a:double><a:double>0</a:double></Value></Attribute></Attributes><ChildElements/><ElementName>origin</ElementName><required>false</required><RPYAttribute z:Ref="i367"/><XYZAttribute z:Ref="i366"/><isCustomized>false</isCustomized></URDFElement><URDFElement z:Id="i368" i:type="Geometry"><Attributes/><ChildElements><URDFElement z:Id="i369" i:type="Mesh"><Attributes><Attribute z:Id="i370"><AttributeType>filename</AttributeType><IsRequired>true</IsRequired><Value i:nil="true"/></Attribute></Attributes><ChildElements/><ElementName>mesh</ElementName><required>false</required><FilenameAttribute z:Ref="i370"/></URDFElement></ChildElements><ElementName>geometry</ElementName><required>true</required><Mesh z:Ref="i369"/></URDFElement></ChildElements><ElementName>collision</ElementName><required>false</required><Geometry z:Ref="i368"/><Origin z:Ref="i365"/></URDFElement><URDFElement z:Id="i371" i:type="Joint"><Attributes><Attribute z:Id="i372"><AttributeType>name</AttributeType><IsRequired>true</IsRequired><Value i:type="a:string" xmlns:a="http://www.w3.org/2001/XMLSchema">joint-5</Value></Attribute><Attribute z:Id="i373"><AttributeType>type</AttributeType><IsRequired>true</IsRequired><Value i:type="a:string" xmlns:a="http://www.w3.org/2001/XMLSchema">revolute</Value></Attribute></Attributes><ChildElements><URDFElement z:Id="i374" i:type="Origin"><Attributes><Attribute z:Id="i375"><AttributeType>xyz</AttributeType><IsRequired>true</IsRequired><Value i:type="a:ArrayOfdouble" xmlns:a="http://schemas.microsoft.com/2003/10/Serialization/Arrays"><a:double>0.093</a:double><a:double>-0.0029078</a:double><a:double>-0.086836</a:double></Value></Attribute><Attribute z:Id="i376"><AttributeType>rpy</AttributeType><IsRequired>true</IsRequired><Value i:type="a:ArrayOfdouble" xmlns:a="http://schemas.microsoft.com/2003/10/Serialization/Arrays"><a:double>0</a:double><a:double>-1.5708</a:double><a:double>0</a:double></Value></Attribute></Attributes><ChildElements/><ElementName>origin</ElementName><required>false</required><RPYAttribute z:Ref="i376"/><XYZAttribute z:Ref="i375"/><isCustomized>false</isCustomized></URDFElement><URDFElement z:Id="i377" i:type="ParentLink"><Attributes><Attribute z:Id="i378"><AttributeType>link</AttributeType><IsRequired>true</IsRequired><Value i:type="a:string" xmlns:a="http://www.w3.org/2001/XMLSchema">link-4</Value></Attribute></Attributes><ChildElements/><ElementName>parent</ElementName><required>true</required><NameAttribute z:Ref="i378"/></URDFElement><URDFElement z:Id="i379" i:type="ChildLink"><Attributes><Attribute z:Id="i380"><AttributeType>link</AttributeType><IsRequired>true</IsRequired><Value i:type="a:string" xmlns:a="http://www.w3.org/2001/XMLSchema">link-5</Value></Attribute></Attributes><ChildElements/><ElementName>child</ElementName><required>true</required><NameAttribute z:Ref="i380"/></URDFElement><URDFElement z:Id="i381" i:type="Axis"><Attributes><Attribute z:Id="i382"><AttributeType>xyz</AttributeType><IsRequired>true</IsRequired><Value i:type="a:ArrayOfdouble" xmlns:a="http://schemas.microsoft.com/2003/10/Serialization/Arrays"><a:double>0</a:double><a:double>0</a:double><a:double>0</a:double></Value></Attribute></Attributes><ChildElements/><ElementName>axis</ElementName><required>false</required><XYZAttribute z:Ref="i382"/></URDFElement><URDFElement z:Id="i383" i:type="Limit"><Attributes><Attribute z:Id="i384"><AttributeType>lower</AttributeType><IsRequired>true</IsRequired><Value i:type="a:double" xmlns:a="http://www.w3.org/2001/XMLSchema">0</Value></Attribute><Attribute z:Id="i385"><AttributeType>upper</AttributeType><IsRequired>true</IsRequired><Value i:type="a:double" xmlns:a="http://www.w3.org/2001/XMLSchema">3.142</Value></Attribute><Attribute z:Id="i386"><AttributeType>effort</AttributeType><IsRequired>true</IsRequired><Value i:type="a:double" xmlns:a="http://www.w3.org/2001/XMLSchema">2.45</Value></Attribute><Attribute z:Id="i387"><AttributeType>velocity</AttributeType><IsRequired>true</IsRequired><Value i:type="a:double" xmlns:a="http://www.w3.org/2001/XMLSchema">2</Value></Attribute></Attributes><ChildElements/><ElementName>limit</ElementName><required>true</required><EffortAttribute z:Ref="i386"/><LowerAttribute z:Ref="i384"/><UpperAttribute z:Ref="i385"/><VelocityAttribute z:Ref="i387"/></URDFElement><URDFElement z:Id="i388" i:type="Calibration"><Attributes><Attribute z:Id="i389"><AttributeType>rising</AttributeType><IsRequired>false</IsRequired><Value i:nil="true"/></Attribute><Attribute z:Id="i390"><AttributeType>falling</AttributeType><IsRequired>false</IsRequired><Value i:nil="true"/></Attribute></Attributes><ChildElements/><ElementName>calibration</ElementName><required>false</required><FallingAttribute z:Ref="i390"/><RisingAttribute z:Ref="i389"/></URDFElement><URDFElement z:Id="i391" i:type="Dynamics"><Attributes><Attribute z:Id="i392"><AttributeType>damping</AttributeType><IsRequired>false</IsRequired><Value i:nil="true"/></Attribute><Attribute z:Id="i393"><AttributeType>friction</AttributeType><IsRequired>false</IsRequired><Value i:nil="true"/></Attribute></Attributes><ChildElements/><ElementName>dynamics</ElementName><required>false</required><DampingAttribute z:Ref="i392"/><FrictionAttribute z:Ref="i393"/></URDFElement><URDFElement z:Id="i394" i:type="SafetyController"><Attributes><Attribute z:Id="i395"><AttributeType>soft_upper</AttributeType><IsRequired>false</IsRequired><Value i:nil="true"/></Attribute><Attribute z:Id="i396"><AttributeType>soft_lower</AttributeType><IsRequired>false</IsRequired><Value i:nil="true"/></Attribute><Attribute z:Id="i397"><AttributeType>k_position</AttributeType><IsRequired>false</IsRequired><Value i:nil="true"/></Attribute><Attribute z:Id="i398"><AttributeType>k_velocity</AttributeType><IsRequired>true</IsRequired><Value i:nil="true"/></Attribute></Attributes><ChildElements/><ElementName>safety_controller</ElementName><required>false</required><KPositionAttribute z:Ref="i397"/><KVelocityAttribute z:Ref="i398"/><SoftLowerAttribute z:Ref="i396"/><SoftUpperAttribute z:Ref="i395"/></URDFElement><URDFElement z:Id="i399" i:type="Mimic"><Attributes><Attribute z:Id="i400"><AttributeType>joint</AttributeType><IsRequired>true</IsRequired><Value i:nil="true"/></Attribute><Attribute z:Id="i401"><AttributeType>multiplier</AttributeType><IsRequired>false</IsRequired><Value i:nil="true"/></Attribute><Attribute z:Id="i402"><AttributeType>offset</AttributeType><IsRequired>false</IsRequired><Value i:nil="true"/></Attribute></Attributes><ChildElements/><ElementName>mimic</ElementName><required>false</required><JointNameAttribute z:Ref="i400"/><MultiplierAttribute z:Ref="i401"/><OffsetAttribute z:Ref="i402"/></URDFElement></ChildElements><ElementName>joint</ElementName><required>false</required><Axis z:Ref="i381"/><AxisName>Axis25</AxisName><Calibration z:Ref="i388"/><Child z:Ref="i379"/><CoordinateSystemName>Origin_joint-52</CoordinateSystemName><Dynamics z:Ref="i391"/><Limit z:Ref="i383"/><Mimic z:Ref="i399"/><NameAttribute z:Ref="i372"/><Origin z:Ref="i374"/><Parent z:Ref="i377"/><Safety z:Ref="i394"/><TypeAttribute z:Ref="i373"/></URDFElement></ChildElements><ElementName>link</ElementName><required>true</required><Children><Link z:Id="i403"><Attributes><Attribute z:Id="i404"><AttributeType>name</AttributeType><IsRequired>true</IsRequired><Value i:type="a:string" xmlns:a="http://www.w3.org/2001/XMLSchema">gripper-palm</Value></Attribute></Attributes><ChildElements><URDFElement z:Id="i405" i:type="Inertial"><Attributes/><ChildElements><URDFElement z:Id="i406" i:type="Origin"><Attributes><Attribute z:Id="i407"><AttributeType>xyz</AttributeType><IsRequired>true</IsRequired><Value i:type="a:ArrayOfdouble" xmlns:a="http://schemas.microsoft.com/2003/10/Serialization/Arrays"><a:double>0.0060026</a:double><a:double>-0.01055</a:double><a:double>0.019859</a:double></Value></Attribute><Attribute z:Id="i408"><AttributeType>rpy</AttributeType><IsRequired>true</IsRequired><Value i:type="a:ArrayOfdouble" xmlns:a="http://schemas.microsoft.com/2003/10/Serialization/Arrays"><a:double>0</a:double><a:double>0</a:double><a:double>0</a:double></Value></Attribute></Attributes><ChildElements/><ElementName>origin</ElementName><required>false</required><RPYAttribute z:Ref="i408"/><XYZAttribute z:Ref="i407"/><isCustomized>false</isCustomized></URDFElement><URDFElement z:Id="i409" i:type="Mass"><Attributes><Attribute z:Id="i410"><AttributeType>value</AttributeType><IsRequired>true</IsRequired><Value i:type="a:double" xmlns:a="http://www.w3.org/2001/XMLSchema">0.081485</Value></Attribute></Attributes><ChildElements/><ElementName>mass</ElementName><required>false</required><ValueAttribute z:Ref="i410"/></URDFElement><URDFElement z:Id="i411" i:type="Inertia"><Attributes><Attribute z:Id="i412"><AttributeType>ixx</AttributeType><IsRequired>true</IsRequired><Value i:type="a:double" xmlns:a="http://www.w3.org/2001/XMLSchema">5.0674E-05</Value></Attribute><Attribute z:Id="i413"><AttributeType>ixy</AttributeType><IsRequired>true</IsRequired><Value i:type="a:double" xmlns:a="http://www.w3.org/2001/XMLSchema">7.9164E-06</Value></Attribute><Attribute z:Id="i414"><AttributeType>ixz</AttributeType><IsRequired>true</IsRequired><Value i:type="a:double" xmlns:a="http://www.w3.org/2001/XMLSchema">-5.3733E-06</Value></Attribute><Attribute z:Id="i415"><AttributeType>iyy</AttributeType><IsRequired>true</IsRequired><Value i:type="a:double" xmlns:a="http://www.w3.org/2001/XMLSchema">6.2358E-05</Value></Attribute><Attribute z:Id="i416"><AttributeType>iyz</AttributeType><IsRequired>true</IsRequired><Value i:type="a:double" xmlns:a="http://www.w3.org/2001/XMLSchema">9.4438E-06</Value></Attribute><Attribute z:Id="i417"><AttributeType>izz</AttributeType><IsRequired>true</IsRequired><Value i:type="a:double" xmlns:a="http://www.w3.org/2001/XMLSchema">5.0168E-05</Value></Attribute></Attributes><ChildElements/><ElementName>inertia</ElementName><required>false</required><IxxAttribute z:Ref="i412"/><IxyAttribute z:Ref="i413"/><IxzAttribute z:Ref="i414"/><IyyAttribute z:Ref="i415"/><IyzAttribute z:Ref="i416"/><IzzAttribute z:Ref="i417"/></URDFElement></ChildElements><ElementName>inertial</ElementName><required>false</required><Inertia z:Ref="i411"/><Mass z:Ref="i409"/><Origin z:Ref="i406"/></URDFElement><URDFElement z:Id="i418" i:type="Visual"><Attributes/><ChildElements><URDFElement z:Id="i419" i:type="Origin"><Attributes><Attribute z:Id="i420"><AttributeType>xyz</AttributeType><IsRequired>true</IsRequired><Value i:type="a:ArrayOfdouble" xmlns:a="http://schemas.microsoft.com/2003/10/Serialization/Arrays"><a:double>0</a:double><a:double>0</a:double><a:double>0</a:double></Value></Attribute><Attribute z:Id="i421"><AttributeType>rpy</AttributeType><IsRequired>true</IsRequired><Value i:type="a:ArrayOfdouble" xmlns:a="http://schemas.microsoft.com/2003/10/Serialization/Arrays"><a:double>0</a:double><a:double>0</a:double><a:double>0</a:double></Value></Attribute></Attributes><ChildElements/><ElementName>origin</ElementName><required>false</required><RPYAttribute z:Ref="i421"/><XYZAttribute z:Ref="i420"/><isCustomized>false</isCustomized></URDFElement><URDFElement z:Id="i422" i:type="Geometry"><Attributes/><ChildElements><URDFElement z:Id="i423" i:type="Mesh"><Attributes><Attribute z:Id="i424"><AttributeType>filename</AttributeType><IsRequired>true</IsRequired><Value i:nil="true"/></Attribute></Attributes><ChildElements/><ElementName>mesh</ElementName><required>false</required><FilenameAttribute z:Ref="i424"/></URDFElement></ChildElements><ElementName>geometry</ElementName><required>true</required><Mesh z:Ref="i423"/></URDFElement><URDFElement z:Id="i425" i:type="Material"><Attributes><Attribute z:Id="i426"><AttributeType>name</AttributeType><IsRequired>true</IsRequired><Value i:type="a:string" xmlns:a="http://www.w3.org/2001/XMLSchema"/></Attribute></Attributes><ChildElements><URDFElement z:Id="i427" i:type="Color"><Attributes><Attribute z:Id="i428"><AttributeType>rgba</AttributeType><IsRequired>true</IsRequired><Value i:type="a:ArrayOfdouble" xmlns:a="http://schemas.microsoft.com/2003/10/Serialization/Arrays"><a:double>1</a:double><a:double>1</a:double><a:double>1</a:double><a:double>1</a:double></Value></Attribute></Attributes><ChildElements/><ElementName>color</ElementName><required>false</required><RGBAAttribute z:Ref="i428"/></URDFElement><URDFElement z:Id="i429" i:type="Texture"><Attributes><Attribute z:Id="i430"><AttributeType>filename</AttributeType><IsRequired>true</IsRequired><Value i:nil="true"/></Attribute></Attributes><ChildElements/><ElementName>texture</ElementName><required>false</required><FilenameAttribute z:Ref="i430"/><wFilename/></URDFElement></ChildElements><ElementName>material</ElementName><required>false</required><Color z:Ref="i427"/><NameAttribute z:Ref="i426"/><Texture z:Ref="i429"/></URDFElement></ChildElements><ElementName>visual</ElementName><required>false</required><Geometry z:Ref="i422"/><Material z:Ref="i425"/><Origin z:Ref="i419"/></URDFElement><URDFElement z:Id="i431" i:type="Collision"><Attributes/><ChildElements><URDFElement z:Id="i432" i:type="Origin"><Attributes><Attribute z:Id="i433"><AttributeType>xyz</AttributeType><IsRequired>true</IsRequired><Value i:type="a:ArrayOfdouble" xmlns:a="http://schemas.microsoft.com/2003/10/Serialization/Arrays"><a:double>0</a:double><a:double>0</a:double><a:double>0</a:double></Value></Attribute><Attribute z:Id="i434"><AttributeType>rpy</AttributeType><IsRequired>true</IsRequired><Value i:type="a:ArrayOfdouble" xmlns:a="http://schemas.microsoft.com/2003/10/Serialization/Arrays"><a:double>0</a:double><a:double>0</a:double><a:double>0</a:double></Value></Attribute></Attributes><ChildElements/><ElementName>origin</ElementName><required>false</required><RPYAttribute z:Ref="i434"/><XYZAttribute z:Ref="i433"/><isCustomized>false</isCustomized></URDFElement><URDFElement z:Id="i435" i:type="Geometry"><Attributes/><ChildElements><URDFElement z:Id="i436" i:type="Mesh"><Attributes><Attribute z:Id="i437"><AttributeType>filename</AttributeType><IsRequired>true</IsRequired><Value i:nil="true"/></Attribute></Attributes><ChildElements/><ElementName>mesh</ElementName><required>false</required><FilenameAttribute z:Ref="i437"/></URDFElement></ChildElements><ElementName>geometry</ElementName><required>true</required><Mesh z:Ref="i436"/></URDFElement></ChildElements><ElementName>collision</ElementName><required>false</required><Geometry z:Ref="i435"/><Origin z:Ref="i432"/></URDFElement><URDFElement z:Id="i438" i:type="Joint"><Attributes><Attribute z:Id="i439"><AttributeType>name</AttributeType><IsRequired>true</IsRequired><Value i:type="a:string" xmlns:a="http://www.w3.org/2001/XMLSchema">gripper-palm-joint</Value></Attribute><Attribute z:Id="i440"><AttributeType>type</AttributeType><IsRequired>true</IsRequired><Value i:type="a:string" xmlns:a="http://www.w3.org/2001/XMLSchema">fixed</Value></Attribute></Attributes><ChildElements><URDFElement z:Id="i441" i:type="Origin"><Attributes><Attribute z:Id="i442"><AttributeType>xyz</AttributeType><IsRequired>true</IsRequired><Value i:type="a:ArrayOfdouble" xmlns:a="http://schemas.microsoft.com/2003/10/Serialization/Arrays"><a:double>0.061816</a:double><a:double>-0.009</a:double><a:double>0.03</a:double></Value></Attribute><Attribute z:Id="i443"><AttributeType>rpy</AttributeType><IsRequired>true</IsRequired><Value i:type="a:ArrayOfdouble" xmlns:a="http://schemas.microsoft.com/2003/10/Serialization/Arrays"><a:double>0</a:double><a:double>0</a:double><a:double>3.1416</a:double></Value></Attribute></Attributes><ChildElements/><ElementName>origin</ElementName><required>false</required><RPYAttribute z:Ref="i443"/><XYZAttribute z:Ref="i442"/><isCustomized>false</isCustomized></URDFElement><URDFElement z:Id="i444" i:type="ParentLink"><Attributes><Attribute z:Id="i445"><AttributeType>link</AttributeType><IsRequired>true</IsRequired><Value i:type="a:string" xmlns:a="http://www.w3.org/2001/XMLSchema">link-5</Value></Attribute></Attributes><ChildElements/><ElementName>parent</ElementName><required>true</required><NameAttribute z:Ref="i445"/></URDFElement><URDFElement z:Id="i446" i:type="ChildLink"><Attributes><Attribute z:Id="i447"><AttributeType>link</AttributeType><IsRequired>true</IsRequired><Value i:type="a:string" xmlns:a="http://www.w3.org/2001/XMLSchema">gripper-palm</Value></Attribute></Attributes><ChildElements/><ElementName>child</ElementName><required>true</required><NameAttribute z:Ref="i447"/></URDFElement><URDFElement z:Id="i448" i:type="Axis"><Attributes><Attribute z:Id="i449"><AttributeType>xyz</AttributeType><IsRequired>true</IsRequired><Value i:type="a:ArrayOfdouble" xmlns:a="http://schemas.microsoft.com/2003/10/Serialization/Arrays"><a:double>0</a:double><a:double>0</a:double><a:double>0</a:double></Value></Attribute></Attributes><ChildElements/><ElementName>axis</ElementName><required>false</required><XYZAttribute z:Ref="i449"/></URDFElement><URDFElement z:Id="i450" i:type="Limit"><Attributes><Attribute z:Id="i451"><AttributeType>lower</AttributeType><IsRequired>false</IsRequired><Value i:nil="true"/></Attribute><Attribute z:Id="i452"><AttributeType>upper</AttributeType><IsRequired>false</IsRequired><Value i:nil="true"/></Attribute><Attribute z:Id="i453"><AttributeType>effort</AttributeType><IsRequired>true</IsRequired><Value i:nil="true"/></Attribute><Attribute z:Id="i454"><AttributeType>velocity</AttributeType><IsRequired>true</IsRequired><Value i:nil="true"/></Attribute></Attributes><ChildElements/><ElementName>limit</ElementName><required>false</required><EffortAttribute z:Ref="i453"/><LowerAttribute z:Ref="i451"/><UpperAttribute z:Ref="i452"/><VelocityAttribute z:Ref="i454"/></URDFElement><URDFElement z:Id="i455" i:type="Calibration"><Attributes><Attribute z:Id="i456"><AttributeType>rising</AttributeType><IsRequired>false</IsRequired><Value i:nil="true"/></Attribute><Attribute z:Id="i457"><AttributeType>falling</AttributeType><IsRequired>false</IsRequired><Value i:nil="true"/></Attribute></Attributes><ChildElements/><ElementName>calibration</ElementName><required>false</required><FallingAttribute z:Ref="i457"/><RisingAttribute z:Ref="i456"/></URDFElement><URDFElement z:Id="i458" i:type="Dynamics"><Attributes><Attribute z:Id="i459"><AttributeType>damping</AttributeType><IsRequired>false</IsRequired><Value i:nil="true"/></Attribute><Attribute z:Id="i460"><AttributeType>friction</AttributeType><IsRequired>false</IsRequired><Value i:nil="true"/></Attribute></Attributes><ChildElements/><ElementName>dynamics</ElementName><required>false</required><DampingAttribute z:Ref="i459"/><FrictionAttribute z:Ref="i460"/></URDFElement><URDFElement z:Id="i461" i:type="SafetyController"><Attributes><Attribute z:Id="i462"><AttributeType>soft_upper</AttributeType><IsRequired>false</IsRequired><Value i:nil="true"/></Attribute><Attribute z:Id="i463"><AttributeType>soft_lower</AttributeType><IsRequired>false</IsRequired><Value i:nil="true"/></Attribute><Attribute z:Id="i464"><AttributeType>k_position</AttributeType><IsRequired>false</IsRequired><Value i:nil="true"/></Attribute><Attribute z:Id="i465"><AttributeType>k_velocity</AttributeType><IsRequired>true</IsRequired><Value i:nil="true"/></Attribute></Attributes><ChildElements/><ElementName>safety_controller</ElementName><required>false</required><KPositionAttribute z:Ref="i464"/><KVelocityAttribute z:Ref="i465"/><SoftLowerAttribute z:Ref="i463"/><SoftUpperAttribute z:Ref="i462"/></URDFElement><URDFElement z:Id="i466" i:type="Mimic"><Attributes><Attribute z:Id="i467"><AttributeType>joint</AttributeType><IsRequired>true</IsRequired><Value i:nil="true"/></Attribute><Attribute z:Id="i468"><AttributeType>multiplier</AttributeType><IsRequired>false</IsRequired><Value i:nil="true"/></Attribute><Attribute z:Id="i469"><AttributeType>offset</AttributeType><IsRequired>false</IsRequired><Value i:nil="true"/></Attribute></Attributes><ChildElements/><ElementName>mimic</ElementName><required>false</required><JointNameAttribute z:Ref="i467"/><MultiplierAttribute z:Ref="i468"/><OffsetAttribute z:Ref="i469"/></URDFElement></ChildElements><ElementName>joint</ElementName><required>false</required><Axis z:Ref="i448"/><AxisName>Automatically Generate</AxisName><Calibration z:Ref="i455"/><Child z:Ref="i446"/><CoordinateSystemName>Origin_gripper-palm-joint2</CoordinateSystemName><Dynamics z:Ref="i458"/><Limit z:Ref="i450"/><Mimic z:Ref="i466"/><NameAttribute z:Ref="i439"/><Origin z:Ref="i441"/><Parent z:Ref="i444"/><Safety z:Ref="i461"/><TypeAttribute z:Ref="i440"/></URDFElement></ChildElements><ElementName>link</ElementName><required>true</required><Children><Link z:Id="i470"><Attributes><Attribute z:Id="i471"><AttributeType>name</AttributeType><IsRequired>true</IsRequired><Value i:type="a:string" xmlns:a="http://www.w3.org/2001/XMLSchema">left-jaw</Value></Attribute></Attributes><ChildElements><URDFElement z:Id="i472" i:type="Inertial"><Attributes/><ChildElements><URDFElement z:Id="i473" i:type="Origin"><Attributes><Attribute z:Id="i474"><AttributeType>xyz</AttributeType><IsRequired>true</IsRequired><Value i:type="a:ArrayOfdouble" xmlns:a="http://schemas.microsoft.com/2003/10/Serialization/Arrays"><a:double>-0.028589</a:double><a:double>0.0052053</a:double><a:double>0.031068</a:double></Value></Attribute><Attribute z:Id="i475"><AttributeType>rpy</AttributeType><IsRequired>true</IsRequired><Value i:type="a:ArrayOfdouble" xmlns:a="http://schemas.microsoft.com/2003/10/Serialization/Arrays"><a:double>0</a:double><a:double>0</a:double><a:double>0</a:double></Value></Attribute></Attributes><ChildElements/><ElementName>origin</ElementName><required>false</required><RPYAttribute z:Ref="i475"/><XYZAttribute z:Ref="i474"/><isCustomized>false</isCustomized></URDFElement><URDFElement z:Id="i476" i:type="Mass"><Attributes><Attribute z:Id="i477"><AttributeType>value</AttributeType><IsRequired>true</IsRequired><Value i:type="a:double" xmlns:a="http://www.w3.org/2001/XMLSchema">0.027503</Value></Attribute></Attributes><ChildElements/><ElementName>mass</ElementName><required>false</required><ValueAttribute z:Ref="i477"/></URDFElement><URDFElement z:Id="i478" i:type="Inertia"><Attributes><Attribute z:Id="i479"><AttributeType>ixx</AttributeType><IsRequired>true</IsRequired><Value i:type="a:double" xmlns:a="http://www.w3.org/2001/XMLSchema">4.9094E-05</Value></Attribute><Attribute z:Id="i480"><AttributeType>ixy</AttributeType><IsRequired>true</IsRequired><Value i:type="a:double" xmlns:a="http://www.w3.org/2001/XMLSchema">-1.9586E-08</Value></Attribute><Attribute z:Id="i481"><AttributeType>ixz</AttributeType><IsRequired>true</IsRequired><Value i:type="a:double" xmlns:a="http://www.w3.org/2001/XMLSchema">3.2876E-05</Value></Attribute><Attribute z:Id="i482"><AttributeType>iyy</AttributeType><IsRequired>true</IsRequired><Value i:type="a:double" xmlns:a="http://www.w3.org/2001/XMLSchema">8.0343E-05</Value></Attribute><Attribute z:Id="i483"><AttributeType>iyz</AttributeType><IsRequired>true</IsRequired><Value i:type="a:double" xmlns:a="http://www.w3.org/2001/XMLSchema">6.6402E-09</Value></Attribute><Attribute z:Id="i484"><AttributeType>izz</AttributeType><IsRequired>true</IsRequired><Value i:type="a:double" xmlns:a="http://www.w3.org/2001/XMLSchema">3.1643E-05</Value></Attribute></Attributes><ChildElements/><ElementName>inertia</ElementName><required>false</required><IxxAttribute z:Ref="i479"/><IxyAttribute z:Ref="i480"/><IxzAttribute z:Ref="i481"/><IyyAttribute z:Ref="i482"/><IyzAttribute z:Ref="i483"/><IzzAttribute z:Ref="i484"/></URDFElement></ChildElements><ElementName>inertial</ElementName><required>false</required><Inertia z:Ref="i478"/><Mass z:Ref="i476"/><Origin z:Ref="i473"/></URDFElement><URDFElement z:Id="i485" i:type="Visual"><Attributes/><ChildElements><URDFElement z:Id="i486" i:type="Origin"><Attributes><Attribute z:Id="i487"><AttributeType>xyz</AttributeType><IsRequired>true</IsRequired><Value i:type="a:ArrayOfdouble" xmlns:a="http://schemas.microsoft.com/2003/10/Serialization/Arrays"><a:double>0</a:double><a:double>0</a:double><a:double>0</a:double></Value></Attribute><Attribute z:Id="i488"><AttributeType>rpy</AttributeType><IsRequired>true</IsRequired><Value i:type="a:ArrayOfdouble" xmlns:a="http://schemas.microsoft.com/2003/10/Serialization/Arrays"><a:double>0</a:double><a:double>0</a:double><a:double>0</a:double></Value></Attribute></Attributes><ChildElements/><ElementName>origin</ElementName><required>false</required><RPYAttribute z:Ref="i488"/><XYZAttribute z:Ref="i487"/><isCustomized>false</isCustomized></URDFElement><URDFElement z:Id="i489" i:type="Geometry"><Attributes/><ChildElements><URDFElement z:Id="i490" i:type="Mesh"><Attributes><Attribute z:Id="i491"><AttributeType>filename</AttributeType><IsRequired>true</IsRequired><Value i:nil="true"/></Attribute></Attributes><ChildElements/><ElementName>mesh</ElementName><required>false</required><FilenameAttribute z:Ref="i491"/></URDFElement></ChildElements><ElementName>geometry</ElementName><required>true</required><Mesh z:Ref="i490"/></URDFElement><URDFElement z:Id="i492" i:type="Material"><Attributes><Attribute z:Id="i493"><AttributeType>name</AttributeType><IsRequired>true</IsRequired><Value i:type="a:string" xmlns:a="http://www.w3.org/2001/XMLSchema"/></Attribute></Attributes><ChildElements><URDFElement z:Id="i494" i:type="Color"><Attributes><Attribute z:Id="i495"><AttributeType>rgba</AttributeType><IsRequired>true</IsRequired><Value i:type="a:ArrayOfdouble" xmlns:a="http://schemas.microsoft.com/2003/10/Serialization/Arrays"><a:double>0</a:double><a:double>0.50196</a:double><a:double>1</a:double><a:double>1</a:double></Value></Attribute></Attributes><ChildElements/><ElementName>color</ElementName><required>false</required><RGBAAttribute z:Ref="i495"/></URDFElement><URDFElement z:Id="i496" i:type="Texture"><Attributes><Attribute z:Id="i497"><AttributeType>filename</AttributeType><IsRequired>true</IsRequired><Value i:nil="true"/></Attribute></Attributes><ChildElements/><ElementName>texture</ElementName><required>false</required><FilenameAttribute z:Ref="i497"/><wFilename/></URDFElement></ChildElements><ElementName>material</ElementName><required>false</required><Color z:Ref="i494"/><NameAttribute z:Ref="i493"/><Texture z:Ref="i496"/></URDFElement></ChildElements><ElementName>visual</ElementName><required>false</required><Geometry z:Ref="i489"/><Material z:Ref="i492"/><Origin z:Ref="i486"/></URDFElement><URDFElement z:Id="i498" i:type="Collision"><Attributes/><ChildElements><URDFElement z:Id="i499" i:type="Origin"><Attributes><Attribute z:Id="i500"><AttributeType>xyz</AttributeType><IsRequired>true</IsRequired><Value i:type="a:ArrayOfdouble" xmlns:a="http://schemas.microsoft.com/2003/10/Serialization/Arrays"><a:double>0</a:double><a:double>0</a:double><a:double>0</a:double></Value></Attribute><Attribute z:Id="i501"><AttributeType>rpy</AttributeType><IsRequired>true</IsRequired><Value i:type="a:ArrayOfdouble" xmlns:a="http://schemas.microsoft.com/2003/10/Serialization/Arrays"><a:double>0</a:double><a:double>0</a:double><a:double>0</a:double></Value></Attribute></Attributes><ChildElements/><ElementName>origin</ElementName><required>false</required><RPYAttribute z:Ref="i501"/><XYZAttribute z:Ref="i500"/><isCustomized>false</isCustomized></URDFElement><URDFElement z:Id="i502" i:type="Geometry"><Attributes/><ChildElements><URDFElement z:Id="i503" i:type="Mesh"><Attributes><Attribute z:Id="i504"><AttributeType>filename</AttributeType><IsRequired>true</IsRequired><Value i:nil="true"/></Attribute></Attributes><ChildElements/><ElementName>mesh</ElementName><required>false</required><FilenameAttribute z:Ref="i504"/></URDFElement></ChildElements><ElementName>geometry</ElementName><required>true</required><Mesh z:Ref="i503"/></URDFElement></ChildElements><ElementName>collision</ElementName><required>false</required><Geometry z:Ref="i502"/><Origin z:Ref="i499"/></URDFElement><URDFElement z:Id="i505" i:type="Joint"><Attributes><Attribute z:Id="i506"><AttributeType>name</AttributeType><IsRequired>true</IsRequired><Value i:type="a:string" xmlns:a="http://www.w3.org/2001/XMLSchema">left-jaw-joint</Value></Attribute><Attribute z:Id="i507"><AttributeType>type</AttributeType><IsRequired>true</IsRequired><Value i:type="a:string" xmlns:a="http://www.w3.org/2001/XMLSchema">revolute</Value></Attribute></Attributes><ChildElements><URDFElement z:Id="i508" i:type="Origin"><Attributes><Attribute z:Id="i509"><AttributeType>xyz</AttributeType><IsRequired>true</IsRequired><Value i:type="a:ArrayOfdouble" xmlns:a="http://schemas.microsoft.com/2003/10/Serialization/Arrays"><a:double>-0.022808</a:double><a:double>-0.0032752</a:double><a:double>0.030844</a:double></Value></Attribute><Attribute z:Id="i510"><AttributeType>rpy</AttributeType><IsRequired>true</IsRequired><Value i:type="a:ArrayOfdouble" xmlns:a="http://schemas.microsoft.com/2003/10/Serialization/Arrays"><a:double>0</a:double><a:double>0.62301</a:double><a:double>0</a:double></Value></Attribute></Attributes><ChildElements/><ElementName>origin</ElementName><required>false</required><RPYAttribute z:Ref="i510"/><XYZAttribute z:Ref="i509"/><isCustomized>false</isCustomized></URDFElement><URDFElement z:Id="i511" i:type="ParentLink"><Attributes><Attribute z:Id="i512"><AttributeType>link</AttributeType><IsRequired>true</IsRequired><Value i:type="a:string" xmlns:a="http://www.w3.org/2001/XMLSchema">gripper-palm</Value></Attribute></Attributes><ChildElements/><ElementName>parent</ElementName><required>true</required><NameAttribute z:Ref="i512"/></URDFElement><URDFElement z:Id="i513" i:type="ChildLink"><Attributes><Attribute z:Id="i514"><AttributeType>link</AttributeType><IsRequired>true</IsRequired><Value i:type="a:string" xmlns:a="http://www.w3.org/2001/XMLSchema">left-jaw</Value></Attribute></Attributes><ChildElements/><ElementName>child</ElementName><required>true</required><NameAttribute z:Ref="i514"/></URDFElement><URDFElement z:Id="i515" i:type="Axis"><Attributes><Attribute z:Id="i516"><AttributeType>xyz</AttributeType><IsRequired>true</IsRequired><Value i:type="a:ArrayOfdouble" xmlns:a="http://schemas.microsoft.com/2003/10/Serialization/Arrays"><a:double>0</a:double><a:double>0</a:double><a:double>0</a:double></Value></Attribute></Attributes><ChildElements/><ElementName>axis</ElementName><required>false</required><XYZAttribute z:Ref="i516"/></URDFElement><URDFElement z:Id="i517" i:type="Limit"><Attributes><Attribute z:Id="i518"><AttributeType>lower</AttributeType><IsRequired>true</IsRequired><Value i:type="a:double" xmlns:a="http://www.w3.org/2001/XMLSchema">0</Value></Attribute><Attribute z:Id="i519"><AttributeType>upper</AttributeType><IsRequired>true</IsRequired><Value i:type="a:double" xmlns:a="http://www.w3.org/2001/XMLSchema">7</Value></Attribute><Attribute z:Id="i520"><AttributeType>effort</AttributeType><IsRequired>true</IsRequired><Value i:type="a:double" xmlns:a="http://www.w3.org/2001/XMLSchema">2.45</Value></Attribute><Attribute z:Id="i521"><AttributeType>velocity</AttributeType><IsRequired>true</IsRequired><Value i:type="a:double" xmlns:a="http://www.w3.org/2001/XMLSchema">1</Value></Attribute></Attributes><ChildElements/><ElementName>limit</ElementName><required>true</required><EffortAttribute z:Ref="i520"/><LowerAttribute z:Ref="i518"/><UpperAttribute z:Ref="i519"/><VelocityAttribute z:Ref="i521"/></URDFElement><URDFElement z:Id="i522" i:type="Calibration"><Attributes><Attribute z:Id="i523"><AttributeType>rising</AttributeType><IsRequired>false</IsRequired><Value i:nil="true"/></Attribute><Attribute z:Id="i524"><AttributeType>falling</AttributeType><IsRequired>false</IsRequired><Value i:nil="true"/></Attribute></Attributes><ChildElements/><ElementName>calibration</ElementName><required>false</required><FallingAttribute z:Ref="i524"/><RisingAttribute z:Ref="i523"/></URDFElement><URDFElement z:Id="i525" i:type="Dynamics"><Attributes><Attribute z:Id="i526"><AttributeType>damping</AttributeType><IsRequired>false</IsRequired><Value i:nil="true"/></Attribute><Attribute z:Id="i527"><AttributeType>friction</AttributeType><IsRequired>false</IsRequired><Value i:nil="true"/></Attribute></Attributes><ChildElements/><ElementName>dynamics</ElementName><required>false</required><DampingAttribute z:Ref="i526"/><FrictionAttribute z:Ref="i527"/></URDFElement><URDFElement z:Id="i528" i:type="SafetyController"><Attributes><Attribute z:Id="i529"><AttributeType>soft_upper</AttributeType><IsRequired>false</IsRequired><Value i:nil="true"/></Attribute><Attribute z:Id="i530"><AttributeType>soft_lower</AttributeType><IsRequired>false</IsRequired><Value i:nil="true"/></Attribute><Attribute z:Id="i531"><AttributeType>k_position</AttributeType><IsRequired>false</IsRequired><Value i:nil="true"/></Attribute><Attribute z:Id="i532"><AttributeType>k_velocity</AttributeType><IsRequired>true</IsRequired><Value i:nil="true"/></Attribute></Attributes><ChildElements/><ElementName>safety_controller</ElementName><required>false</required><KPositionAttribute z:Ref="i531"/><KVelocityAttribute z:Ref="i532"/><SoftLowerAttribute z:Ref="i530"/><SoftUpperAttribute z:Ref="i529"/></URDFElement><URDFElement z:Id="i533" i:type="Mimic"><Attributes><Attribute z:Id="i534"><AttributeType>joint</AttributeType><IsRequired>true</IsRequired><Value i:nil="true"/></Attribute><Attribute z:Id="i535"><AttributeType>multiplier</AttributeType><IsRequired>false</IsRequired><Value i:nil="true"/></Attribute><Attribute z:Id="i536"><AttributeType>offset</AttributeType><IsRequired>false</IsRequired><Value i:nil="true"/></Attribute></Attributes><ChildElements/><ElementName>mimic</ElementName><required>false</required><JointNameAttribute z:Ref="i534"/><MultiplierAttribute z:Ref="i535"/><OffsetAttribute z:Ref="i536"/></URDFElement></ChildElements><ElementName>joint</ElementName><required>false</required><Axis z:Ref="i515"/><AxisName>Axis20</AxisName><Calibration z:Ref="i522"/><Child z:Ref="i513"/><CoordinateSystemName>Origin_left-jaw-joint2</CoordinateSystemName><Dynamics z:Ref="i525"/><Limit z:Ref="i517"/><Mimic z:Ref="i533"/><NameAttribute z:Ref="i506"/><Origin z:Ref="i508"/><Parent z:Ref="i511"/><Safety z:Ref="i528"/><TypeAttribute z:Ref="i507"/></URDFElement></ChildElements><ElementName>link</ElementName><required>true</required><Children/><Collision z:Ref="i498"/><Inertial z:Ref="i472"/><Joint z:Ref="i505"/><NameAttribute z:Ref="i471"/><Parent z:Ref="i403"/><STLQualityFine>false</STLQualityFine><SWComponentPIDs xmlns:a="http://schemas.microsoft.com/2003/10/Serialization/Arrays"><a:base64Binary>WBsAAAUAAAD//v88QQBzAHMAZQBtADEANAAtADEAQAA1AC0AZABvAGYAXwByAG8AYgBvAHQAaQBjAF8AYQByAG0AXwB2AGUAcgAtADIALgAxAC4AMQAvAEcAZQBhAHIAIAAxAC4AMQAuAGkAcAB0AC0AMQBAAEEAcwBzAGUAbQAxADQABAAAABAAAAABAAAAAgAAAOcAAAAWAAAA</a:base64Binary><a:base64Binary>WBsAAAUAAAD//v81QQBzAHMAZQBtADEANAAtADEAQAA1AC0AZABvAGYAXwByAG8AYgBvAHQAaQBjAF8AYQByAG0AXwB2AGUAcgAtADIALgAxAC4AMQAvAFAAYQByAHQANAAtADEAQABBAHMAcwBlAG0AMQA0AAQAAAAQAAAAAQAAAAIAAADnAAAALwAAAA==</a:base64Binary><a:base64Binary>WBsAAAUAAAD//v88QQBzAHMAZQBtADMALQAxAEAANQAtAGQAbwBmAF8AcgBvAGIAbwB0AGkAYwBfAGEAcgBtAF8AdgBlAHIALQAyAC4AMQAuADEALwBTAHQAcgBhAGkAbgAgAEcAYQB1AGcAZQAtADEALQAxAEAAQQBzAHMAZQBtADMABAAAABAAAAABAAAAAgAAACQCAAAUAAAA</a:base64Binary></SWComponentPIDs><SWMainComponentPID i:nil="true"/><Visual z:Ref="i485"/><isFixedFrame>false</isFixedFrame><isIncomplete>false</isIncomplete></Link><Link z:Id="i537"><Attributes><Attribute z:Id="i538"><AttributeType>name</AttributeType><IsRequired>true</IsRequired><Value i:type="a:string" xmlns:a="http://www.w3.org/2001/XMLSchema">right-jaw</Value></Attribute></Attributes><ChildElements><URDFElement z:Id="i539" i:type="Inertial"><Attributes/><ChildElements><URDFElement z:Id="i540" i:type="Origin"><Attributes><Attribute z:Id="i541"><AttributeType>xyz</AttributeType><IsRequired>true</IsRequired><Value i:type="a:ArrayOfdouble" xmlns:a="http://schemas.microsoft.com/2003/10/Serialization/Arrays"><a:double>-0.028589130219502268</a:double><a:double>0.005205337728317605</a:double><a:double>0.031067668423527206</a:double></Value></Attribute><Attribute z:Id="i542"><AttributeType>rpy</AttributeType><IsRequired>true</IsRequired><Value i:type="a:ArrayOfdouble" xmlns:a="http://schemas.microsoft.com/2003/10/Serialization/Arrays"><a:double>0</a:double><a:double>0</a:double><a:double>0</a:double></Value></Attribute></Attributes><ChildElements/><ElementName>origin</ElementName><required>false</required><RPYAttribute z:Ref="i542"/><XYZAttribute z:Ref="i541"/><isCustomized>false</isCustomized></URDFElement><URDFElement z:Id="i543" i:type="Mass"><Attributes><Attribute z:Id="i544"><AttributeType>value</AttributeType><IsRequired>true</IsRequired><Value i:type="a:double" xmlns:a="http://www.w3.org/2001/XMLSchema">0.027502978286191811</Value></Attribute></Attributes><ChildElements/><ElementName>mass</ElementName><required>false</required><ValueAttribute z:Ref="i544"/></URDFElement><URDFElement z:Id="i545" i:type="Inertia"><Attributes><Attribute z:Id="i546"><AttributeType>ixx</AttributeType><IsRequired>true</IsRequired><Value i:type="a:double" xmlns:a="http://www.w3.org/2001/XMLSchema">4.9094291195506531E-05</Value></Attribute><Attribute z:Id="i547"><AttributeType>ixy</AttributeType><IsRequired>true</IsRequired><Value i:type="a:double" xmlns:a="http://www.w3.org/2001/XMLSchema">-1.958572391482584E-08</Value></Attribute><Attribute z:Id="i548"><AttributeType>ixz</AttributeType><IsRequired>true</IsRequired><Value i:type="a:double" xmlns:a="http://www.w3.org/2001/XMLSchema">3.2876277523318191E-05</Value></Attribute><Attribute z:Id="i549"><AttributeType>iyy</AttributeType><IsRequired>true</IsRequired><Value i:type="a:double" xmlns:a="http://www.w3.org/2001/XMLSchema">8.0342882268224919E-05</Value></Attribute><Attribute z:Id="i550"><AttributeType>iyz</AttributeType><IsRequired>true</IsRequired><Value i:type="a:double" xmlns:a="http://www.w3.org/2001/XMLSchema">6.6401863458290982E-09</Value></Attribute><Attribute z:Id="i551"><AttributeType>izz</AttributeType><IsRequired>true</IsRequired><Value i:type="a:double" xmlns:a="http://www.w3.org/2001/XMLSchema">3.1642738548300478E-05</Value></Attribute></Attributes><ChildElements/><ElementName>inertia</ElementName><required>false</required><IxxAttribute z:Ref="i546"/><IxyAttribute z:Ref="i547"/><IxzAttribute z:Ref="i548"/><IyyAttribute z:Ref="i549"/><IyzAttribute z:Ref="i550"/><IzzAttribute z:Ref="i551"/></URDFElement></ChildElements><ElementName>inertial</ElementName><required>false</required><Inertia z:Ref="i545"/><Mass z:Ref="i543"/><Origin z:Ref="i540"/></URDFElement><URDFElement z:Id="i552" i:type="Visual"><Attributes/><ChildElements><URDFElement z:Id="i553" i:type="Origin"><Attributes><Attribute z:Id="i554"><AttributeType>xyz</AttributeType><IsRequired>true</IsRequired><Value i:type="a:ArrayOfdouble" xmlns:a="http://schemas.microsoft.com/2003/10/Serialization/Arrays"><a:double>0</a:double><a:double>0</a:double><a:double>0</a:double></Value></Attribute><Attribute z:Id="i555"><AttributeType>rpy</AttributeType><IsRequired>true</IsRequired><Value i:type="a:ArrayOfdouble" xmlns:a="http://schemas.microsoft.com/2003/10/Serialization/Arrays"><a:double>0</a:double><a:double>0</a:double><a:double>0</a:double></Value></Attribute></Attributes><ChildElements/><ElementName>origin</ElementName><required>false</required><RPYAttribute z:Ref="i555"/><XYZAttribute z:Ref="i554"/><isCustomized>false</isCustomized></URDFElement><URDFElement z:Id="i556" i:type="Geometry"><Attributes/><ChildElements><URDFElement z:Id="i557" i:type="Mesh"><Attributes><Attribute z:Id="i558"><AttributeType>filename</AttributeType><IsRequired>true</IsRequired><Value i:nil="true"/></Attribute></Attributes><ChildElements/><ElementName>mesh</ElementName><required>false</required><FilenameAttribute z:Ref="i558"/></URDFElement></ChildElements><ElementName>geometry</ElementName><required>true</required><Mesh z:Ref="i557"/></URDFElement><URDFElement z:Id="i559" i:type="Material"><Attributes><Attribute z:Id="i560"><AttributeType>name</AttributeType><IsRequired>true</IsRequired><Value i:type="a:string" xmlns:a="http://www.w3.org/2001/XMLSchema"/></Attribute></Attributes><ChildElements><URDFElement z:Id="i561" i:type="Color"><Attributes><Attribute z:Id="i562"><AttributeType>rgba</AttributeType><IsRequired>true</IsRequired><Value i:type="a:ArrayOfdouble" xmlns:a="http://schemas.microsoft.com/2003/10/Serialization/Arrays"><a:double>0</a:double><a:double>0.50196078431372548</a:double><a:double>1</a:double><a:double>1</a:double></Value></Attribute></Attributes><ChildElements/><ElementName>color</ElementName><required>false</required><RGBAAttribute z:Ref="i562"/></URDFElement><URDFElement z:Id="i563" i:type="Texture"><Attributes><Attribute z:Id="i564"><AttributeType>filename</AttributeType><IsRequired>true</IsRequired><Value i:nil="true"/></Attribute></Attributes><ChildElements/><ElementName>texture</ElementName><required>false</required><FilenameAttribute z:Ref="i564"/><wFilename/></URDFElement></ChildElements><ElementName>material</ElementName><required>false</required><Color z:Ref="i561"/><NameAttribute z:Ref="i560"/><Texture z:Ref="i563"/></URDFElement></ChildElements><ElementName>visual</ElementName><required>false</required><Geometry z:Ref="i556"/><Material z:Ref="i559"/><Origin z:Ref="i553"/></URDFElement><URDFElement z:Id="i565" i:type="Collision"><Attributes/><ChildElements><URDFElement z:Id="i566" i:type="Origin"><Attributes><Attribute z:Id="i567"><AttributeType>xyz</AttributeType><IsRequired>true</IsRequired><Value i:type="a:ArrayOfdouble" xmlns:a="http://schemas.microsoft.com/2003/10/Serialization/Arrays"><a:double>0</a:double><a:double>0</a:double><a:double>0</a:double></Value></Attribute><Attribute z:Id="i568"><AttributeType>rpy</AttributeType><IsRequired>true</IsRequired><Value i:type="a:ArrayOfdouble" xmlns:a="http://schemas.microsoft.com/2003/10/Serialization/Arrays"><a:double>0</a:double><a:double>0</a:double><a:double>0</a:double></Value></Attribute></Attributes><ChildElements/><ElementName>origin</ElementName><required>false</required><RPYAttribute z:Ref="i568"/><XYZAttribute z:Ref="i567"/><isCustomized>false</isCustomized></URDFElement><URDFElement z:Id="i569" i:type="Geometry"><Attributes/><ChildElements><URDFElement z:Id="i570" i:type="Mesh"><Attributes><Attribute z:Id="i571"><AttributeType>filename</AttributeType><IsRequired>true</IsRequired><Value i:nil="true"/></Attribute></Attributes><ChildElements/><ElementName>mesh</ElementName><required>false</required><FilenameAttribute z:Ref="i571"/></URDFElement></ChildElements><ElementName>geometry</ElementName><required>true</required><Mesh z:Ref="i570"/></URDFElement></ChildElements><ElementName>collision</ElementName><required>false</required><Geometry z:Ref="i569"/><Origin z:Ref="i566"/></URDFElement><URDFElement z:Id="i572" i:type="Joint"><Attributes><Attribute z:Id="i573"><AttributeType>name</AttributeType><IsRequired>true</IsRequired><Value i:type="a:string" xmlns:a="http://www.w3.org/2001/XMLSchema">right-jaw-joint</Value></Attribute><Attribute z:Id="i574"><AttributeType>type</AttributeType><IsRequired>true</IsRequired><Value i:type="a:string" xmlns:a="http://www.w3.org/2001/XMLSchema">revolute</Value></Attribute></Attributes><ChildElements><URDFElement z:Id="i575" i:type="Origin"><Attributes><Attribute z:Id="i576"><AttributeType>xyz</AttributeType><IsRequired>true</IsRequired><Value i:type="a:ArrayOfdouble" xmlns:a="http://schemas.microsoft.com/2003/10/Serialization/Arrays"><a:double>0.024199</a:double><a:double>0.007225</a:double><a:double>0.030844</a:double></Value></Attribute><Attribute z:Id="i577"><AttributeType>rpy</AttributeType><IsRequired>true</IsRequired><Value i:type="a:ArrayOfdouble" xmlns:a="http://schemas.microsoft.com/2003/10/Serialization/Arrays"><a:double>0</a:double><a:double>0.62439</a:double><a:double>3.1416</a:double></Value></Attribute></Attributes><ChildElements/><ElementName>origin</ElementName><required>false</required><RPYAttribute z:Ref="i577"/><XYZAttribute z:Ref="i576"/><isCustomized>false</isCustomized></URDFElement><URDFElement z:Id="i578" i:type="ParentLink"><Attributes><Attribute z:Id="i579"><AttributeType>link</AttributeType><IsRequired>true</IsRequired><Value i:type="a:string" xmlns:a="http://www.w3.org/2001/XMLSchema">gripper-palm</Value></Attribute></Attributes><ChildElements/><ElementName>parent</ElementName><required>true</required><NameAttribute z:Ref="i579"/></URDFElement><URDFElement z:Id="i580" i:type="ChildLink"><Attributes><Attribute z:Id="i581"><AttributeType>link</AttributeType><IsRequired>true</IsRequired><Value i:type="a:string" xmlns:a="http://www.w3.org/2001/XMLSchema">right-jaw</Value></Attribute></Attributes><ChildElements/><ElementName>child</ElementName><required>true</required><NameAttribute z:Ref="i581"/></URDFElement><URDFElement z:Id="i582" i:type="Axis"><Attributes><Attribute z:Id="i583"><AttributeType>xyz</AttributeType><IsRequired>true</IsRequired><Value i:type="a:ArrayOfdouble" xmlns:a="http://schemas.microsoft.com/2003/10/Serialization/Arrays"><a:double>0</a:double><a:double>0</a:double><a:double>0</a:double></Value></Attribute></Attributes><ChildElements/><ElementName>axis</ElementName><required>false</required><XYZAttribute z:Ref="i583"/></URDFElement><URDFElement z:Id="i584" i:type="Limit"><Attributes><Attribute z:Id="i585"><AttributeType>lower</AttributeType><IsRequired>true</IsRequired><Value i:type="a:double" xmlns:a="http://www.w3.org/2001/XMLSchema">-7</Value></Attribute><Attribute z:Id="i586"><AttributeType>upper</AttributeType><IsRequired>true</IsRequired><Value i:type="a:double" xmlns:a="http://www.w3.org/2001/XMLSchema">0</Value></Attribute><Attribute z:Id="i587"><AttributeType>effort</AttributeType><IsRequired>true</IsRequired><Value i:type="a:double" xmlns:a="http://www.w3.org/2001/XMLSchema">2.45</Value></Attribute><Attribute z:Id="i588"><AttributeType>velocity</AttributeType><IsRequired>true</IsRequired><Value i:type="a:double" xmlns:a="http://www.w3.org/2001/XMLSchema">1</Value></Attribute></Attributes><ChildElements/><ElementName>limit</ElementName><required>true</required><EffortAttribute z:Ref="i587"/><LowerAttribute z:Ref="i585"/><UpperAttribute z:Ref="i586"/><VelocityAttribute z:Ref="i588"/></URDFElement><URDFElement z:Id="i589" i:type="Calibration"><Attributes><Attribute z:Id="i590"><AttributeType>rising</AttributeType><IsRequired>false</IsRequired><Value i:nil="true"/></Attribute><Attribute z:Id="i591"><AttributeType>falling</AttributeType><IsRequired>false</IsRequired><Value i:nil="true"/></Attribute></Attributes><ChildElements/><ElementName>calibration</ElementName><required>false</required><FallingAttribute z:Ref="i591"/><RisingAttribute z:Ref="i590"/></URDFElement><URDFElement z:Id="i592" i:type="Dynamics"><Attributes><Attribute z:Id="i593"><AttributeType>damping</AttributeType><IsRequired>false</IsRequired><Value i:nil="true"/></Attribute><Attribute z:Id="i594"><AttributeType>friction</AttributeType><IsRequired>false</IsRequired><Value i:nil="true"/></Attribute></Attributes><ChildElements/><ElementName>dynamics</ElementName><required>false</required><DampingAttribute z:Ref="i593"/><FrictionAttribute z:Ref="i594"/></URDFElement><URDFElement z:Id="i595" i:type="SafetyController"><Attributes><Attribute z:Id="i596"><AttributeType>soft_upper</AttributeType><IsRequired>false</IsRequired><Value i:nil="true"/></Attribute><Attribute z:Id="i597"><AttributeType>soft_lower</AttributeType><IsRequired>false</IsRequired><Value i:nil="true"/></Attribute><Attribute z:Id="i598"><AttributeType>k_position</AttributeType><IsRequired>false</IsRequired><Value i:nil="true"/></Attribute><Attribute z:Id="i599"><AttributeType>k_velocity</AttributeType><IsRequired>true</IsRequired><Value i:nil="true"/></Attribute></Attributes><ChildElements/><ElementName>safety_controller</ElementName><required>false</required><KPositionAttribute z:Ref="i598"/><KVelocityAttribute z:Ref="i599"/><SoftLowerAttribute z:Ref="i597"/><SoftUpperAttribute z:Ref="i596"/></URDFElement><URDFElement z:Id="i600" i:type="Mimic"><Attributes><Attribute z:Id="i601"><AttributeType>joint</AttributeType><IsRequired>true</IsRequired><Value i:nil="true"/></Attribute><Attribute z:Id="i602"><AttributeType>multiplier</AttributeType><IsRequired>false</IsRequired><Value i:nil="true"/></Attribute><Attribute z:Id="i603"><AttributeType>offset</AttributeType><IsRequired>false</IsRequired><Value i:nil="true"/></Attribute></Attributes><ChildElements/><ElementName>mimic</ElementName><required>false</required><JointNameAttribute z:Ref="i601"/><MultiplierAttribute z:Ref="i602"/><OffsetAttribute z:Ref="i603"/></URDFElement></ChildElements><ElementName>joint</ElementName><required>false</required><Axis z:Ref="i582"/><AxisName>Axis19</AxisName><Calibration z:Ref="i589"/><Child z:Ref="i580"/><CoordinateSystemName>Origin_right-jaw-joint2</CoordinateSystemName><Dynamics z:Ref="i592"/><Limit z:Ref="i584"/><Mimic z:Ref="i600"/><NameAttribute z:Ref="i573"/><Origin z:Ref="i575"/><Parent z:Ref="i578"/><Safety z:Ref="i595"/><TypeAttribute z:Ref="i574"/></URDFElement></ChildElements><ElementName>link</ElementName><required>true</required><Children/><Collision z:Ref="i565"/><Inertial z:Ref="i539"/><Joint z:Ref="i572"/><NameAttribute z:Ref="i538"/><Parent z:Ref="i403"/><STLQualityFine>false</STLQualityFine><SWComponentPIDs xmlns:a="http://schemas.microsoft.com/2003/10/Serialization/Arrays"><a:base64Binary>WBsAAAUAAAD//v88QQBzAHMAZQBtADEANAAtADEAQAA1AC0AZABvAGYAXwByAG8AYgBvAHQAaQBjAF8AYQByAG0AXwB2AGUAcgAtADIALgAxAC4AMQAvAEcAZQBhAHIAIAAxAC4AMQAuAGkAcAB0AC0AMwBAAEEAcwBzAGUAbQAxADQABAAAABAAAAABAAAAAgAAAOcAAAAZAAAA</a:base64Binary><a:base64Binary>WBsAAAUAAAD//v81QQBzAHMAZQBtADEANAAtADEAQAA1AC0AZABvAGYAXwByAG8AYgBvAHQAaQBjAF8AYQByAG0AXwB2AGUAcgAtADIALgAxAC4AMQAvAFAAYQByAHQAMwAtADEAQABBAHMAcwBlAG0AMQA0AAQAAAAQAAAAAQAAAAIAAADnAAAAKQAAAA==</a:base64Binary></SWComponentPIDs><SWMainComponentPID i:nil="true"/><Visual z:Ref="i552"/><isFixedFrame>false</isFixedFrame><isIncomplete>false</isIncomplete></Link></Children><Collision z:Ref="i431"/><Inertial z:Ref="i405"/><Joint z:Ref="i438"/><NameAttribute z:Ref="i404"/><Parent z:Ref="i336"/><STLQualityFine>false</STLQualityFine><SWComponentPIDs xmlns:a="http://schemas.microsoft.com/2003/10/Serialization/Arrays"><a:base64Binary>WBsAAAUAAAD//v9AQQBzAHMAZQBtADEANAAtADEAQAA1AC0AZABvAGYAXwByAG8AYgBvAHQAaQBjAF8AYQByAG0AXwB2AGUAcgAtADIALgAxAC4AMQAvAE0AWQAgAEcAUgBJAFAAUABFAFIAIABQAEwAYQB0AGUALQAxAEAAQQBzAHMAZQBtADEANAAEAAAAEAAAAAEAAAACAAAA5wAAABcAAAA=</a:base64Binary><a:base64Binary>WBsAAAUAAAD//v8mUwBlAHIAdgBvACAAMQAwAC0AMgBAADUALQBkAG8AZgBfAHIAbwBiAG8AdABpAGMAXwBhAHIAbQBfAHYAZQByAC0AMgAuADEALgAxAAQAAAAQAAAAAQAAAAEAAADxAAAA</a:base64Binary><a:base64Binary>WBsAAAUAAAD//v8nSQBSAHMAZQBuAHMAbwByAHMALQAxAEAANQAtAGQAbwBmAF8AcgBvAGIAbwB0AGkAYwBfAGEAcgBtAF8AdgBlAHIALQAyAC4AMQAuADEABAAAABAAAAABAAAAAQAAABcCAAA=</a:base64Binary></SWComponentPIDs><SWMainComponentPID i:nil="true"/><Visual z:Ref="i418"/><isFixedFrame>false</isFixedFrame><isIncomplete>false</isIncomplete></Link></Children><Collision z:Ref="i364"/><Inertial z:Ref="i338"/><Joint z:Ref="i371"/><NameAttribute z:Ref="i337"/><Parent z:Ref="i269"/><STLQualityFine>false</STLQualityFine><SWComponentPIDs xmlns:a="http://schemas.microsoft.com/2003/10/Serialization/Arrays"><a:base64Binary>WBsAAAUAAAD//v9QRwBSAEkAUABQAEUAUgAgAEgATwBMAEQARQBSACAAIAAtADEAQAA1AC0AZABvAGYAXwByAG8AYgBvAHQAaQBjAF8AYQByAG0AXwB2AGUAcgAtADIALgAxAC4AMQAvAGcAcgBpAHAAcABlAHIAIABoAG8AbABkAGUAcgAtADEAQABHAFIASQBQAFAARQBSACAASABPAEwARABFAFIAIAAgAAQAAAAQAAAAAQAAAAIAAADPAAAAFAAAAA==</a:base64Binary><a:base64Binary>WBsAAAUAAAD//v9PRwBSAEkAUABQAEUAUgAgAEgATwBMAEQARQBSACAAIAAtADEAQAA1AC0AZABvAGYAXwByAG8AYgBvAHQAaQBjAF8AYQByAG0AXwB2AGUAcgAtADIALgAxAC4AMQAvAGcAcgBpAHAAcABlAHIAIABwAGwAYQB0AGUALQAxAEAARwBSAEkAUABQAEUAUgAgAEgATwBMAEQARQBSACAAIAAEAAAAEAAAAAEAAAACAAAAzwAAABUAAAA=</a:base64Binary></SWComponentPIDs><SWMainComponentPID i:nil="true"/><Visual z:Ref="i351"/><isFixedFrame>false</isFixedFrame><isIncomplete>false</isIncomplete></Link></Children><Collision z:Ref="i297"/><Inertial z:Ref="i271"/><Joint z:Ref="i304"/><NameAttribute z:Ref="i270"/><Parent z:Ref="i202"/><STLQualityFine>false</STLQualityFine><SWComponentPIDs xmlns:a="http://schemas.microsoft.com/2003/10/Serialization/Arrays"><a:base64Binary>WBsAAAUAAAD//v8mbABpAG4AawA0AG4AZQB3AC0AMQBAADUALQBkAG8AZgBfAHIAbwBiAG8AdABpAGMAXwBhAHIAbQBfAHYAZQByAC0AMgAuADEALgAxAAQAAAAQAAAAAQAAAAEAAACmAAAA</a:base64Binary><a:base64Binary>WBsAAAUAAAD//v8wcwBlAHYAbwByACAAaABvAGwAZABlAHIAIABtAGkAbgBlACAALQAxAEAANQAtAGQAbwBmAF8AcgBvAGIAbwB0AGkAYwBfAGEAcgBtAF8AdgBlAHIALQAyAC4AMQAuADEABAAAABAAAAABAAAAAQAAALEAAAA=</a:base64Binary><a:base64Binary>WBsAAAUAAAD//v8kbABpAGsAMgBfADIALQAxAEAANQAtAGQAbwBmAF8AcgBvAGIAbwB0AGkAYwBfAGEAcgBtAF8AdgBlAHIALQAyAC4AMQAuADEABAAAABAAAAABAAAAAQAAAKkAAAA=</a:base64Binary><a:base64Binary>WBsAAAUAAAD//v8mUwBlAHIAdgBvACAAMQAwAC0AMQBAADUALQBkAG8AZgBfAHIAbwBiAG8AdABpAGMAXwBhAHIAbQBfAHYAZQByAC0AMgAuADEALgAxAAQAAAAQAAAAAQAAAAEAAADHAAAA</a:base64Binary><a:base64Binary>WBsAAAUAAAD//v8tMwA1AEsAZwBfAFMAZQByAHYAbwAgAGgAbwByAG4ALQA1AEAANQAtAGQAbwBmAF8AcgBvAGIAbwB0AGkAYwBfAGEAcgBtAF8AdgBlAHIALQAyAC4AMQAuADEABAAAABAAAAABAAAAAQAAAMsAAAA=</a:base64Binary></SWComponentPIDs><SWMainComponentPID i:nil="true"/><Visual z:Ref="i284"/><isFixedFrame>false</isFixedFrame><isIncomplete>false</isIncomplete></Link></Children><Collision z:Ref="i230"/><Inertial z:Ref="i204"/><Joint z:Ref="i237"/><NameAttribute z:Ref="i203"/><Parent z:Ref="i135"/><STLQualityFine>false</STLQualityFine><SWComponentPIDs xmlns:a="http://schemas.microsoft.com/2003/10/Serialization/Arrays"><a:base64Binary>WBsAAAUAAAD//v8xbABpAG4AawAgADMALgBTAEwARABQAFIAVAAzAF8AMQBOAEUAVwAtADEAQAA1AC0AZABvAGYAXwByAG8AYgBvAHQAaQBjAF8AYQByAG0AXwB2AGUAcgAtADIALgAxAC4AMQAEAAAAEAAAAAEAAAABAAAAhwAAAA==</a:base64Binary><a:base64Binary>WBsAAAUAAAD//v8ubABpAG4AawAgADMALgBTAEwARABQAFIAVAAzAF8AMQAtADEAQAA1AC0AZABvAGYAXwByAG8AYgBvAHQAaQBjAF8AYQByAG0AXwB2AGUAcgAtADIALgAxAC4AMQAEAAAAEAAAAAEAAAABAAAAggAAAA==</a:base64Binary><a:base64Binary>WBsAAAUAAAD//v8sYgBlAGEAcgBpAG4AZwAgAGgAbwBsAGQAZQByAC0AMgBAADUALQBkAG8AZgBfAHIAbwBiAG8AdABpAGMAXwBhAHIAbQBfAHYAZQByAC0AMgAuADEALgAxAAQAAAAQAAAAAQAAAAEAAACUAAAA</a:base64Binary><a:base64Binary>WBsAAAUAAAD//v8oUwBlAHIAdgBvADIAMABOAEUAVwAtADIAQAA1AC0AZABvAGYAXwByAG8AYgBvAHQAaQBjAF8AYQByAG0AXwB2AGUAcgAtADIALgAxAC4AMQAEAAAAEAAAAAEAAAABAAAAkAAAAA==</a:base64Binary><a:base64Binary>WBsAAAUAAAD//v8tMwA1AEsAZwBfAFMAZQByAHYAbwAgAGgAbwByAG4ALQA0AEAANQAtAGQAbwBmAF8AcgBvAGIAbwB0AGkAYwBfAGEAcgBtAF8AdgBlAHIALQAyAC4AMQAuADEABAAAABAAAAABAAAAAQAAAKIAAAA=</a:base64Binary><a:base64Binary>WBsAAAUAAAD//v8pYgBlAGEAcgBpAG4AZwAgAGEAeABlAC0AMgBAADUALQBkAG8AZgBfAHIAbwBiAG8AdABpAGMAXwBhAHIAbQBfAHYAZQByAC0AMgAuADEALgAxAAQAAAAQAAAAAQAAAAEAAACcAAAA</a:base64Binary><a:base64Binary>WBsAAAUAAAD//v8tTABpAG0AaQB0AF8AUwB3AGkAdABjAGgAXwBMADEALQA4AEAANQAtAGQAbwBmAF8AcgBvAGIAbwB0AGkAYwBfAGEAcgBtAF8AdgBlAHIALQAyAC4AMQAuADEABAAAABAAAAABAAAAAQAAAPsBAAA=</a:base64Binary><a:base64Binary>WBsAAAUAAAD//v8/UABhAHIAdAA5AF4ANQAtAGQAbwBmAF8AcgBvAGIAbwB0AGkAYwBfAGEAcgBtAF8AdgBlAHIALQAyAC4AMQAuADEALQAxAEAANQAtAGQAbwBmAF8AcgBvAGIAbwB0AGkAYwBfAGEAcgBtAF8AdgBlAHIALQAyAC4AMQAuADEABAAAABAAAAABAAAAAQAAAGECAAA=</a:base64Binary><a:base64Binary>WBsAAAUAAAD//v8tTABpAG0AaQB0AF8AUwB3AGkAdABjAGgAXwBMADEALQA5AEAANQAtAGQAbwBmAF8AcgBvAGIAbwB0AGkAYwBfAGEAcgBtAF8AdgBlAHIALQAyAC4AMQAuADEABAAAABAAAAABAAAAAQAAAP4BAAA=</a:base64Binary><a:base64Binary>WBsAAAUAAAD//v9FTQBpAHIAcgBvAHIAUABhAHIAdAA5AF4ANQAtAGQAbwBmAF8AcgBvAGIAbwB0AGkAYwBfAGEAcgBtAF8AdgBlAHIALQAyAC4AMQAuADEALQAyAEAANQAtAGQAbwBmAF8AcgBvAGIAbwB0AGkAYwBfAGEAcgBtAF8AdgBlAHIALQAyAC4AMQAuADEABAAAABAAAAABAAAAAQAAAG4CAAA=</a:base64Binary><a:base64Binary>WBsAAAUAAAD//v8tTABpAG0AaQB0AF8AUwB3AGkAdABjAGgAXwBMADEALQA2AEAANQAtAGQAbwBmAF8AcgBvAGIAbwB0AGkAYwBfAGEAcgBtAF8AdgBlAHIALQAyAC4AMQAuADEABAAAABAAAAABAAAAAQAAAPMBAAA=</a:base64Binary><a:base64Binary>WBsAAAUAAAD//v9FTQBpAHIAcgBvAHIAUABhAHIAdAA4AF4ANQAtAGQAbwBmAF8AcgBvAGIAbwB0AGkAYwBfAGEAcgBtAF8AdgBlAHIALQAyAC4AMQAuADEALQA1AEAANQAtAGQAbwBmAF8AcgBvAGIAbwB0AGkAYwBfAGEAcgBtAF8AdgBlAHIALQAyAC4AMQAuADEABAAAABAAAAABAAAAAQAAAHACAAA=</a:base64Binary><a:base64Binary>WBsAAAUAAAD//v8/UABhAHIAdAA4AF4ANQAtAGQAbwBmAF8AcgBvAGIAbwB0AGkAYwBfAGEAcgBtAF8AdgBlAHIALQAyAC4AMQAuADEALQAxAEAANQAtAGQAbwBmAF8AcgBvAGIAbwB0AGkAYwBfAGEAcgBtAF8AdgBlAHIALQAyAC4AMQAuADEABAAAABAAAAABAAAAAQAAAFgCAAA=</a:base64Binary><a:base64Binary>WBsAAAUAAAD//v8tTABpAG0AaQB0AF8AUwB3AGkAdABjAGgAXwBMADEALQA3AEAANQAtAGQAbwBmAF8AcgBvAGIAbwB0AGkAYwBfAGEAcgBtAF8AdgBlAHIALQAyAC4AMQAuADEABAAAABAAAAABAAAAAQAAAPoBAAA=</a:base64Binary></SWComponentPIDs><SWMainComponentPID i:nil="true"/><Visual z:Ref="i217"/><isFixedFrame>false</isFixedFrame><isIncomplete>false</isIncomplete></Link></Children><Collision z:Ref="i163"/><Inertial z:Ref="i137"/><Joint z:Ref="i170"/><NameAttribute z:Ref="i136"/><Parent z:Ref="i68"/><STLQualityFine>false</STLQualityFine><SWComponentPIDs xmlns:a="http://schemas.microsoft.com/2003/10/Serialization/Arrays"><a:base64Binary>WBsAAAUAAAD//v8xQgBhAHMAcwAgAHMAZQByAHYAbwAgAGwAaQBuAGsAMwBuAGUAdwAtADEAQAA1AC0AZABvAGYAXwByAG8AYgBvAHQAaQBjAF8AYQByAG0AXwB2AGUAcgAtADIALgAxAC4AMQAEAAAAEAAAAAEAAAABAAAAWwAAAA==</a:base64Binary><a:base64Binary>WBsAAAUAAAD//v8qbABpAG4AawAxAC0AMQBfADEATgBFAFcALQAxAEAANQAtAGQAbwBmAF8AcgBvAGIAbwB0AGkAYwBfAGEAcgBtAF8AdgBlAHIALQAyAC4AMQAuADEABAAAABAAAAABAAAAAQAAAGIAAAA=</a:base64Binary><a:base64Binary>WBsAAAUAAAD//v8vbABpAG4AawAgADMALgBTAEwARABQAFIAVABvAGwAZAAxAC0AMQBAADUALQBkAG8AZgBfAHIAbwBiAG8AdABpAGMAXwBhAHIAbQBfAHYAZQByAC0AMgAuADEALgAxAAQAAAAQAAAAAQAAAAEAAABnAAAA</a:base64Binary><a:base64Binary>WBsAAAUAAAD//v8vbABpAG4AawAgADMALgBTAEwARABQAFIAVABvAGwAZAAxAC0AMgBAADUALQBkAG8AZgBfAHIAbwBiAG8AdABpAGMAXwBhAHIAbQBfAHYAZQByAC0AMgAuADEALgAxAAQAAAAQAAAAAQAAAAEAAABtAAAA</a:base64Binary><a:base64Binary>WBsAAAUAAAD//v8oUwBlAHIAdgBvADIAMABOAEUAVwAtADEAQAA1AC0AZABvAGYAXwByAG8AYgBvAHQAaQBjAF8AYQByAG0AXwB2AGUAcgAtADIALgAxAC4AMQAEAAAAEAAAAAEAAAABAAAAcQAAAA==</a:base64Binary><a:base64Binary>WBsAAAUAAAD//v8sYgBlAGEAcgBpAG4AZwAgAGgAbwBsAGQAZQByAC0AMQBAADUALQBkAG8AZgBfAHIAbwBiAG8AdABpAGMAXwBhAHIAbQBfAHYAZQByAC0AMgAuADEALgAxAAQAAAAQAAAAAQAAAAEAAAB2AAAA</a:base64Binary><a:base64Binary>WBsAAAUAAAD//v8tMwA1AEsAZwBfAFMAZQByAHYAbwAgAGgAbwByAG4ALQAzAEAANQAtAGQAbwBmAF8AcgBvAGIAbwB0AGkAYwBfAGEAcgBtAF8AdgBlAHIALQAyAC4AMQAuADEABAAAABAAAAABAAAAAQAAAH0AAAA=</a:base64Binary><a:base64Binary>WBsAAAUAAAD//v8pYgBlAGEAcgBpAG4AZwAgAGEAeABlAC0AMQBAADUALQBkAG8AZgBfAHIAbwBiAG8AdABpAGMAXwBhAHIAbQBfAHYAZQByAC0AMgAuADEALgAxAAQAAAAQAAAAAQAAAAEAAACMAAAA</a:base64Binary><a:base64Binary>WBsAAAUAAAD//v8tTABpAG0AaQB0AF8AUwB3AGkAdABjAGgAXwBMADEALQA0AEAANQAtAGQAbwBmAF8AcgBvAGIAbwB0AGkAYwBfAGEAcgBtAF8AdgBlAHIALQAyAC4AMQAuADEABAAAABAAAAABAAAAAQAAAO0BAAA=</a:base64Binary><a:base64Binary>WBsAAAUAAAD//v8/UABhAHIAdAA2AF4ANQAtAGQAbwBmAF8AcgBvAGIAbwB0AGkAYwBfAGEAcgBtAF8AdgBlAHIALQAyAC4AMQAuADEALQAxAEAANQAtAGQAbwBmAF8AcgBvAGIAbwB0AGkAYwBfAGEAcgBtAF8AdgBlAHIALQAyAC4AMQAuADEABAAAABAAAAABAAAAAQAAAEICAAA=</a:base64Binary><a:base64Binary>WBsAAAUAAAD//v8/UABhAHIAdAA2AF4ANQAtAGQAbwBmAF8AcgBvAGIAbwB0AGkAYwBfAGEAcgBtAF8AdgBlAHIALQAyAC4AMQAuADEALQAyAEAANQAtAGQAbwBmAF8AcgBvAGIAbwB0AGkAYwBfAGEAcgBtAF8AdgBlAHIALQAyAC4AMQAuADEABAAAABAAAAABAAAAAQAAAEoCAAA=</a:base64Binary><a:base64Binary>WBsAAAUAAAD//v8tTABpAG0AaQB0AF8AUwB3AGkAdABjAGgAXwBMADEALQAxAEAANQAtAGQAbwBmAF8AcgBvAGIAbwB0AGkAYwBfAGEAcgBtAF8AdgBlAHIALQAyAC4AMQAuADEABAAAABAAAAABAAAAAQAAAMABAAA=</a:base64Binary><a:base64Binary>WBsAAAUAAAD//v8/UABhAHIAdAA3AF4ANQAtAGQAbwBmAF8AcgBvAGIAbwB0AGkAYwBfAGEAcgBtAF8AdgBlAHIALQAyAC4AMQAuADEALQAxAEAANQAtAGQAbwBmAF8AcgBvAGIAbwB0AGkAYwBfAGEAcgBtAF8AdgBlAHIALQAyAC4AMQAuADEABAAAABAAAAABAAAAAQAAAE8CAAA=</a:base64Binary><a:base64Binary>WBsAAAUAAAD//v8tTABpAG0AaQB0AF8AUwB3AGkAdABjAGgAXwBMADEALQAzAEAANQAtAGQAbwBmAF8AcgBvAGIAbwB0AGkAYwBfAGEAcgBtAF8AdgBlAHIALQAyAC4AMQAuADEABAAAABAAAAABAAAAAQAAAN0BAAA=</a:base64Binary><a:base64Binary>WBsAAAUAAAD//v8tTABpAG0AaQB0AF8AUwB3AGkAdABjAGgAXwBMADEALQA1AEAANQAtAGQAbwBmAF8AcgBvAGIAbwB0AGkAYwBfAGEAcgBtAF8AdgBlAHIALQAyAC4AMQAuADEABAAAABAAAAABAAAAAQAAAPIBAAA=</a:base64Binary><a:base64Binary>WBsAAAUAAAD//v8/UABhAHIAdAA3AF4ANQAtAGQAbwBmAF8AcgBvAGIAbwB0AGkAYwBfAGEAcgBtAF8AdgBlAHIALQAyAC4AMQAuADEALQAyAEAANQAtAGQAbwBmAF8AcgBvAGIAbwB0AGkAYwBfAGEAcgBtAF8AdgBlAHIALQAyAC4AMQAuADEABAAAABAAAAABAAAAAQAAAFcCAAA=</a:base64Binary></SWComponentPIDs><SWMainComponentPID i:nil="true"/><Visual z:Ref="i150"/><isFixedFrame>false</isFixedFrame><isIncomplete>false</isIncomplete></Link></Children><Collision z:Ref="i96"/><Inertial z:Ref="i70"/><Joint z:Ref="i103"/><NameAttribute z:Ref="i69"/><Parent z:Ref="i1"/><STLQualityFine>false</STLQualityFine><SWComponentPIDs xmlns:a="http://schemas.microsoft.com/2003/10/Serialization/Arrays"><a:base64Binary>WBsAAAUAAAD//v8tUwBlAHIAdgBvACAAMwA1ACAAaABvAGwAZABlAHIALQAxAEAANQAtAGQAbwBmAF8AcgBvAGIAbwB0AGkAYwBfAGEAcgBtAF8AdgBlAHIALQAyAC4AMQAuADEABAAAABAAAAABAAAAAQAAAEQAAAA=</a:base64Binary><a:base64Binary>WBsAAAUAAAD//v8vQgBhAHMAZQAgAHMAZQByAHYAbwAgAEgAbwBsAGQAZQByAC0AMwBAADUALQBkAG8AZgBfAHIAbwBiAG8AdABpAGMAXwBhAHIAbQBfAHYAZQByAC0AMgAuADEALgAxAAQAAAAQAAAAAQAAAAEAAAA8AAAA</a:base64Binary><a:base64Binary>WBsAAAUAAAD//v8mQgBhAHMAZQAgACgAMgApAC0AMQBAADUALQBkAG8AZgBfAHIAbwBiAG8AdABpAGMAXwBhAHIAbQBfAHYAZQByAC0AMgAuADEALgAxAAQAAAAQAAAAAQAAAAEAAAAaAAAA</a:base64Binary><a:base64Binary>WBsAAAUAAAD//v8tUwBlAHIAdgBvACAAMwA1ACAAaABvAGwAZABlAHIALQAyAEAANQAtAGQAbwBmAF8AcgBvAGIAbwB0AGkAYwBfAGEAcgBtAF8AdgBlAHIALQAyAC4AMQAuADEABAAAABAAAAABAAAAAQAAAEkAAAA=</a:base64Binary><a:base64Binary>WBsAAAUAAAD//v8vQgBhAHMAZQAgAHMAZQByAHYAbwAgAEgAbwBsAGQAZQByAC0AMQBAADUALQBkAG8AZgBfAHIAbwBiAG8AdABpAGMAXwBhAHIAbQBfAHYAZQByAC0AMgAuADEALgAxAAQAAAAQAAAAAQAAAAEAAAAdAAAA</a:base64Binary><a:base64Binary>WBsAAAUAAAD//v8oUwBlAHIAdgBvACAAMwA1AEsARwAtADEAQAA1AC0AZABvAGYAXwByAG8AYgBvAHQAaQBjAF8AYQByAG0AXwB2AGUAcgAtADIALgAxAC4AMQAEAAAAEAAAAAEAAAABAAAATQAAAA==</a:base64Binary><a:base64Binary>WBsAAAUAAAD//v8tMwA1AEsAZwBfAFMAZQByAHYAbwAgAGgAbwByAG4ALQAyAEAANQAtAGQAbwBmAF8AcgBvAGIAbwB0AGkAYwBfAGEAcgBtAF8AdgBlAHIALQAyAC4AMQAuADEABAAAABAAAAABAAAAAQAAAFcAAAA=</a:base64Binary><a:base64Binary>WBsAAAUAAAD//v8tMwA1AEsAZwBfAFMAZQByAHYAbwAgAGgAbwByAG4ALQA2AEAANQAtAGQAbwBmAF8AcgBvAGIAbwB0AGkAYwBfAGEAcgBtAF8AdgBlAHIALQAyAC4AMQAuADEABAAAABAAAAABAAAAAQAAAI8BAAA=</a:base64Binary></SWComponentPIDs><SWMainComponentPID i:nil="true"/><Visual z:Ref="i83"/><isFixedFrame>false</isFixedFrame><isIncomplete>false</isIncomplete></Link></Children><Collision z:Ref="i29"/><Inertial z:Ref="i3"/><Joint z:Ref="i36"/><NameAttribute z:Ref="i2"/><Parent i:nil="true"/><STLQualityFine>false</STLQualityFine><SWComponentPIDs xmlns:a="http://schemas.microsoft.com/2003/10/Serialization/Arrays"><a:base64Binary>WBsAAAUAAAD//v8sQgBhAHMAZQAgAE0AbwB1AG4AdAAuAGkAcAB0AC0AMQBAADUALQBkAG8AZgBfAHIAbwBiAG8AdABpAGMAXwBhAHIAbQBfAHYAZQByAC0AMgAuADEALgAxAAQAAAAQAAAAAQAAAAEAAAAVAAAA</a:base64Binary><a:base64Binary>WBsAAAUAAAD//v8/UABhAHIAdAAyAF4ANQAtAGQAbwBmAF8AcgBvAGIAbwB0AGkAYwBfAGEAcgBtAF8AdgBlAHIALQAyAC4AMQAuADEALQAxAEAANQAtAGQAbwBmAF8AcgBvAGIAbwB0AGkAYwBfAGEAcgBtAF8AdgBlAHIALQAyAC4AMQAuADEABAAAABAAAAABAAAAAQAAAGcBAAA=</a:base64Binary><a:base64Binary>WBsAAAUAAAD//v8oUwBlAHIAdgBvACAAMwA1AEsARwAtADIAQAA1AC0AZABvAGYAXwByAG8AYgBvAHQAaQBjAF8AYQByAG0AXwB2AGUAcgAtADIALgAxAC4AMQAEAAAAEAAAAAEAAAABAAAAcgEAAA==</a:base64Binary><a:base64Binary>WBsAAAUAAAD//v9AUABhAHIAdAAxADEAXgA1AC0AZABvAGYAXwByAG8AYgBvAHQAaQBjAF8AYQByAG0AXwB2AGUAcgAtADIALgAxAC4AMQAtADEAQAA1AC0AZABvAGYAXwByAG8AYgBvAHQAaQBjAF8AYQByAG0AXwB2AGUAcgAtADIALgAxAC4AMQAEAAAAEAAAAAEAAAABAAAABgIAAA==</a:base64Binary><a:base64Binary>WBsAAAUAAAD//v82QQByAGQAdQBpAG4AbwAgAE0AZQBnAGEAIABBAFQAbQBlAGcAYQAgADIANQA2ADAALQAxAEAANQAtAGQAbwBmAF8AcgBvAGIAbwB0AGkAYwBfAGEAcgBtAF8AdgBlAHIALQAyAC4AMQAuADEABAAAABAAAAABAAAAAQAAAAUCAAA=</a:base64Binary><a:base64Binary>WBsAAAUAAAD//v8wTABDAEQAXwBNAFMAUAAyADgAMAA3AF8AZgB1AHMAaQBvAG4ALQAxAEAANQAtAGQAbwBmAF8AcgBvAGIAbwB0AGkAYwBfAGEAcgBtAF8AdgBlAHIALQAyAC4AMQAuADEABAAAABAAAAABAAAAAQAAAA0CAAA=</a:base64Binary></SWComponentPIDs><SWMainComponentPID i:nil="true"/><Visual z:Ref="i16"/><isFixedFrame>false</isFixedFrame><isIncomplete>false</isIncomplete></Link>
2025-09-20 21:11:31,050 INFO  LinkNode.cs: 35 - Building node base_link
2025-09-20 21:11:31,050 INFO  LinkNode.cs: 35 - Building node link-1
2025-09-20 21:11:31,050 INFO  LinkNode.cs: 35 - Building node link-2
2025-09-20 21:11:31,050 INFO  LinkNode.cs: 35 - Building node link-3
2025-09-20 21:11:31,050 INFO  LinkNode.cs: 35 - Building node link-4
2025-09-20 21:11:31,050 INFO  LinkNode.cs: 35 - Building node link-5
2025-09-20 21:11:31,050 INFO  LinkNode.cs: 35 - Building node gripper-palm
2025-09-20 21:11:31,066 INFO  LinkNode.cs: 35 - Building node left-jaw
2025-09-20 21:11:31,066 INFO  LinkNode.cs: 35 - Building node right-jaw
2025-09-20 21:11:31,066 INFO  Common.cs: 221 - Loading SolidWorks components for base_link from D:\Users\TROGEN\Desktop\STEP NERA (3)\omar elsayed\New folder\2014\New folder\assembles robotic arm\5-dof_robotic_arm_ver-2.1.1.SLDASM
2025-09-20 21:11:31,066 INFO  Common.cs: 245 - Loading component with PID X     ???,B a s e   M o u n t . i p t - 1 @ 5 - d o f _ r o b o t i c _ a r m _ v e r - 2 . 1 . 1                
2025-09-20 21:11:31,082 INFO  Common.cs: 254 - Successfully loaded component D:\Users\TROGEN\Desktop\STEP NERA (3)\omar elsayed\New folder\2014\New folder\assembles robotic arm\Base Mount.ipt.sldprt
2025-09-20 21:11:31,082 INFO  Common.cs: 245 - Loading component with PID X     ????P a r t 2 ^ 5 - d o f _ r o b o t i c _ a r m _ v e r - 2 . 1 . 1 - 1 @ 5 - d o f _ r o b o t i c _ a r m _ v e r - 2 . 1 . 1             g  
2025-09-20 21:11:31,082 INFO  Common.cs: 254 - Successfully loaded component D:\Users\TROGEN\AppData\Local\Temp\swx22060\VC~~\5-dof_robotic_arm_ver-2.1.1\Part2^5-dof_robotic_arm_ver-2.1.1.sldprt
2025-09-20 21:11:31,082 INFO  Common.cs: 245 - Loading component with PID X     ???(S e r v o   3 5 K G - 2 @ 5 - d o f _ r o b o t i c _ a r m _ v e r - 2 . 1 . 1             r  
2025-09-20 21:11:31,082 INFO  Common.cs: 254 - Successfully loaded component D:\Users\TROGEN\Desktop\STEP NERA (3)\omar elsayed\New folder\2014\New folder\assembles robotic arm\Servo 35KG.sldprt
2025-09-20 21:11:31,082 INFO  Common.cs: 245 - Loading component with PID X     ???@P a r t 1 1 ^ 5 - d o f _ r o b o t i c _ a r m _ v e r - 2 . 1 . 1 - 1 @ 5 - d o f _ r o b o t i c _ a r m _ v e r - 2 . 1 . 1               
2025-09-20 21:11:31,082 INFO  Common.cs: 254 - Successfully loaded component D:\Users\TROGEN\AppData\Local\Temp\swx22060\VC~~\5-dof_robotic_arm_ver-2.1.1\Part11^5-dof_robotic_arm_ver-2.1.1.sldprt
2025-09-20 21:11:31,082 INFO  Common.cs: 245 - Loading component with PID X     ???6A r d u i n o   M e g a   A T m e g a   2 5 6 0 - 1 @ 5 - d o f _ r o b o t i c _ a r m _ v e r - 2 . 1 . 1               
2025-09-20 21:11:31,097 INFO  Common.cs: 254 - Successfully loaded component D:\Users\TROGEN\Desktop\STEP NERA (3)\omar elsayed\New folder\2014\New folder\assembles robotic arm\Arduino Mega ATmega 2560.SLDPRT
2025-09-20 21:11:31,097 INFO  Common.cs: 245 - Loading component with PID X     ???0L C D _ M S P 2 8 0 7 _ f u s i o n - 1 @ 5 - d o f _ r o b o t i c _ a r m _ v e r - 2 . 1 . 1               
2025-09-20 21:11:31,097 INFO  Common.cs: 254 - Successfully loaded component D:\Users\TROGEN\Desktop\STEP NERA (3)\omar elsayed\New folder\2014\New folder\assembles robotic arm\LCD_MSP2807_fusion.SLDPRT
2025-09-20 21:11:31,097 INFO  Common.cs: 230 - Loaded 6 components for link base_link
2025-09-20 21:11:31,097 INFO  Common.cs: 221 - Loading SolidWorks components for link-1 from D:\Users\TROGEN\Desktop\STEP NERA (3)\omar elsayed\New folder\2014\New folder\assembles robotic arm\5-dof_robotic_arm_ver-2.1.1.SLDASM
2025-09-20 21:11:31,097 INFO  Common.cs: 245 - Loading component with PID X     ???-S e r v o   3 5   h o l d e r - 1 @ 5 - d o f _ r o b o t i c _ a r m _ v e r - 2 . 1 . 1             D   
2025-09-20 21:11:31,097 INFO  Common.cs: 254 - Successfully loaded component D:\Users\TROGEN\Desktop\STEP NERA (3)\omar elsayed\New folder\2014\New folder\assembles robotic arm\Servo 35 holder.sldprt
2025-09-20 21:11:31,097 INFO  Common.cs: 245 - Loading component with PID X     ???/B a s e   s e r v o   H o l d e r - 3 @ 5 - d o f _ r o b o t i c _ a r m _ v e r - 2 . 1 . 1             <   
2025-09-20 21:11:31,097 INFO  Common.cs: 254 - Successfully loaded component D:\Users\TROGEN\Desktop\STEP NERA (3)\omar elsayed\New folder\2014\New folder\assembles robotic arm\Base servo Holder.sldprt
2025-09-20 21:11:31,113 INFO  Common.cs: 245 - Loading component with PID X     ???&B a s e   ( 2 ) - 1 @ 5 - d o f _ r o b o t i c _ a r m _ v e r - 2 . 1 . 1                
2025-09-20 21:11:31,113 INFO  Common.cs: 254 - Successfully loaded component D:\Users\TROGEN\Desktop\STEP NERA (3)\omar elsayed\New folder\2014\New folder\assembles robotic arm\Base (2).sldprt
2025-09-20 21:11:31,113 INFO  Common.cs: 245 - Loading component with PID X     ???-S e r v o   3 5   h o l d e r - 2 @ 5 - d o f _ r o b o t i c _ a r m _ v e r - 2 . 1 . 1             I   
2025-09-20 21:11:31,113 INFO  Common.cs: 254 - Successfully loaded component D:\Users\TROGEN\Desktop\STEP NERA (3)\omar elsayed\New folder\2014\New folder\assembles robotic arm\Servo 35 holder.sldprt
2025-09-20 21:11:31,113 INFO  Common.cs: 245 - Loading component with PID X     ???/B a s e   s e r v o   H o l d e r - 1 @ 5 - d o f _ r o b o t i c _ a r m _ v e r - 2 . 1 . 1                
2025-09-20 21:11:31,113 INFO  Common.cs: 254 - Successfully loaded component D:\Users\TROGEN\Desktop\STEP NERA (3)\omar elsayed\New folder\2014\New folder\assembles robotic arm\Base servo Holder.sldprt
2025-09-20 21:11:31,113 INFO  Common.cs: 245 - Loading component with PID X     ???(S e r v o   3 5 K G - 1 @ 5 - d o f _ r o b o t i c _ a r m _ v e r - 2 . 1 . 1             M   
2025-09-20 21:11:31,113 INFO  Common.cs: 254 - Successfully loaded component D:\Users\TROGEN\Desktop\STEP NERA (3)\omar elsayed\New folder\2014\New folder\assembles robotic arm\Servo 35KG.sldprt
2025-09-20 21:11:31,113 INFO  Common.cs: 245 - Loading component with PID X     ???-3 5 K g _ S e r v o   h o r n - 2 @ 5 - d o f _ r o b o t i c _ a r m _ v e r - 2 . 1 . 1             W   
2025-09-20 21:11:31,129 INFO  Common.cs: 254 - Successfully loaded component D:\Users\TROGEN\Desktop\STEP NERA (3)\omar elsayed\New folder\2014\New folder\assembles robotic arm\35Kg_Servo horn.sldprt
2025-09-20 21:11:31,129 INFO  Common.cs: 245 - Loading component with PID X     ???-3 5 K g _ S e r v o   h o r n - 6 @ 5 - d o f _ r o b o t i c _ a r m _ v e r - 2 . 1 . 1             ?  
2025-09-20 21:11:31,129 INFO  Common.cs: 254 - Successfully loaded component D:\Users\TROGEN\Desktop\STEP NERA (3)\omar elsayed\New folder\2014\New folder\assembles robotic arm\35Kg_Servo horn.sldprt
2025-09-20 21:11:31,129 INFO  Common.cs: 230 - Loaded 8 components for link link-1
2025-09-20 21:11:31,129 INFO  Common.cs: 221 - Loading SolidWorks components for link-2 from D:\Users\TROGEN\Desktop\STEP NERA (3)\omar elsayed\New folder\2014\New folder\assembles robotic arm\5-dof_robotic_arm_ver-2.1.1.SLDASM
2025-09-20 21:11:31,129 INFO  Common.cs: 245 - Loading component with PID X     ???1B a s s   s e r v o   l i n k 3 n e w - 1 @ 5 - d o f _ r o b o t i c _ a r m _ v e r - 2 . 1 . 1             [   
2025-09-20 21:11:31,129 INFO  Common.cs: 254 - Successfully loaded component D:\Users\TROGEN\Desktop\STEP NERA (3)\omar elsayed\New folder\2014\New folder\assembles robotic arm\Bass servo link3new.SLDPRT
2025-09-20 21:11:31,129 INFO  Common.cs: 245 - Loading component with PID X     ???*l i n k 1 - 1 _ 1 N E W - 1 @ 5 - d o f _ r o b o t i c _ a r m _ v e r - 2 . 1 . 1             b   
2025-09-20 21:11:31,129 INFO  Common.cs: 254 - Successfully loaded component D:\Users\TROGEN\Desktop\STEP NERA (3)\omar elsayed\New folder\2014\New folder\assembles robotic arm\link1-1_1NEW.sldprt
2025-09-20 21:11:31,144 INFO  Common.cs: 245 - Loading component with PID X     ???/l i n k   3 . S L D P R T o l d 1 - 1 @ 5 - d o f _ r o b o t i c _ a r m _ v e r - 2 . 1 . 1             g   
2025-09-20 21:11:31,144 INFO  Common.cs: 254 - Successfully loaded component D:\Users\TROGEN\Desktop\STEP NERA (3)\omar elsayed\New folder\2014\New folder\assembles robotic arm\link 3.SLDPRTold1.SLDPRT
2025-09-20 21:11:31,144 INFO  Common.cs: 245 - Loading component with PID X     ???/l i n k   3 . S L D P R T o l d 1 - 2 @ 5 - d o f _ r o b o t i c _ a r m _ v e r - 2 . 1 . 1             m   
2025-09-20 21:11:31,144 INFO  Common.cs: 254 - Successfully loaded component D:\Users\TROGEN\Desktop\STEP NERA (3)\omar elsayed\New folder\2014\New folder\assembles robotic arm\link 3.SLDPRTold1.SLDPRT
2025-09-20 21:11:31,144 INFO  Common.cs: 245 - Loading component with PID X     ???(S e r v o 2 0 N E W - 1 @ 5 - d o f _ r o b o t i c _ a r m _ v e r - 2 . 1 . 1             q   
2025-09-20 21:11:31,144 INFO  Common.cs: 254 - Successfully loaded component D:\Users\TROGEN\Desktop\STEP NERA (3)\omar elsayed\New folder\2014\New folder\assembles robotic arm\Servo20NEW.sldprt
2025-09-20 21:11:31,144 INFO  Common.cs: 245 - Loading component with PID X     ???,b e a r i n g   h o l d e r - 1 @ 5 - d o f _ r o b o t i c _ a r m _ v e r - 2 . 1 . 1             v   
2025-09-20 21:11:31,144 INFO  Common.cs: 254 - Successfully loaded component D:\Users\TROGEN\Desktop\STEP NERA (3)\omar elsayed\New folder\2014\New folder\assembles robotic arm\bearing holder.sldprt
2025-09-20 21:11:31,144 INFO  Common.cs: 245 - Loading component with PID X     ???-3 5 K g _ S e r v o   h o r n - 3 @ 5 - d o f _ r o b o t i c _ a r m _ v e r - 2 . 1 . 1             }   
2025-09-20 21:11:31,160 INFO  Common.cs: 254 - Successfully loaded component D:\Users\TROGEN\Desktop\STEP NERA (3)\omar elsayed\New folder\2014\New folder\assembles robotic arm\35Kg_Servo horn.sldprt
2025-09-20 21:11:31,160 INFO  Common.cs: 245 - Loading component with PID X     ???)b e a r i n g   a x e - 1 @ 5 - d o f _ r o b o t i c _ a r m _ v e r - 2 . 1 . 1             ?   
2025-09-20 21:11:31,160 INFO  Common.cs: 254 - Successfully loaded component D:\Users\TROGEN\Desktop\STEP NERA (3)\omar elsayed\New folder\2014\New folder\assembles robotic arm\bearing axe.sldprt
2025-09-20 21:11:31,160 INFO  Common.cs: 245 - Loading component with PID X     ???-L i m i t _ S w i t c h _ L 1 - 4 @ 5 - d o f _ r o b o t i c _ a r m _ v e r - 2 . 1 . 1             ?  
2025-09-20 21:11:31,160 INFO  Common.cs: 254 - Successfully loaded component D:\Users\TROGEN\Desktop\STEP NERA (3)\omar elsayed\New folder\2014\New folder\assembles robotic arm\Limit_Switch_L1.SLDPRT
2025-09-20 21:11:31,160 INFO  Common.cs: 245 - Loading component with PID X     ????P a r t 6 ^ 5 - d o f _ r o b o t i c _ a r m _ v e r - 2 . 1 . 1 - 1 @ 5 - d o f _ r o b o t i c _ a r m _ v e r - 2 . 1 . 1             B  
2025-09-20 21:11:31,160 INFO  Common.cs: 254 - Successfully loaded component D:\Users\TROGEN\AppData\Local\Temp\swx22060\VC~~\5-dof_robotic_arm_ver-2.1.1\Part6^5-dof_robotic_arm_ver-2.1.1.sldprt
2025-09-20 21:11:31,160 INFO  Common.cs: 245 - Loading component with PID X     ????P a r t 6 ^ 5 - d o f _ r o b o t i c _ a r m _ v e r - 2 . 1 . 1 - 2 @ 5 - d o f _ r o b o t i c _ a r m _ v e r - 2 . 1 . 1             J  
2025-09-20 21:11:31,175 INFO  Common.cs: 254 - Successfully loaded component D:\Users\TROGEN\AppData\Local\Temp\swx22060\VC~~\5-dof_robotic_arm_ver-2.1.1\Part6^5-dof_robotic_arm_ver-2.1.1.sldprt
2025-09-20 21:11:31,175 INFO  Common.cs: 245 - Loading component with PID X     ???-L i m i t _ S w i t c h _ L 1 - 1 @ 5 - d o f _ r o b o t i c _ a r m _ v e r - 2 . 1 . 1             ?  
2025-09-20 21:11:31,175 INFO  Common.cs: 254 - Successfully loaded component D:\Users\TROGEN\Desktop\STEP NERA (3)\omar elsayed\New folder\2014\New folder\assembles robotic arm\Limit_Switch_L1.SLDPRT
2025-09-20 21:11:31,175 INFO  Common.cs: 245 - Loading component with PID X     ????P a r t 7 ^ 5 - d o f _ r o b o t i c _ a r m _ v e r - 2 . 1 . 1 - 1 @ 5 - d o f _ r o b o t i c _ a r m _ v e r - 2 . 1 . 1             O  
2025-09-20 21:11:31,175 INFO  Common.cs: 254 - Successfully loaded component D:\Users\TROGEN\AppData\Local\Temp\swx22060\VC~~\5-dof_robotic_arm_ver-2.1.1\Part7^5-dof_robotic_arm_ver-2.1.1.sldprt
2025-09-20 21:11:31,175 INFO  Common.cs: 245 - Loading component with PID X     ???-L i m i t _ S w i t c h _ L 1 - 3 @ 5 - d o f _ r o b o t i c _ a r m _ v e r - 2 . 1 . 1             ?  
2025-09-20 21:11:31,175 INFO  Common.cs: 254 - Successfully loaded component D:\Users\TROGEN\Desktop\STEP NERA (3)\omar elsayed\New folder\2014\New folder\assembles robotic arm\Limit_Switch_L1.SLDPRT
2025-09-20 21:11:31,175 INFO  Common.cs: 245 - Loading component with PID X     ???-L i m i t _ S w i t c h _ L 1 - 5 @ 5 - d o f _ r o b o t i c _ a r m _ v e r - 2 . 1 . 1             ?  
2025-09-20 21:11:31,191 INFO  Common.cs: 254 - Successfully loaded component D:\Users\TROGEN\Desktop\STEP NERA (3)\omar elsayed\New folder\2014\New folder\assembles robotic arm\Limit_Switch_L1.SLDPRT
2025-09-20 21:11:31,191 INFO  Common.cs: 245 - Loading component with PID X     ????P a r t 7 ^ 5 - d o f _ r o b o t i c _ a r m _ v e r - 2 . 1 . 1 - 2 @ 5 - d o f _ r o b o t i c _ a r m _ v e r - 2 . 1 . 1             W  
2025-09-20 21:11:31,191 WARN  Common.cs: 249 - Component with PID X     ????P a r t 7 ^ 5 - d o f _ r o b o t i c _ a r m _ v e r - 2 . 1 . 1 - 2 @ 5 - d o f _ r o b o t i c _ a r m _ v e r - 2 . 1 . 1             W   failed to load
2025-09-20 21:11:31,191 ERROR Common.cs: 228 - Link link-2 did not fully load all components
2025-09-20 21:11:31,191 INFO  Common.cs: 230 - Loaded 15 components for link link-2
2025-09-20 21:11:31,191 INFO  Common.cs: 221 - Loading SolidWorks components for link-3 from D:\Users\TROGEN\Desktop\STEP NERA (3)\omar elsayed\New folder\2014\New folder\assembles robotic arm\5-dof_robotic_arm_ver-2.1.1.SLDASM
2025-09-20 21:11:31,191 INFO  Common.cs: 245 - Loading component with PID X     ???1l i n k   3 . S L D P R T 3 _ 1 N E W - 1 @ 5 - d o f _ r o b o t i c _ a r m _ v e r - 2 . 1 . 1             ?   
2025-09-20 21:11:31,207 INFO  Common.cs: 254 - Successfully loaded component D:\Users\TROGEN\Desktop\STEP NERA (3)\omar elsayed\New folder\2014\New folder\assembles robotic arm\link 3.SLDPRT3_1NEW.SLDPRT
2025-09-20 21:11:31,207 INFO  Common.cs: 245 - Loading component with PID X     ???.l i n k   3 . S L D P R T 3 _ 1 - 1 @ 5 - d o f _ r o b o t i c _ a r m _ v e r - 2 . 1 . 1             ?   
2025-09-20 21:11:31,207 INFO  Common.cs: 254 - Successfully loaded component D:\Users\TROGEN\Desktop\STEP NERA (3)\omar elsayed\New folder\2014\New folder\assembles robotic arm\link 3.SLDPRT3_1.SLDPRT
2025-09-20 21:11:31,207 INFO  Common.cs: 245 - Loading component with PID X     ???,b e a r i n g   h o l d e r - 2 @ 5 - d o f _ r o b o t i c _ a r m _ v e r - 2 . 1 . 1             ?   
2025-09-20 21:11:31,207 INFO  Common.cs: 254 - Successfully loaded component D:\Users\TROGEN\Desktop\STEP NERA (3)\omar elsayed\New folder\2014\New folder\assembles robotic arm\bearing holder.sldprt
2025-09-20 21:11:31,207 INFO  Common.cs: 245 - Loading component with PID X     ???(S e r v o 2 0 N E W - 2 @ 5 - d o f _ r o b o t i c _ a r m _ v e r - 2 . 1 . 1             ?   
2025-09-20 21:11:31,207 INFO  Common.cs: 254 - Successfully loaded component D:\Users\TROGEN\Desktop\STEP NERA (3)\omar elsayed\New folder\2014\New folder\assembles robotic arm\Servo20NEW.sldprt
2025-09-20 21:11:31,207 INFO  Common.cs: 245 - Loading component with PID X     ???-3 5 K g _ S e r v o   h o r n - 4 @ 5 - d o f _ r o b o t i c _ a r m _ v e r - 2 . 1 . 1             ?   
2025-09-20 21:11:31,222 INFO  Common.cs: 254 - Successfully loaded component D:\Users\TROGEN\Desktop\STEP NERA (3)\omar elsayed\New folder\2014\New folder\assembles robotic arm\35Kg_Servo horn.sldprt
2025-09-20 21:11:31,222 INFO  Common.cs: 245 - Loading component with PID X     ???)b e a r i n g   a x e - 2 @ 5 - d o f _ r o b o t i c _ a r m _ v e r - 2 . 1 . 1             ?   
2025-09-20 21:11:31,222 INFO  Common.cs: 254 - Successfully loaded component D:\Users\TROGEN\Desktop\STEP NERA (3)\omar elsayed\New folder\2014\New folder\assembles robotic arm\bearing axe.sldprt
2025-09-20 21:11:31,222 INFO  Common.cs: 245 - Loading component with PID X     ???-L i m i t _ S w i t c h _ L 1 - 8 @ 5 - d o f _ r o b o t i c _ a r m _ v e r - 2 . 1 . 1             ?  
2025-09-20 21:11:31,222 INFO  Common.cs: 254 - Successfully loaded component D:\Users\TROGEN\Desktop\STEP NERA (3)\omar elsayed\New folder\2014\New folder\assembles robotic arm\Limit_Switch_L1.SLDPRT
2025-09-20 21:11:31,222 INFO  Common.cs: 245 - Loading component with PID X     ????P a r t 9 ^ 5 - d o f _ r o b o t i c _ a r m _ v e r - 2 . 1 . 1 - 1 @ 5 - d o f _ r o b o t i c _ a r m _ v e r - 2 . 1 . 1             a  
2025-09-20 21:11:31,222 INFO  Common.cs: 254 - Successfully loaded component D:\Users\TROGEN\AppData\Local\Temp\swx22060\VC~~\5-dof_robotic_arm_ver-2.1.1\Part9^5-dof_robotic_arm_ver-2.1.1.sldprt
2025-09-20 21:11:31,222 INFO  Common.cs: 245 - Loading component with PID X     ???-L i m i t _ S w i t c h _ L 1 - 9 @ 5 - d o f _ r o b o t i c _ a r m _ v e r - 2 . 1 . 1             ?  
2025-09-20 21:11:31,238 INFO  Common.cs: 254 - Successfully loaded component D:\Users\TROGEN\Desktop\STEP NERA (3)\omar elsayed\New folder\2014\New folder\assembles robotic arm\Limit_Switch_L1.SLDPRT
2025-09-20 21:11:31,254 INFO  Common.cs: 245 - Loading component with PID X     ???EM i r r o r P a r t 9 ^ 5 - d o f _ r o b o t i c _ a r m _ v e r - 2 . 1 . 1 - 2 @ 5 - d o f _ r o b o t i c _ a r m _ v e r - 2 . 1 . 1             n  
2025-09-20 21:11:31,254 INFO  Common.cs: 254 - Successfully loaded component D:\Users\TROGEN\AppData\Local\Temp\swx22060\VC~~\5-dof_robotic_arm_ver-2.1.1\MirrorPart9^5-dof_robotic_arm_ver-2.1.1.sldprt
2025-09-20 21:11:31,254 INFO  Common.cs: 245 - Loading component with PID X     ???-L i m i t _ S w i t c h _ L 1 - 6 @ 5 - d o f _ r o b o t i c _ a r m _ v e r - 2 . 1 . 1             ?  
2025-09-20 21:11:31,254 INFO  Common.cs: 254 - Successfully loaded component D:\Users\TROGEN\Desktop\STEP NERA (3)\omar elsayed\New folder\2014\New folder\assembles robotic arm\Limit_Switch_L1.SLDPRT
2025-09-20 21:11:31,254 INFO  Common.cs: 245 - Loading component with PID X     ???EM i r r o r P a r t 8 ^ 5 - d o f _ r o b o t i c _ a r m _ v e r - 2 . 1 . 1 - 5 @ 5 - d o f _ r o b o t i c _ a r m _ v e r - 2 . 1 . 1             p  
2025-09-20 21:11:31,254 INFO  Common.cs: 254 - Successfully loaded component D:\Users\TROGEN\AppData\Local\Temp\swx22060\VC~~\5-dof_robotic_arm_ver-2.1.1\MirrorPart8^5-dof_robotic_arm_ver-2.1.1.sldprt
2025-09-20 21:11:31,254 INFO  Common.cs: 245 - Loading component with PID X     ????P a r t 8 ^ 5 - d o f _ r o b o t i c _ a r m _ v e r - 2 . 1 . 1 - 1 @ 5 - d o f _ r o b o t i c _ a r m _ v e r - 2 . 1 . 1             X  
2025-09-20 21:11:31,269 INFO  Common.cs: 254 - Successfully loaded component D:\Users\TROGEN\AppData\Local\Temp\swx22060\VC~~\5-dof_robotic_arm_ver-2.1.1\Part8^5-dof_robotic_arm_ver-2.1.1.sldprt
2025-09-20 21:11:31,269 INFO  Common.cs: 245 - Loading component with PID X     ???-L i m i t _ S w i t c h _ L 1 - 7 @ 5 - d o f _ r o b o t i c _ a r m _ v e r - 2 . 1 . 1             ?  
2025-09-20 21:11:31,269 INFO  Common.cs: 254 - Successfully loaded component D:\Users\TROGEN\Desktop\STEP NERA (3)\omar elsayed\New folder\2014\New folder\assembles robotic arm\Limit_Switch_L1.SLDPRT
2025-09-20 21:11:31,269 INFO  Common.cs: 230 - Loaded 14 components for link link-3
2025-09-20 21:11:31,269 INFO  Common.cs: 221 - Loading SolidWorks components for link-4 from D:\Users\TROGEN\Desktop\STEP NERA (3)\omar elsayed\New folder\2014\New folder\assembles robotic arm\5-dof_robotic_arm_ver-2.1.1.SLDASM
2025-09-20 21:11:31,269 INFO  Common.cs: 245 - Loading component with PID X     ???&l i n k 4 n e w - 1 @ 5 - d o f _ r o b o t i c _ a r m _ v e r - 2 . 1 . 1             ?   
2025-09-20 21:11:31,269 INFO  Common.cs: 254 - Successfully loaded component D:\Users\TROGEN\Desktop\STEP NERA (3)\omar elsayed\New folder\2014\New folder\assembles robotic arm\link4new.sldprt
2025-09-20 21:11:31,269 INFO  Common.cs: 245 - Loading component with PID X     ???0s e v o r   h o l d e r   m i n e   - 1 @ 5 - d o f _ r o b o t i c _ a r m _ v e r - 2 . 1 . 1             ?   
2025-09-20 21:11:31,285 INFO  Common.cs: 254 - Successfully loaded component D:\Users\TROGEN\Desktop\STEP NERA (3)\omar elsayed\New folder\2014\New folder\assembles robotic arm\sevor holder mine .SLDPRT
2025-09-20 21:11:31,285 INFO  Common.cs: 245 - Loading component with PID X     ???$l i k 2 _ 2 - 1 @ 5 - d o f _ r o b o t i c _ a r m _ v e r - 2 . 1 . 1             ?   
2025-09-20 21:11:31,285 INFO  Common.cs: 254 - Successfully loaded component D:\Users\TROGEN\Desktop\STEP NERA (3)\omar elsayed\New folder\2014\New folder\assembles robotic arm\lik2_2.sldprt
2025-09-20 21:11:31,285 INFO  Common.cs: 245 - Loading component with PID X     ???&S e r v o   1 0 - 1 @ 5 - d o f _ r o b o t i c _ a r m _ v e r - 2 . 1 . 1             ?   
2025-09-20 21:11:31,285 INFO  Common.cs: 254 - Successfully loaded component D:\Users\TROGEN\Desktop\STEP NERA (3)\omar elsayed\New folder\2014\New folder\assembles robotic arm\Servo 10.sldprt
2025-09-20 21:11:31,285 INFO  Common.cs: 245 - Loading component with PID X     ???-3 5 K g _ S e r v o   h o r n - 5 @ 5 - d o f _ r o b o t i c _ a r m _ v e r - 2 . 1 . 1             ?   
2025-09-20 21:11:31,285 INFO  Common.cs: 254 - Successfully loaded component D:\Users\TROGEN\Desktop\STEP NERA (3)\omar elsayed\New folder\2014\New folder\assembles robotic arm\35Kg_Servo horn.sldprt
2025-09-20 21:11:31,285 INFO  Common.cs: 230 - Loaded 5 components for link link-4
2025-09-20 21:11:31,300 INFO  Common.cs: 221 - Loading SolidWorks components for link-5 from D:\Users\TROGEN\Desktop\STEP NERA (3)\omar elsayed\New folder\2014\New folder\assembles robotic arm\5-dof_robotic_arm_ver-2.1.1.SLDASM
2025-09-20 21:11:31,300 INFO  Common.cs: 245 - Loading component with PID X     ???PG R I P P E R   H O L D E R     - 1 @ 5 - d o f _ r o b o t i c _ a r m _ v e r - 2 . 1 . 1 / g r i p p e r   h o l d e r - 1 @ G R I P P E R   H O L D E R                 ?      
2025-09-20 21:11:31,316 INFO  Common.cs: 254 - Successfully loaded component D:\Users\TROGEN\Desktop\STEP NERA (3)\omar elsayed\New folder\2014\New folder\assembles robotic arm\gripper holder.SLDPRT
2025-09-20 21:11:31,316 INFO  Common.cs: 245 - Loading component with PID X     ???OG R I P P E R   H O L D E R     - 1 @ 5 - d o f _ r o b o t i c _ a r m _ v e r - 2 . 1 . 1 / g r i p p e r   p l a t e - 1 @ G R I P P E R   H O L D E R                 ?      
2025-09-20 21:11:31,316 INFO  Common.cs: 254 - Successfully loaded component D:\Users\TROGEN\Desktop\STEP NERA (3)\omar elsayed\New folder\2014\New folder\assembles robotic arm\gripper plate.SLDPRT
2025-09-20 21:11:31,316 INFO  Common.cs: 230 - Loaded 2 components for link link-5
2025-09-20 21:11:31,316 INFO  Common.cs: 221 - Loading SolidWorks components for gripper-palm from D:\Users\TROGEN\Desktop\STEP NERA (3)\omar elsayed\New folder\2014\New folder\assembles robotic arm\5-dof_robotic_arm_ver-2.1.1.SLDASM
2025-09-20 21:11:31,316 INFO  Common.cs: 245 - Loading component with PID X     ???@A s s e m 1 4 - 1 @ 5 - d o f _ r o b o t i c _ a r m _ v e r - 2 . 1 . 1 / M Y   G R I P P E R   P L a t e - 1 @ A s s e m 1 4             ?      
2025-09-20 21:11:31,316 INFO  Common.cs: 254 - Successfully loaded component D:\Users\TROGEN\Desktop\STEP NERA (3)\omar elsayed\New folder\2014\New folder\assembles robotic arm\MY GRIPPER PLate.SLDPRT
2025-09-20 21:11:31,316 INFO  Common.cs: 245 - Loading component with PID X     ???&S e r v o   1 0 - 2 @ 5 - d o f _ r o b o t i c _ a r m _ v e r - 2 . 1 . 1             ?   
2025-09-20 21:11:31,332 INFO  Common.cs: 254 - Successfully loaded component D:\Users\TROGEN\Desktop\STEP NERA (3)\omar elsayed\New folder\2014\New folder\assembles robotic arm\Servo 10.sldprt
2025-09-20 21:11:31,332 INFO  Common.cs: 245 - Loading component with PID X     ???'I R s e n s o r s - 1 @ 5 - d o f _ r o b o t i c _ a r m _ v e r - 2 . 1 . 1               
2025-09-20 21:11:31,332 INFO  Common.cs: 254 - Successfully loaded component D:\Users\TROGEN\Desktop\STEP NERA (3)\omar elsayed\New folder\2014\New folder\assembles robotic arm\IRsensors.SLDPRT
2025-09-20 21:11:31,332 INFO  Common.cs: 230 - Loaded 3 components for link gripper-palm
2025-09-20 21:11:31,332 INFO  Common.cs: 221 - Loading SolidWorks components for left-jaw from D:\Users\TROGEN\Desktop\STEP NERA (3)\omar elsayed\New folder\2014\New folder\assembles robotic arm\5-dof_robotic_arm_ver-2.1.1.SLDASM
2025-09-20 21:11:31,332 INFO  Common.cs: 245 - Loading component with PID X     ???<A s s e m 1 4 - 1 @ 5 - d o f _ r o b o t i c _ a r m _ v e r - 2 . 1 . 1 / G e a r   1 . 1 . i p t - 1 @ A s s e m 1 4             ?      
2025-09-20 21:11:31,332 INFO  Common.cs: 254 - Successfully loaded component D:\Users\TROGEN\Desktop\STEP NERA (3)\omar elsayed\New folder\2014\New folder\assembles robotic arm\Gear 1.1.ipt.sldprt
2025-09-20 21:11:31,332 INFO  Common.cs: 245 - Loading component with PID X     ???5A s s e m 1 4 - 1 @ 5 - d o f _ r o b o t i c _ a r m _ v e r - 2 . 1 . 1 / P a r t 4 - 1 @ A s s e m 1 4             ?   /   
2025-09-20 21:11:31,347 INFO  Common.cs: 254 - Successfully loaded component D:\Users\TROGEN\Desktop\STEP NERA (3)\omar elsayed\New folder\2014\New folder\assembles robotic arm\Part4.sldprt
2025-09-20 21:11:31,347 INFO  Common.cs: 245 - Loading component with PID X     ???<A s s e m 3 - 1 @ 5 - d o f _ r o b o t i c _ a r m _ v e r - 2 . 1 . 1 / S t r a i n   G a u g e - 1 - 1 @ A s s e m 3             $     
2025-09-20 21:11:31,347 INFO  Common.cs: 254 - Successfully loaded component D:\Users\TROGEN\Desktop\STEP NERA (3)\omar elsayed\New folder\2014\New folder\assembles robotic arm\Strain Gauge-1.SLDPRT
2025-09-20 21:11:31,347 INFO  Common.cs: 230 - Loaded 3 components for link left-jaw
2025-09-20 21:11:31,347 INFO  Common.cs: 221 - Loading SolidWorks components for right-jaw from D:\Users\TROGEN\Desktop\STEP NERA (3)\omar elsayed\New folder\2014\New folder\assembles robotic arm\5-dof_robotic_arm_ver-2.1.1.SLDASM
2025-09-20 21:11:31,347 INFO  Common.cs: 245 - Loading component with PID X     ???<A s s e m 1 4 - 1 @ 5 - d o f _ r o b o t i c _ a r m _ v e r - 2 . 1 . 1 / G e a r   1 . 1 . i p t - 3 @ A s s e m 1 4             ?      
2025-09-20 21:11:31,363 INFO  Common.cs: 254 - Successfully loaded component D:\Users\TROGEN\Desktop\STEP NERA (3)\omar elsayed\New folder\2014\New folder\assembles robotic arm\Gear 1.1.ipt.sldprt
2025-09-20 21:11:31,363 INFO  Common.cs: 245 - Loading component with PID X     ???5A s s e m 1 4 - 1 @ 5 - d o f _ r o b o t i c _ a r m _ v e r - 2 . 1 . 1 / P a r t 3 - 1 @ A s s e m 1 4             ?   )   
2025-09-20 21:11:31,363 INFO  Common.cs: 254 - Successfully loaded component D:\Users\TROGEN\Desktop\STEP NERA (3)\omar elsayed\New folder\2014\New folder\assembles robotic arm\Part3.sldprt
2025-09-20 21:11:31,363 INFO  Common.cs: 230 - Loaded 2 components for link right-jaw
2025-09-20 21:12:31,681 INFO  SwAddin.cs: 321 - Showing property manager
2025-09-20 21:15:54,727 INFO  ExportPropertyManager.cs: 456 - Configuration saved
2025-09-20 21:15:54,977 INFO  Serialization.cs: 275 - URDF Configuration found
<Link z:Id="i1" xmlns="http://schemas.datacontract.org/2004/07/SW2URDF" xmlns:i="http://www.w3.org/2001/XMLSchema-instance" xmlns:z="http://schemas.microsoft.com/2003/10/Serialization/"><Attributes><Attribute z:Id="i2"><AttributeType>name</AttributeType><IsRequired>true</IsRequired><Value i:type="a:string" xmlns:a="http://www.w3.org/2001/XMLSchema">base_link</Value></Attribute></Attributes><ChildElements><URDFElement z:Id="i3" i:type="Inertial"><Attributes/><ChildElements><URDFElement z:Id="i4" i:type="Origin"><Attributes><Attribute z:Id="i5"><AttributeType>xyz</AttributeType><IsRequired>true</IsRequired><Value i:type="a:ArrayOfdouble" xmlns:a="http://schemas.microsoft.com/2003/10/Serialization/Arrays"><a:double>2.8575E-05</a:double><a:double>-0.0071672</a:double><a:double>0.099991</a:double></Value></Attribute><Attribute z:Id="i6"><AttributeType>rpy</AttributeType><IsRequired>true</IsRequired><Value i:type="a:ArrayOfdouble" xmlns:a="http://schemas.microsoft.com/2003/10/Serialization/Arrays"><a:double>0</a:double><a:double>0</a:double><a:double>0</a:double></Value></Attribute></Attributes><ChildElements/><ElementName>origin</ElementName><required>false</required><RPYAttribute z:Ref="i6"/><XYZAttribute z:Ref="i5"/><isCustomized>false</isCustomized></URDFElement><URDFElement z:Id="i7" i:type="Mass"><Attributes><Attribute z:Id="i8"><AttributeType>value</AttributeType><IsRequired>true</IsRequired><Value i:type="a:double" xmlns:a="http://www.w3.org/2001/XMLSchema">1.14</Value></Attribute></Attributes><ChildElements/><ElementName>mass</ElementName><required>false</required><ValueAttribute z:Ref="i8"/></URDFElement><URDFElement z:Id="i9" i:type="Inertia"><Attributes><Attribute z:Id="i10"><AttributeType>ixx</AttributeType><IsRequired>true</IsRequired><Value i:type="a:double" xmlns:a="http://www.w3.org/2001/XMLSchema">0.0051248</Value></Attribute><Attribute z:Id="i11"><AttributeType>ixy</AttributeType><IsRequired>true</IsRequired><Value i:type="a:double" xmlns:a="http://www.w3.org/2001/XMLSchema">-1.3213E-06</Value></Attribute><Attribute z:Id="i12"><AttributeType>ixz</AttributeType><IsRequired>true</IsRequired><Value i:type="a:double" xmlns:a="http://www.w3.org/2001/XMLSchema">-1.6052E-06</Value></Attribute><Attribute z:Id="i13"><AttributeType>iyy</AttributeType><IsRequired>true</IsRequired><Value i:type="a:double" xmlns:a="http://www.w3.org/2001/XMLSchema">0.0053143</Value></Attribute><Attribute z:Id="i14"><AttributeType>iyz</AttributeType><IsRequired>true</IsRequired><Value i:type="a:double" xmlns:a="http://www.w3.org/2001/XMLSchema">-9.3742E-05</Value></Attribute><Attribute z:Id="i15"><AttributeType>izz</AttributeType><IsRequired>true</IsRequired><Value i:type="a:double" xmlns:a="http://www.w3.org/2001/XMLSchema">0.0060318</Value></Attribute></Attributes><ChildElements/><ElementName>inertia</ElementName><required>false</required><IxxAttribute z:Ref="i10"/><IxyAttribute z:Ref="i11"/><IxzAttribute z:Ref="i12"/><IyyAttribute z:Ref="i13"/><IyzAttribute z:Ref="i14"/><IzzAttribute z:Ref="i15"/></URDFElement></ChildElements><ElementName>inertial</ElementName><required>false</required><Inertia z:Ref="i9"/><Mass z:Ref="i7"/><Origin z:Ref="i4"/></URDFElement><URDFElement z:Id="i16" i:type="Visual"><Attributes/><ChildElements><URDFElement z:Id="i17" i:type="Origin"><Attributes><Attribute z:Id="i18"><AttributeType>xyz</AttributeType><IsRequired>true</IsRequired><Value i:type="a:ArrayOfdouble" xmlns:a="http://schemas.microsoft.com/2003/10/Serialization/Arrays"><a:double>0</a:double><a:double>0</a:double><a:double>0</a:double></Value></Attribute><Attribute z:Id="i19"><AttributeType>rpy</AttributeType><IsRequired>true</IsRequired><Value i:type="a:ArrayOfdouble" xmlns:a="http://schemas.microsoft.com/2003/10/Serialization/Arrays"><a:double>0</a:double><a:double>0</a:double><a:double>0</a:double></Value></Attribute></Attributes><ChildElements/><ElementName>origin</ElementName><required>false</required><RPYAttribute z:Ref="i19"/><XYZAttribute z:Ref="i18"/><isCustomized>false</isCustomized></URDFElement><URDFElement z:Id="i20" i:type="Geometry"><Attributes/><ChildElements><URDFElement z:Id="i21" i:type="Mesh"><Attributes><Attribute z:Id="i22"><AttributeType>filename</AttributeType><IsRequired>true</IsRequired><Value i:nil="true"/></Attribute></Attributes><ChildElements/><ElementName>mesh</ElementName><required>false</required><FilenameAttribute z:Ref="i22"/></URDFElement></ChildElements><ElementName>geometry</ElementName><required>true</required><Mesh z:Ref="i21"/></URDFElement><URDFElement z:Id="i23" i:type="Material"><Attributes><Attribute z:Id="i24"><AttributeType>name</AttributeType><IsRequired>true</IsRequired><Value i:type="a:string" xmlns:a="http://www.w3.org/2001/XMLSchema"/></Attribute></Attributes><ChildElements><URDFElement z:Id="i25" i:type="Color"><Attributes><Attribute z:Id="i26"><AttributeType>rgba</AttributeType><IsRequired>true</IsRequired><Value i:type="a:ArrayOfdouble" xmlns:a="http://schemas.microsoft.com/2003/10/Serialization/Arrays"><a:double>0.10196</a:double><a:double>0.10196</a:double><a:double>0.10196</a:double><a:double>1</a:double></Value></Attribute></Attributes><ChildElements/><ElementName>color</ElementName><required>false</required><RGBAAttribute z:Ref="i26"/></URDFElement><URDFElement z:Id="i27" i:type="Texture"><Attributes><Attribute z:Id="i28"><AttributeType>filename</AttributeType><IsRequired>true</IsRequired><Value i:nil="true"/></Attribute></Attributes><ChildElements/><ElementName>texture</ElementName><required>false</required><FilenameAttribute z:Ref="i28"/><wFilename/></URDFElement></ChildElements><ElementName>material</ElementName><required>false</required><Color z:Ref="i25"/><NameAttribute z:Ref="i24"/><Texture z:Ref="i27"/></URDFElement></ChildElements><ElementName>visual</ElementName><required>false</required><Geometry z:Ref="i20"/><Material z:Ref="i23"/><Origin z:Ref="i17"/></URDFElement><URDFElement z:Id="i29" i:type="Collision"><Attributes/><ChildElements><URDFElement z:Id="i30" i:type="Origin"><Attributes><Attribute z:Id="i31"><AttributeType>xyz</AttributeType><IsRequired>true</IsRequired><Value i:type="a:ArrayOfdouble" xmlns:a="http://schemas.microsoft.com/2003/10/Serialization/Arrays"><a:double>0</a:double><a:double>0</a:double><a:double>0</a:double></Value></Attribute><Attribute z:Id="i32"><AttributeType>rpy</AttributeType><IsRequired>true</IsRequired><Value i:type="a:ArrayOfdouble" xmlns:a="http://schemas.microsoft.com/2003/10/Serialization/Arrays"><a:double>0</a:double><a:double>0</a:double><a:double>0</a:double></Value></Attribute></Attributes><ChildElements/><ElementName>origin</ElementName><required>false</required><RPYAttribute z:Ref="i32"/><XYZAttribute z:Ref="i31"/><isCustomized>false</isCustomized></URDFElement><URDFElement z:Id="i33" i:type="Geometry"><Attributes/><ChildElements><URDFElement z:Id="i34" i:type="Mesh"><Attributes><Attribute z:Id="i35"><AttributeType>filename</AttributeType><IsRequired>true</IsRequired><Value i:nil="true"/></Attribute></Attributes><ChildElements/><ElementName>mesh</ElementName><required>false</required><FilenameAttribute z:Ref="i35"/></URDFElement></ChildElements><ElementName>geometry</ElementName><required>true</required><Mesh z:Ref="i34"/></URDFElement></ChildElements><ElementName>collision</ElementName><required>false</required><Geometry z:Ref="i33"/><Origin z:Ref="i30"/></URDFElement><URDFElement z:Id="i36" i:type="Joint"><Attributes><Attribute z:Id="i37"><AttributeType>name</AttributeType><IsRequired>true</IsRequired><Value i:type="a:string" xmlns:a="http://www.w3.org/2001/XMLSchema"/></Attribute><Attribute z:Id="i38"><AttributeType>type</AttributeType><IsRequired>true</IsRequired><Value i:type="a:string" xmlns:a="http://www.w3.org/2001/XMLSchema"/></Attribute></Attributes><ChildElements><URDFElement z:Id="i39" i:type="Origin"><Attributes><Attribute z:Id="i40"><AttributeType>xyz</AttributeType><IsRequired>true</IsRequired><Value i:type="a:ArrayOfdouble" xmlns:a="http://schemas.microsoft.com/2003/10/Serialization/Arrays"><a:double>0</a:double><a:double>0</a:double><a:double>0</a:double></Value></Attribute><Attribute z:Id="i41"><AttributeType>rpy</AttributeType><IsRequired>true</IsRequired><Value i:type="a:ArrayOfdouble" xmlns:a="http://schemas.microsoft.com/2003/10/Serialization/Arrays"><a:double>0</a:double><a:double>0</a:double><a:double>0</a:double></Value></Attribute></Attributes><ChildElements/><ElementName>origin</ElementName><required>false</required><RPYAttribute z:Ref="i41"/><XYZAttribute z:Ref="i40"/><isCustomized>false</isCustomized></URDFElement><URDFElement z:Id="i42" i:type="ParentLink"><Attributes><Attribute z:Id="i43"><AttributeType>link</AttributeType><IsRequired>true</IsRequired><Value i:type="a:string" xmlns:a="http://www.w3.org/2001/XMLSchema"/></Attribute></Attributes><ChildElements/><ElementName>parent</ElementName><required>true</required><NameAttribute z:Ref="i43"/></URDFElement><URDFElement z:Id="i44" i:type="ChildLink"><Attributes><Attribute z:Id="i45"><AttributeType>link</AttributeType><IsRequired>true</IsRequired><Value i:type="a:string" xmlns:a="http://www.w3.org/2001/XMLSchema"/></Attribute></Attributes><ChildElements/><ElementName>child</ElementName><required>true</required><NameAttribute z:Ref="i45"/></URDFElement><URDFElement z:Id="i46" i:type="Axis"><Attributes><Attribute z:Id="i47"><AttributeType>xyz</AttributeType><IsRequired>true</IsRequired><Value i:type="a:ArrayOfdouble" xmlns:a="http://schemas.microsoft.com/2003/10/Serialization/Arrays"><a:double>0</a:double><a:double>0</a:double><a:double>0</a:double></Value></Attribute></Attributes><ChildElements/><ElementName>axis</ElementName><required>false</required><XYZAttribute z:Ref="i47"/></URDFElement><URDFElement z:Id="i48" i:type="Limit"><Attributes><Attribute z:Id="i49"><AttributeType>lower</AttributeType><IsRequired>false</IsRequired><Value i:nil="true"/></Attribute><Attribute z:Id="i50"><AttributeType>upper</AttributeType><IsRequired>false</IsRequired><Value i:nil="true"/></Attribute><Attribute z:Id="i51"><AttributeType>effort</AttributeType><IsRequired>true</IsRequired><Value i:nil="true"/></Attribute><Attribute z:Id="i52"><AttributeType>velocity</AttributeType><IsRequired>true</IsRequired><Value i:nil="true"/></Attribute></Attributes><ChildElements/><ElementName>limit</ElementName><required>false</required><EffortAttribute z:Ref="i51"/><LowerAttribute z:Ref="i49"/><UpperAttribute z:Ref="i50"/><VelocityAttribute z:Ref="i52"/></URDFElement><URDFElement z:Id="i53" i:type="Calibration"><Attributes><Attribute z:Id="i54"><AttributeType>rising</AttributeType><IsRequired>false</IsRequired><Value i:nil="true"/></Attribute><Attribute z:Id="i55"><AttributeType>falling</AttributeType><IsRequired>false</IsRequired><Value i:nil="true"/></Attribute></Attributes><ChildElements/><ElementName>calibration</ElementName><required>false</required><FallingAttribute z:Ref="i55"/><RisingAttribute z:Ref="i54"/></URDFElement><URDFElement z:Id="i56" i:type="Dynamics"><Attributes><Attribute z:Id="i57"><AttributeType>damping</AttributeType><IsRequired>false</IsRequired><Value i:nil="true"/></Attribute><Attribute z:Id="i58"><AttributeType>friction</AttributeType><IsRequired>false</IsRequired><Value i:nil="true"/></Attribute></Attributes><ChildElements/><ElementName>dynamics</ElementName><required>false</required><DampingAttribute z:Ref="i57"/><FrictionAttribute z:Ref="i58"/></URDFElement><URDFElement z:Id="i59" i:type="SafetyController"><Attributes><Attribute z:Id="i60"><AttributeType>soft_upper</AttributeType><IsRequired>false</IsRequired><Value i:nil="true"/></Attribute><Attribute z:Id="i61"><AttributeType>soft_lower</AttributeType><IsRequired>false</IsRequired><Value i:nil="true"/></Attribute><Attribute z:Id="i62"><AttributeType>k_position</AttributeType><IsRequired>false</IsRequired><Value i:nil="true"/></Attribute><Attribute z:Id="i63"><AttributeType>k_velocity</AttributeType><IsRequired>true</IsRequired><Value i:nil="true"/></Attribute></Attributes><ChildElements/><ElementName>safety_controller</ElementName><required>false</required><KPositionAttribute z:Ref="i62"/><KVelocityAttribute z:Ref="i63"/><SoftLowerAttribute z:Ref="i61"/><SoftUpperAttribute z:Ref="i60"/></URDFElement><URDFElement z:Id="i64" i:type="Mimic"><Attributes><Attribute z:Id="i65"><AttributeType>joint</AttributeType><IsRequired>true</IsRequired><Value i:nil="true"/></Attribute><Attribute z:Id="i66"><AttributeType>multiplier</AttributeType><IsRequired>false</IsRequired><Value i:nil="true"/></Attribute><Attribute z:Id="i67"><AttributeType>offset</AttributeType><IsRequired>false</IsRequired><Value i:nil="true"/></Attribute></Attributes><ChildElements/><ElementName>mimic</ElementName><required>false</required><JointNameAttribute z:Ref="i65"/><MultiplierAttribute z:Ref="i66"/><OffsetAttribute z:Ref="i67"/></URDFElement></ChildElements><ElementName>joint</ElementName><required>false</required><Axis z:Ref="i46"/><AxisName/><Calibration z:Ref="i53"/><Child z:Ref="i44"/><CoordinateSystemName>Coordinate System40</CoordinateSystemName><Dynamics z:Ref="i56"/><Limit z:Ref="i48"/><Mimic z:Ref="i64"/><NameAttribute z:Ref="i37"/><Origin z:Ref="i39"/><Parent z:Ref="i42"/><Safety z:Ref="i59"/><TypeAttribute z:Ref="i38"/></URDFElement></ChildElements><ElementName>link</ElementName><required>true</required><Children><Link z:Id="i68"><Attributes><Attribute z:Id="i69"><AttributeType>name</AttributeType><IsRequired>true</IsRequired><Value i:type="a:string" xmlns:a="http://www.w3.org/2001/XMLSchema">link-1</Value></Attribute></Attributes><ChildElements><URDFElement z:Id="i70" i:type="Inertial"><Attributes/><ChildElements><URDFElement z:Id="i71" i:type="Origin"><Attributes><Attribute z:Id="i72"><AttributeType>xyz</AttributeType><IsRequired>true</IsRequired><Value i:type="a:ArrayOfdouble" xmlns:a="http://schemas.microsoft.com/2003/10/Serialization/Arrays"><a:double>-0.030777</a:double><a:double>-0.023999</a:double><a:double>-0.015</a:double></Value></Attribute><Attribute z:Id="i73"><AttributeType>rpy</AttributeType><IsRequired>true</IsRequired><Value i:type="a:ArrayOfdouble" xmlns:a="http://schemas.microsoft.com/2003/10/Serialization/Arrays"><a:double>0</a:double><a:double>0</a:double><a:double>0</a:double></Value></Attribute></Attributes><ChildElements/><ElementName>origin</ElementName><required>false</required><RPYAttribute z:Ref="i73"/><XYZAttribute z:Ref="i72"/><isCustomized>false</isCustomized></URDFElement><URDFElement z:Id="i74" i:type="Mass"><Attributes><Attribute z:Id="i75"><AttributeType>value</AttributeType><IsRequired>true</IsRequired><Value i:type="a:double" xmlns:a="http://www.w3.org/2001/XMLSchema">0.77736</Value></Attribute></Attributes><ChildElements/><ElementName>mass</ElementName><required>false</required><ValueAttribute z:Ref="i75"/></URDFElement><URDFElement z:Id="i76" i:type="Inertia"><Attributes><Attribute z:Id="i77"><AttributeType>ixx</AttributeType><IsRequired>true</IsRequired><Value i:type="a:double" xmlns:a="http://www.w3.org/2001/XMLSchema">0.002311</Value></Attribute><Attribute z:Id="i78"><AttributeType>ixy</AttributeType><IsRequired>true</IsRequired><Value i:type="a:double" xmlns:a="http://www.w3.org/2001/XMLSchema">-2.3219E-08</Value></Attribute><Attribute z:Id="i79"><AttributeType>ixz</AttributeType><IsRequired>true</IsRequired><Value i:type="a:double" xmlns:a="http://www.w3.org/2001/XMLSchema">-1.0062E-14</Value></Attribute><Attribute z:Id="i80"><AttributeType>iyy</AttributeType><IsRequired>true</IsRequired><Value i:type="a:double" xmlns:a="http://www.w3.org/2001/XMLSchema">0.0013623</Value></Attribute><Attribute z:Id="i81"><AttributeType>iyz</AttributeType><IsRequired>true</IsRequired><Value i:type="a:double" xmlns:a="http://www.w3.org/2001/XMLSchema">6.629E-15</Value></Attribute><Attribute z:Id="i82"><AttributeType>izz</AttributeType><IsRequired>true</IsRequired><Value i:type="a:double" xmlns:a="http://www.w3.org/2001/XMLSchema">0.0013337</Value></Attribute></Attributes><ChildElements/><ElementName>inertia</ElementName><required>false</required><IxxAttribute z:Ref="i77"/><IxyAttribute z:Ref="i78"/><IxzAttribute z:Ref="i79"/><IyyAttribute z:Ref="i80"/><IyzAttribute z:Ref="i81"/><IzzAttribute z:Ref="i82"/></URDFElement></ChildElements><ElementName>inertial</ElementName><required>false</required><Inertia z:Ref="i76"/><Mass z:Ref="i74"/><Origin z:Ref="i71"/></URDFElement><URDFElement z:Id="i83" i:type="Visual"><Attributes/><ChildElements><URDFElement z:Id="i84" i:type="Origin"><Attributes><Attribute z:Id="i85"><AttributeType>xyz</AttributeType><IsRequired>true</IsRequired><Value i:type="a:ArrayOfdouble" xmlns:a="http://schemas.microsoft.com/2003/10/Serialization/Arrays"><a:double>0</a:double><a:double>0</a:double><a:double>0</a:double></Value></Attribute><Attribute z:Id="i86"><AttributeType>rpy</AttributeType><IsRequired>true</IsRequired><Value i:type="a:ArrayOfdouble" xmlns:a="http://schemas.microsoft.com/2003/10/Serialization/Arrays"><a:double>0</a:double><a:double>0</a:double><a:double>0</a:double></Value></Attribute></Attributes><ChildElements/><ElementName>origin</ElementName><required>false</required><RPYAttribute z:Ref="i86"/><XYZAttribute z:Ref="i85"/><isCustomized>false</isCustomized></URDFElement><URDFElement z:Id="i87" i:type="Geometry"><Attributes/><ChildElements><URDFElement z:Id="i88" i:type="Mesh"><Attributes><Attribute z:Id="i89"><AttributeType>filename</AttributeType><IsRequired>true</IsRequired><Value i:nil="true"/></Attribute></Attributes><ChildElements/><ElementName>mesh</ElementName><required>false</required><FilenameAttribute z:Ref="i89"/></URDFElement></ChildElements><ElementName>geometry</ElementName><required>true</required><Mesh z:Ref="i88"/></URDFElement><URDFElement z:Id="i90" i:type="Material"><Attributes><Attribute z:Id="i91"><AttributeType>name</AttributeType><IsRequired>true</IsRequired><Value i:type="a:string" xmlns:a="http://www.w3.org/2001/XMLSchema"/></Attribute></Attributes><ChildElements><URDFElement z:Id="i92" i:type="Color"><Attributes><Attribute z:Id="i93"><AttributeType>rgba</AttributeType><IsRequired>true</IsRequired><Value i:type="a:ArrayOfdouble" xmlns:a="http://schemas.microsoft.com/2003/10/Serialization/Arrays"><a:double>0.79216</a:double><a:double>0.81961</a:double><a:double>0.93333</a:double><a:double>1</a:double></Value></Attribute></Attributes><ChildElements/><ElementName>color</ElementName><required>false</required><RGBAAttribute z:Ref="i93"/></URDFElement><URDFElement z:Id="i94" i:type="Texture"><Attributes><Attribute z:Id="i95"><AttributeType>filename</AttributeType><IsRequired>true</IsRequired><Value i:nil="true"/></Attribute></Attributes><ChildElements/><ElementName>texture</ElementName><required>false</required><FilenameAttribute z:Ref="i95"/><wFilename/></URDFElement></ChildElements><ElementName>material</ElementName><required>false</required><Color z:Ref="i92"/><NameAttribute z:Ref="i91"/><Texture z:Ref="i94"/></URDFElement></ChildElements><ElementName>visual</ElementName><required>false</required><Geometry z:Ref="i87"/><Material z:Ref="i90"/><Origin z:Ref="i84"/></URDFElement><URDFElement z:Id="i96" i:type="Collision"><Attributes/><ChildElements><URDFElement z:Id="i97" i:type="Origin"><Attributes><Attribute z:Id="i98"><AttributeType>xyz</AttributeType><IsRequired>true</IsRequired><Value i:type="a:ArrayOfdouble" xmlns:a="http://schemas.microsoft.com/2003/10/Serialization/Arrays"><a:double>0</a:double><a:double>0</a:double><a:double>0</a:double></Value></Attribute><Attribute z:Id="i99"><AttributeType>rpy</AttributeType><IsRequired>true</IsRequired><Value i:type="a:ArrayOfdouble" xmlns:a="http://schemas.microsoft.com/2003/10/Serialization/Arrays"><a:double>0</a:double><a:double>0</a:double><a:double>0</a:double></Value></Attribute></Attributes><ChildElements/><ElementName>origin</ElementName><required>false</required><RPYAttribute z:Ref="i99"/><XYZAttribute z:Ref="i98"/><isCustomized>false</isCustomized></URDFElement><URDFElement z:Id="i100" i:type="Geometry"><Attributes/><ChildElements><URDFElement z:Id="i101" i:type="Mesh"><Attributes><Attribute z:Id="i102"><AttributeType>filename</AttributeType><IsRequired>true</IsRequired><Value i:nil="true"/></Attribute></Attributes><ChildElements/><ElementName>mesh</ElementName><required>false</required><FilenameAttribute z:Ref="i102"/></URDFElement></ChildElements><ElementName>geometry</ElementName><required>true</required><Mesh z:Ref="i101"/></URDFElement></ChildElements><ElementName>collision</ElementName><required>false</required><Geometry z:Ref="i100"/><Origin z:Ref="i97"/></URDFElement><URDFElement z:Id="i103" i:type="Joint"><Attributes><Attribute z:Id="i104"><AttributeType>name</AttributeType><IsRequired>true</IsRequired><Value i:type="a:string" xmlns:a="http://www.w3.org/2001/XMLSchema">joint-1</Value></Attribute><Attribute z:Id="i105"><AttributeType>type</AttributeType><IsRequired>true</IsRequired><Value i:type="a:string" xmlns:a="http://www.w3.org/2001/XMLSchema">revolute</Value></Attribute></Attributes><ChildElements><URDFElement z:Id="i106" i:type="Origin"><Attributes><Attribute z:Id="i107"><AttributeType>xyz</AttributeType><IsRequired>true</IsRequired><Value i:type="a:ArrayOfdouble" xmlns:a="http://schemas.microsoft.com/2003/10/Serialization/Arrays"><a:double>-0.006364</a:double><a:double>-0.027577</a:double><a:double>0.22789</a:double></Value></Attribute><Attribute z:Id="i108"><AttributeType>rpy</AttributeType><IsRequired>true</IsRequired><Value i:type="a:ArrayOfdouble" xmlns:a="http://schemas.microsoft.com/2003/10/Serialization/Arrays"><a:double>0.7854</a:double><a:double>-1.5708</a:double><a:double>0</a:double></Value></Attribute></Attributes><ChildElements/><ElementName>origin</ElementName><required>false</required><RPYAttribute z:Ref="i108"/><XYZAttribute z:Ref="i107"/><isCustomized>false</isCustomized></URDFElement><URDFElement z:Id="i109" i:type="ParentLink"><Attributes><Attribute z:Id="i110"><AttributeType>link</AttributeType><IsRequired>true</IsRequired><Value i:type="a:string" xmlns:a="http://www.w3.org/2001/XMLSchema">base_link</Value></Attribute></Attributes><ChildElements/><ElementName>parent</ElementName><required>true</required><NameAttribute z:Ref="i110"/></URDFElement><URDFElement z:Id="i111" i:type="ChildLink"><Attributes><Attribute z:Id="i112"><AttributeType>link</AttributeType><IsRequired>true</IsRequired><Value i:type="a:string" xmlns:a="http://www.w3.org/2001/XMLSchema">link-1</Value></Attribute></Attributes><ChildElements/><ElementName>child</ElementName><required>true</required><NameAttribute z:Ref="i112"/></URDFElement><URDFElement z:Id="i113" i:type="Axis"><Attributes><Attribute z:Id="i114"><AttributeType>xyz</AttributeType><IsRequired>true</IsRequired><Value i:type="a:ArrayOfdouble" xmlns:a="http://schemas.microsoft.com/2003/10/Serialization/Arrays"><a:double>0</a:double><a:double>0</a:double><a:double>0</a:double></Value></Attribute></Attributes><ChildElements/><ElementName>axis</ElementName><required>false</required><XYZAttribute z:Ref="i114"/></URDFElement><URDFElement z:Id="i115" i:type="Limit"><Attributes><Attribute z:Id="i116"><AttributeType>lower</AttributeType><IsRequired>true</IsRequired><Value i:type="a:double" xmlns:a="http://www.w3.org/2001/XMLSchema">0</Value></Attribute><Attribute z:Id="i117"><AttributeType>upper</AttributeType><IsRequired>true</IsRequired><Value i:type="a:double" xmlns:a="http://www.w3.org/2001/XMLSchema">6.283</Value></Attribute><Attribute z:Id="i118"><AttributeType>effort</AttributeType><IsRequired>true</IsRequired><Value i:type="a:double" xmlns:a="http://www.w3.org/2001/XMLSchema">16.17</Value></Attribute><Attribute z:Id="i119"><AttributeType>velocity</AttributeType><IsRequired>true</IsRequired><Value i:type="a:double" xmlns:a="http://www.w3.org/2001/XMLSchema">2</Value></Attribute></Attributes><ChildElements/><ElementName>limit</ElementName><required>true</required><EffortAttribute z:Ref="i118"/><LowerAttribute z:Ref="i116"/><UpperAttribute z:Ref="i117"/><VelocityAttribute z:Ref="i119"/></URDFElement><URDFElement z:Id="i120" i:type="Calibration"><Attributes><Attribute z:Id="i121"><AttributeType>rising</AttributeType><IsRequired>false</IsRequired><Value i:nil="true"/></Attribute><Attribute z:Id="i122"><AttributeType>falling</AttributeType><IsRequired>false</IsRequired><Value i:nil="true"/></Attribute></Attributes><ChildElements/><ElementName>calibration</ElementName><required>false</required><FallingAttribute z:Ref="i122"/><RisingAttribute z:Ref="i121"/></URDFElement><URDFElement z:Id="i123" i:type="Dynamics"><Attributes><Attribute z:Id="i124"><AttributeType>damping</AttributeType><IsRequired>false</IsRequired><Value i:nil="true"/></Attribute><Attribute z:Id="i125"><AttributeType>friction</AttributeType><IsRequired>false</IsRequired><Value i:nil="true"/></Attribute></Attributes><ChildElements/><ElementName>dynamics</ElementName><required>false</required><DampingAttribute z:Ref="i124"/><FrictionAttribute z:Ref="i125"/></URDFElement><URDFElement z:Id="i126" i:type="SafetyController"><Attributes><Attribute z:Id="i127"><AttributeType>soft_upper</AttributeType><IsRequired>false</IsRequired><Value i:nil="true"/></Attribute><Attribute z:Id="i128"><AttributeType>soft_lower</AttributeType><IsRequired>false</IsRequired><Value i:nil="true"/></Attribute><Attribute z:Id="i129"><AttributeType>k_position</AttributeType><IsRequired>false</IsRequired><Value i:nil="true"/></Attribute><Attribute z:Id="i130"><AttributeType>k_velocity</AttributeType><IsRequired>true</IsRequired><Value i:nil="true"/></Attribute></Attributes><ChildElements/><ElementName>safety_controller</ElementName><required>false</required><KPositionAttribute z:Ref="i129"/><KVelocityAttribute z:Ref="i130"/><SoftLowerAttribute z:Ref="i128"/><SoftUpperAttribute z:Ref="i127"/></URDFElement><URDFElement z:Id="i131" i:type="Mimic"><Attributes><Attribute z:Id="i132"><AttributeType>joint</AttributeType><IsRequired>true</IsRequired><Value i:nil="true"/></Attribute><Attribute z:Id="i133"><AttributeType>multiplier</AttributeType><IsRequired>false</IsRequired><Value i:nil="true"/></Attribute><Attribute z:Id="i134"><AttributeType>offset</AttributeType><IsRequired>false</IsRequired><Value i:nil="true"/></Attribute></Attributes><ChildElements/><ElementName>mimic</ElementName><required>false</required><JointNameAttribute z:Ref="i132"/><MultiplierAttribute z:Ref="i133"/><OffsetAttribute z:Ref="i134"/></URDFElement></ChildElements><ElementName>joint</ElementName><required>false</required><Axis z:Ref="i113"/><AxisName>Axis21</AxisName><Calibration z:Ref="i120"/><Child z:Ref="i111"/><CoordinateSystemName>Origin_joint-12</CoordinateSystemName><Dynamics z:Ref="i123"/><Limit z:Ref="i115"/><Mimic z:Ref="i131"/><NameAttribute z:Ref="i104"/><Origin z:Ref="i106"/><Parent z:Ref="i109"/><Safety z:Ref="i126"/><TypeAttribute z:Ref="i105"/></URDFElement></ChildElements><ElementName>link</ElementName><required>true</required><Children><Link z:Id="i135"><Attributes><Attribute z:Id="i136"><AttributeType>name</AttributeType><IsRequired>true</IsRequired><Value i:type="a:string" xmlns:a="http://www.w3.org/2001/XMLSchema">link-2</Value></Attribute></Attributes><ChildElements><URDFElement z:Id="i137" i:type="Inertial"><Attributes/><ChildElements><URDFElement z:Id="i138" i:type="Origin"><Attributes><Attribute z:Id="i139"><AttributeType>xyz</AttributeType><IsRequired>true</IsRequired><Value i:type="a:ArrayOfdouble" xmlns:a="http://schemas.microsoft.com/2003/10/Serialization/Arrays"><a:double>0.019579</a:double><a:double>0.18024</a:double><a:double>-0.028579</a:double></Value></Attribute><Attribute z:Id="i140"><AttributeType>rpy</AttributeType><IsRequired>true</IsRequired><Value i:type="a:ArrayOfdouble" xmlns:a="http://schemas.microsoft.com/2003/10/Serialization/Arrays"><a:double>0</a:double><a:double>0</a:double><a:double>0</a:double></Value></Attribute></Attributes><ChildElements/><ElementName>origin</ElementName><required>false</required><RPYAttribute z:Ref="i140"/><XYZAttribute z:Ref="i139"/><isCustomized>false</isCustomized></URDFElement><URDFElement z:Id="i141" i:type="Mass"><Attributes><Attribute z:Id="i142"><AttributeType>value</AttributeType><IsRequired>true</IsRequired><Value i:type="a:double" xmlns:a="http://www.w3.org/2001/XMLSchema">0.54911</Value></Attribute></Attributes><ChildElements/><ElementName>mass</ElementName><required>false</required><ValueAttribute z:Ref="i142"/></URDFElement><URDFElement z:Id="i143" i:type="Inertia"><Attributes><Attribute z:Id="i144"><AttributeType>ixx</AttributeType><IsRequired>true</IsRequired><Value i:type="a:double" xmlns:a="http://www.w3.org/2001/XMLSchema">0.0050981</Value></Attribute><Attribute z:Id="i145"><AttributeType>ixy</AttributeType><IsRequired>true</IsRequired><Value i:type="a:double" xmlns:a="http://www.w3.org/2001/XMLSchema">-5.3755E-06</Value></Attribute><Attribute z:Id="i146"><AttributeType>ixz</AttributeType><IsRequired>true</IsRequired><Value i:type="a:double" xmlns:a="http://www.w3.org/2001/XMLSchema">-3.1722E-07</Value></Attribute><Attribute z:Id="i147"><AttributeType>iyy</AttributeType><IsRequired>true</IsRequired><Value i:type="a:double" xmlns:a="http://www.w3.org/2001/XMLSchema">0.00027681</Value></Attribute><Attribute z:Id="i148"><AttributeType>iyz</AttributeType><IsRequired>true</IsRequired><Value i:type="a:double" xmlns:a="http://www.w3.org/2001/XMLSchema">2.4098E-05</Value></Attribute><Attribute z:Id="i149"><AttributeType>izz</AttributeType><IsRequired>true</IsRequired><Value i:type="a:double" xmlns:a="http://www.w3.org/2001/XMLSchema">0.0049153</Value></Attribute></Attributes><ChildElements/><ElementName>inertia</ElementName><required>false</required><IxxAttribute z:Ref="i144"/><IxyAttribute z:Ref="i145"/><IxzAttribute z:Ref="i146"/><IyyAttribute z:Ref="i147"/><IyzAttribute z:Ref="i148"/><IzzAttribute z:Ref="i149"/></URDFElement></ChildElements><ElementName>inertial</ElementName><required>false</required><Inertia z:Ref="i143"/><Mass z:Ref="i141"/><Origin z:Ref="i138"/></URDFElement><URDFElement z:Id="i150" i:type="Visual"><Attributes/><ChildElements><URDFElement z:Id="i151" i:type="Origin"><Attributes><Attribute z:Id="i152"><AttributeType>xyz</AttributeType><IsRequired>true</IsRequired><Value i:type="a:ArrayOfdouble" xmlns:a="http://schemas.microsoft.com/2003/10/Serialization/Arrays"><a:double>0</a:double><a:double>0</a:double><a:double>0</a:double></Value></Attribute><Attribute z:Id="i153"><AttributeType>rpy</AttributeType><IsRequired>true</IsRequired><Value i:type="a:ArrayOfdouble" xmlns:a="http://schemas.microsoft.com/2003/10/Serialization/Arrays"><a:double>0</a:double><a:double>0</a:double><a:double>0</a:double></Value></Attribute></Attributes><ChildElements/><ElementName>origin</ElementName><required>false</required><RPYAttribute z:Ref="i153"/><XYZAttribute z:Ref="i152"/><isCustomized>false</isCustomized></URDFElement><URDFElement z:Id="i154" i:type="Geometry"><Attributes/><ChildElements><URDFElement z:Id="i155" i:type="Mesh"><Attributes><Attribute z:Id="i156"><AttributeType>filename</AttributeType><IsRequired>true</IsRequired><Value i:nil="true"/></Attribute></Attributes><ChildElements/><ElementName>mesh</ElementName><required>false</required><FilenameAttribute z:Ref="i156"/></URDFElement></ChildElements><ElementName>geometry</ElementName><required>true</required><Mesh z:Ref="i155"/></URDFElement><URDFElement z:Id="i157" i:type="Material"><Attributes><Attribute z:Id="i158"><AttributeType>name</AttributeType><IsRequired>true</IsRequired><Value i:type="a:string" xmlns:a="http://www.w3.org/2001/XMLSchema"/></Attribute></Attributes><ChildElements><URDFElement z:Id="i159" i:type="Color"><Attributes><Attribute z:Id="i160"><AttributeType>rgba</AttributeType><IsRequired>true</IsRequired><Value i:type="a:ArrayOfdouble" xmlns:a="http://schemas.microsoft.com/2003/10/Serialization/Arrays"><a:double>0.79216</a:double><a:double>0.81961</a:double><a:double>0.93333</a:double><a:double>1</a:double></Value></Attribute></Attributes><ChildElements/><ElementName>color</ElementName><required>false</required><RGBAAttribute z:Ref="i160"/></URDFElement><URDFElement z:Id="i161" i:type="Texture"><Attributes><Attribute z:Id="i162"><AttributeType>filename</AttributeType><IsRequired>true</IsRequired><Value i:nil="true"/></Attribute></Attributes><ChildElements/><ElementName>texture</ElementName><required>false</required><FilenameAttribute z:Ref="i162"/><wFilename/></URDFElement></ChildElements><ElementName>material</ElementName><required>false</required><Color z:Ref="i159"/><NameAttribute z:Ref="i158"/><Texture z:Ref="i161"/></URDFElement></ChildElements><ElementName>visual</ElementName><required>false</required><Geometry z:Ref="i154"/><Material z:Ref="i157"/><Origin z:Ref="i151"/></URDFElement><URDFElement z:Id="i163" i:type="Collision"><Attributes/><ChildElements><URDFElement z:Id="i164" i:type="Origin"><Attributes><Attribute z:Id="i165"><AttributeType>xyz</AttributeType><IsRequired>true</IsRequired><Value i:type="a:ArrayOfdouble" xmlns:a="http://schemas.microsoft.com/2003/10/Serialization/Arrays"><a:double>0</a:double><a:double>0</a:double><a:double>0</a:double></Value></Attribute><Attribute z:Id="i166"><AttributeType>rpy</AttributeType><IsRequired>true</IsRequired><Value i:type="a:ArrayOfdouble" xmlns:a="http://schemas.microsoft.com/2003/10/Serialization/Arrays"><a:double>0</a:double><a:double>0</a:double><a:double>0</a:double></Value></Attribute></Attributes><ChildElements/><ElementName>origin</ElementName><required>false</required><RPYAttribute z:Ref="i166"/><XYZAttribute z:Ref="i165"/><isCustomized>false</isCustomized></URDFElement><URDFElement z:Id="i167" i:type="Geometry"><Attributes/><ChildElements><URDFElement z:Id="i168" i:type="Mesh"><Attributes><Attribute z:Id="i169"><AttributeType>filename</AttributeType><IsRequired>true</IsRequired><Value i:nil="true"/></Attribute></Attributes><ChildElements/><ElementName>mesh</ElementName><required>false</required><FilenameAttribute z:Ref="i169"/></URDFElement></ChildElements><ElementName>geometry</ElementName><required>true</required><Mesh z:Ref="i168"/></URDFElement></ChildElements><ElementName>collision</ElementName><required>false</required><Geometry z:Ref="i167"/><Origin z:Ref="i164"/></URDFElement><URDFElement z:Id="i170" i:type="Joint"><Attributes><Attribute z:Id="i171"><AttributeType>name</AttributeType><IsRequired>true</IsRequired><Value i:type="a:string" xmlns:a="http://www.w3.org/2001/XMLSchema">joint-2</Value></Attribute><Attribute z:Id="i172"><AttributeType>type</AttributeType><IsRequired>true</IsRequired><Value i:type="a:string" xmlns:a="http://www.w3.org/2001/XMLSchema">revolute</Value></Attribute></Attributes><ChildElements><URDFElement z:Id="i173" i:type="Origin"><Attributes><Attribute z:Id="i174"><AttributeType>xyz</AttributeType><IsRequired>true</IsRequired><Value i:type="a:ArrayOfdouble" xmlns:a="http://schemas.microsoft.com/2003/10/Serialization/Arrays"><a:double>0.0195</a:double><a:double>0.0077</a:double><a:double>-0.0345</a:double></Value></Attribute><Attribute z:Id="i175"><AttributeType>rpy</AttributeType><IsRequired>true</IsRequired><Value i:type="a:ArrayOfdouble" xmlns:a="http://schemas.microsoft.com/2003/10/Serialization/Arrays"><a:double>1.5708</a:double><a:double>-1.5708</a:double><a:double>0</a:double></Value></Attribute></Attributes><ChildElements/><ElementName>origin</ElementName><required>false</required><RPYAttribute z:Ref="i175"/><XYZAttribute z:Ref="i174"/><isCustomized>false</isCustomized></URDFElement><URDFElement z:Id="i176" i:type="ParentLink"><Attributes><Attribute z:Id="i177"><AttributeType>link</AttributeType><IsRequired>true</IsRequired><Value i:type="a:string" xmlns:a="http://www.w3.org/2001/XMLSchema">link-1</Value></Attribute></Attributes><ChildElements/><ElementName>parent</ElementName><required>true</required><NameAttribute z:Ref="i177"/></URDFElement><URDFElement z:Id="i178" i:type="ChildLink"><Attributes><Attribute z:Id="i179"><AttributeType>link</AttributeType><IsRequired>true</IsRequired><Value i:type="a:string" xmlns:a="http://www.w3.org/2001/XMLSchema">link-2</Value></Attribute></Attributes><ChildElements/><ElementName>child</ElementName><required>true</required><NameAttribute z:Ref="i179"/></URDFElement><URDFElement z:Id="i180" i:type="Axis"><Attributes><Attribute z:Id="i181"><AttributeType>xyz</AttributeType><IsRequired>true</IsRequired><Value i:type="a:ArrayOfdouble" xmlns:a="http://schemas.microsoft.com/2003/10/Serialization/Arrays"><a:double>0</a:double><a:double>0</a:double><a:double>0</a:double></Value></Attribute></Attributes><ChildElements/><ElementName>axis</ElementName><required>false</required><XYZAttribute z:Ref="i181"/></URDFElement><URDFElement z:Id="i182" i:type="Limit"><Attributes><Attribute z:Id="i183"><AttributeType>lower</AttributeType><IsRequired>true</IsRequired><Value i:type="a:double" xmlns:a="http://www.w3.org/2001/XMLSchema">-1.57</Value></Attribute><Attribute z:Id="i184"><AttributeType>upper</AttributeType><IsRequired>true</IsRequired><Value i:type="a:double" xmlns:a="http://www.w3.org/2001/XMLSchema">1.57</Value></Attribute><Attribute z:Id="i185"><AttributeType>effort</AttributeType><IsRequired>true</IsRequired><Value i:type="a:double" xmlns:a="http://www.w3.org/2001/XMLSchema">1617</Value></Attribute><Attribute z:Id="i186"><AttributeType>velocity</AttributeType><IsRequired>true</IsRequired><Value i:type="a:double" xmlns:a="http://www.w3.org/2001/XMLSchema">2</Value></Attribute></Attributes><ChildElements/><ElementName>limit</ElementName><required>true</required><EffortAttribute z:Ref="i185"/><LowerAttribute z:Ref="i183"/><UpperAttribute z:Ref="i184"/><VelocityAttribute z:Ref="i186"/></URDFElement><URDFElement z:Id="i187" i:type="Calibration"><Attributes><Attribute z:Id="i188"><AttributeType>rising</AttributeType><IsRequired>false</IsRequired><Value i:nil="true"/></Attribute><Attribute z:Id="i189"><AttributeType>falling</AttributeType><IsRequired>false</IsRequired><Value i:nil="true"/></Attribute></Attributes><ChildElements/><ElementName>calibration</ElementName><required>false</required><FallingAttribute z:Ref="i189"/><RisingAttribute z:Ref="i188"/></URDFElement><URDFElement z:Id="i190" i:type="Dynamics"><Attributes><Attribute z:Id="i191"><AttributeType>damping</AttributeType><IsRequired>false</IsRequired><Value i:nil="true"/></Attribute><Attribute z:Id="i192"><AttributeType>friction</AttributeType><IsRequired>false</IsRequired><Value i:nil="true"/></Attribute></Attributes><ChildElements/><ElementName>dynamics</ElementName><required>false</required><DampingAttribute z:Ref="i191"/><FrictionAttribute z:Ref="i192"/></URDFElement><URDFElement z:Id="i193" i:type="SafetyController"><Attributes><Attribute z:Id="i194"><AttributeType>soft_upper</AttributeType><IsRequired>false</IsRequired><Value i:nil="true"/></Attribute><Attribute z:Id="i195"><AttributeType>soft_lower</AttributeType><IsRequired>false</IsRequired><Value i:nil="true"/></Attribute><Attribute z:Id="i196"><AttributeType>k_position</AttributeType><IsRequired>false</IsRequired><Value i:nil="true"/></Attribute><Attribute z:Id="i197"><AttributeType>k_velocity</AttributeType><IsRequired>true</IsRequired><Value i:nil="true"/></Attribute></Attributes><ChildElements/><ElementName>safety_controller</ElementName><required>false</required><KPositionAttribute z:Ref="i196"/><KVelocityAttribute z:Ref="i197"/><SoftLowerAttribute z:Ref="i195"/><SoftUpperAttribute z:Ref="i194"/></URDFElement><URDFElement z:Id="i198" i:type="Mimic"><Attributes><Attribute z:Id="i199"><AttributeType>joint</AttributeType><IsRequired>true</IsRequired><Value i:nil="true"/></Attribute><Attribute z:Id="i200"><AttributeType>multiplier</AttributeType><IsRequired>false</IsRequired><Value i:nil="true"/></Attribute><Attribute z:Id="i201"><AttributeType>offset</AttributeType><IsRequired>false</IsRequired><Value i:nil="true"/></Attribute></Attributes><ChildElements/><ElementName>mimic</ElementName><required>false</required><JointNameAttribute z:Ref="i199"/><MultiplierAttribute z:Ref="i200"/><OffsetAttribute z:Ref="i201"/></URDFElement></ChildElements><ElementName>joint</ElementName><required>false</required><Axis z:Ref="i180"/><AxisName>Axis22</AxisName><Calibration z:Ref="i187"/><Child z:Ref="i178"/><CoordinateSystemName>Origin_joint-22</CoordinateSystemName><Dynamics z:Ref="i190"/><Limit z:Ref="i182"/><Mimic z:Ref="i198"/><NameAttribute z:Ref="i171"/><Origin z:Ref="i173"/><Parent z:Ref="i176"/><Safety z:Ref="i193"/><TypeAttribute z:Ref="i172"/></URDFElement></ChildElements><ElementName>link</ElementName><required>true</required><Children><Link z:Id="i202"><Attributes><Attribute z:Id="i203"><AttributeType>name</AttributeType><IsRequired>true</IsRequired><Value i:type="a:string" xmlns:a="http://www.w3.org/2001/XMLSchema">link-3</Value></Attribute></Attributes><ChildElements><URDFElement z:Id="i204" i:type="Inertial"><Attributes/><ChildElements><URDFElement z:Id="i205" i:type="Origin"><Attributes><Attribute z:Id="i206"><AttributeType>xyz</AttributeType><IsRequired>true</IsRequired><Value i:type="a:ArrayOfdouble" xmlns:a="http://schemas.microsoft.com/2003/10/Serialization/Arrays"><a:double>0.018903</a:double><a:double>-0.038544</a:double><a:double>0.06058</a:double></Value></Attribute><Attribute z:Id="i207"><AttributeType>rpy</AttributeType><IsRequired>true</IsRequired><Value i:type="a:ArrayOfdouble" xmlns:a="http://schemas.microsoft.com/2003/10/Serialization/Arrays"><a:double>0</a:double><a:double>0</a:double><a:double>0</a:double></Value></Attribute></Attributes><ChildElements/><ElementName>origin</ElementName><required>false</required><RPYAttribute z:Ref="i207"/><XYZAttribute z:Ref="i206"/><isCustomized>false</isCustomized></URDFElement><URDFElement z:Id="i208" i:type="Mass"><Attributes><Attribute z:Id="i209"><AttributeType>value</AttributeType><IsRequired>true</IsRequired><Value i:type="a:double" xmlns:a="http://www.w3.org/2001/XMLSchema">0.23232</Value></Attribute></Attributes><ChildElements/><ElementName>mass</ElementName><required>false</required><ValueAttribute z:Ref="i209"/></URDFElement><URDFElement z:Id="i210" i:type="Inertia"><Attributes><Attribute z:Id="i211"><AttributeType>ixx</AttributeType><IsRequired>true</IsRequired><Value i:type="a:double" xmlns:a="http://www.w3.org/2001/XMLSchema">0.0022473</Value></Attribute><Attribute z:Id="i212"><AttributeType>ixy</AttributeType><IsRequired>true</IsRequired><Value i:type="a:double" xmlns:a="http://www.w3.org/2001/XMLSchema">-3.5716E-06</Value></Attribute><Attribute z:Id="i213"><AttributeType>ixz</AttributeType><IsRequired>true</IsRequired><Value i:type="a:double" xmlns:a="http://www.w3.org/2001/XMLSchema">2.545E-06</Value></Attribute><Attribute z:Id="i214"><AttributeType>iyy</AttributeType><IsRequired>true</IsRequired><Value i:type="a:double" xmlns:a="http://www.w3.org/2001/XMLSchema">0.00029274</Value></Attribute><Attribute z:Id="i215"><AttributeType>iyz</AttributeType><IsRequired>true</IsRequired><Value i:type="a:double" xmlns:a="http://www.w3.org/2001/XMLSchema">-6.4257E-05</Value></Attribute><Attribute z:Id="i216"><AttributeType>izz</AttributeType><IsRequired>true</IsRequired><Value i:type="a:double" xmlns:a="http://www.w3.org/2001/XMLSchema">0.001993</Value></Attribute></Attributes><ChildElements/><ElementName>inertia</ElementName><required>false</required><IxxAttribute z:Ref="i211"/><IxyAttribute z:Ref="i212"/><IxzAttribute z:Ref="i213"/><IyyAttribute z:Ref="i214"/><IyzAttribute z:Ref="i215"/><IzzAttribute z:Ref="i216"/></URDFElement></ChildElements><ElementName>inertial</ElementName><required>false</required><Inertia z:Ref="i210"/><Mass z:Ref="i208"/><Origin z:Ref="i205"/></URDFElement><URDFElement z:Id="i217" i:type="Visual"><Attributes/><ChildElements><URDFElement z:Id="i218" i:type="Origin"><Attributes><Attribute z:Id="i219"><AttributeType>xyz</AttributeType><IsRequired>true</IsRequired><Value i:type="a:ArrayOfdouble" xmlns:a="http://schemas.microsoft.com/2003/10/Serialization/Arrays"><a:double>0</a:double><a:double>0</a:double><a:double>0</a:double></Value></Attribute><Attribute z:Id="i220"><AttributeType>rpy</AttributeType><IsRequired>true</IsRequired><Value i:type="a:ArrayOfdouble" xmlns:a="http://schemas.microsoft.com/2003/10/Serialization/Arrays"><a:double>0</a:double><a:double>0</a:double><a:double>0</a:double></Value></Attribute></Attributes><ChildElements/><ElementName>origin</ElementName><required>false</required><RPYAttribute z:Ref="i220"/><XYZAttribute z:Ref="i219"/><isCustomized>false</isCustomized></URDFElement><URDFElement z:Id="i221" i:type="Geometry"><Attributes/><ChildElements><URDFElement z:Id="i222" i:type="Mesh"><Attributes><Attribute z:Id="i223"><AttributeType>filename</AttributeType><IsRequired>true</IsRequired><Value i:nil="true"/></Attribute></Attributes><ChildElements/><ElementName>mesh</ElementName><required>false</required><FilenameAttribute z:Ref="i223"/></URDFElement></ChildElements><ElementName>geometry</ElementName><required>true</required><Mesh z:Ref="i222"/></URDFElement><URDFElement z:Id="i224" i:type="Material"><Attributes><Attribute z:Id="i225"><AttributeType>name</AttributeType><IsRequired>true</IsRequired><Value i:type="a:string" xmlns:a="http://www.w3.org/2001/XMLSchema"/></Attribute></Attributes><ChildElements><URDFElement z:Id="i226" i:type="Color"><Attributes><Attribute z:Id="i227"><AttributeType>rgba</AttributeType><IsRequired>true</IsRequired><Value i:type="a:ArrayOfdouble" xmlns:a="http://schemas.microsoft.com/2003/10/Serialization/Arrays"><a:double>0.79216</a:double><a:double>0.81961</a:double><a:double>0.93333</a:double><a:double>1</a:double></Value></Attribute></Attributes><ChildElements/><ElementName>color</ElementName><required>false</required><RGBAAttribute z:Ref="i227"/></URDFElement><URDFElement z:Id="i228" i:type="Texture"><Attributes><Attribute z:Id="i229"><AttributeType>filename</AttributeType><IsRequired>true</IsRequired><Value i:nil="true"/></Attribute></Attributes><ChildElements/><ElementName>texture</ElementName><required>false</required><FilenameAttribute z:Ref="i229"/><wFilename/></URDFElement></ChildElements><ElementName>material</ElementName><required>false</required><Color z:Ref="i226"/><NameAttribute z:Ref="i225"/><Texture z:Ref="i228"/></URDFElement></ChildElements><ElementName>visual</ElementName><required>false</required><Geometry z:Ref="i221"/><Material z:Ref="i224"/><Origin z:Ref="i218"/></URDFElement><URDFElement z:Id="i230" i:type="Collision"><Attributes/><ChildElements><URDFElement z:Id="i231" i:type="Origin"><Attributes><Attribute z:Id="i232"><AttributeType>xyz</AttributeType><IsRequired>true</IsRequired><Value i:type="a:ArrayOfdouble" xmlns:a="http://schemas.microsoft.com/2003/10/Serialization/Arrays"><a:double>0</a:double><a:double>0</a:double><a:double>0</a:double></Value></Attribute><Attribute z:Id="i233"><AttributeType>rpy</AttributeType><IsRequired>true</IsRequired><Value i:type="a:ArrayOfdouble" xmlns:a="http://schemas.microsoft.com/2003/10/Serialization/Arrays"><a:double>0</a:double><a:double>0</a:double><a:double>0</a:double></Value></Attribute></Attributes><ChildElements/><ElementName>origin</ElementName><required>false</required><RPYAttribute z:Ref="i233"/><XYZAttribute z:Ref="i232"/><isCustomized>false</isCustomized></URDFElement><URDFElement z:Id="i234" i:type="Geometry"><Attributes/><ChildElements><URDFElement z:Id="i235" i:type="Mesh"><Attributes><Attribute z:Id="i236"><AttributeType>filename</AttributeType><IsRequired>true</IsRequired><Value i:nil="true"/></Attribute></Attributes><ChildElements/><ElementName>mesh</ElementName><required>false</required><FilenameAttribute z:Ref="i236"/></URDFElement></ChildElements><ElementName>geometry</ElementName><required>true</required><Mesh z:Ref="i235"/></URDFElement></ChildElements><ElementName>collision</ElementName><required>false</required><Geometry z:Ref="i234"/><Origin z:Ref="i231"/></URDFElement><URDFElement z:Id="i237" i:type="Joint"><Attributes><Attribute z:Id="i238"><AttributeType>name</AttributeType><IsRequired>true</IsRequired><Value i:type="a:string" xmlns:a="http://www.w3.org/2001/XMLSchema">joint-3</Value></Attribute><Attribute z:Id="i239"><AttributeType>type</AttributeType><IsRequired>true</IsRequired><Value i:type="a:string" xmlns:a="http://www.w3.org/2001/XMLSchema">revolute</Value></Attribute></Attributes><ChildElements><URDFElement z:Id="i240" i:type="Origin"><Attributes><Attribute z:Id="i241"><AttributeType>xyz</AttributeType><IsRequired>true</IsRequired><Value i:type="a:ArrayOfdouble" xmlns:a="http://schemas.microsoft.com/2003/10/Serialization/Arrays"><a:double>-0.11402</a:double><a:double>0.29337</a:double><a:double>0.0305</a:double></Value></Attribute><Attribute z:Id="i242"><AttributeType>rpy</AttributeType><IsRequired>true</IsRequired><Value i:type="a:ArrayOfdouble" xmlns:a="http://schemas.microsoft.com/2003/10/Serialization/Arrays"><a:double>3.1416</a:double><a:double>0</a:double><a:double>1.5699</a:double></Value></Attribute></Attributes><ChildElements/><ElementName>origin</ElementName><required>false</required><RPYAttribute z:Ref="i242"/><XYZAttribute z:Ref="i241"/><isCustomized>false</isCustomized></URDFElement><URDFElement z:Id="i243" i:type="ParentLink"><Attributes><Attribute z:Id="i244"><AttributeType>link</AttributeType><IsRequired>true</IsRequired><Value i:type="a:string" xmlns:a="http://www.w3.org/2001/XMLSchema">link-2</Value></Attribute></Attributes><ChildElements/><ElementName>parent</ElementName><required>true</required><NameAttribute z:Ref="i244"/></URDFElement><URDFElement z:Id="i245" i:type="ChildLink"><Attributes><Attribute z:Id="i246"><AttributeType>link</AttributeType><IsRequired>true</IsRequired><Value i:type="a:string" xmlns:a="http://www.w3.org/2001/XMLSchema">link-3</Value></Attribute></Attributes><ChildElements/><ElementName>child</ElementName><required>true</required><NameAttribute z:Ref="i246"/></URDFElement><URDFElement z:Id="i247" i:type="Axis"><Attributes><Attribute z:Id="i248"><AttributeType>xyz</AttributeType><IsRequired>true</IsRequired><Value i:type="a:ArrayOfdouble" xmlns:a="http://schemas.microsoft.com/2003/10/Serialization/Arrays"><a:double>0</a:double><a:double>0</a:double><a:double>0</a:double></Value></Attribute></Attributes><ChildElements/><ElementName>axis</ElementName><required>false</required><XYZAttribute z:Ref="i248"/></URDFElement><URDFElement z:Id="i249" i:type="Limit"><Attributes><Attribute z:Id="i250"><AttributeType>lower</AttributeType><IsRequired>true</IsRequired><Value i:type="a:double" xmlns:a="http://www.w3.org/2001/XMLSchema">0</Value></Attribute><Attribute z:Id="i251"><AttributeType>upper</AttributeType><IsRequired>true</IsRequired><Value i:type="a:double" xmlns:a="http://www.w3.org/2001/XMLSchema">3.142</Value></Attribute><Attribute z:Id="i252"><AttributeType>effort</AttributeType><IsRequired>true</IsRequired><Value i:type="a:double" xmlns:a="http://www.w3.org/2001/XMLSchema">16.17</Value></Attribute><Attribute z:Id="i253"><AttributeType>velocity</AttributeType><IsRequired>true</IsRequired><Value i:type="a:double" xmlns:a="http://www.w3.org/2001/XMLSchema">2</Value></Attribute></Attributes><ChildElements/><ElementName>limit</ElementName><required>true</required><EffortAttribute z:Ref="i252"/><LowerAttribute z:Ref="i250"/><UpperAttribute z:Ref="i251"/><VelocityAttribute z:Ref="i253"/></URDFElement><URDFElement z:Id="i254" i:type="Calibration"><Attributes><Attribute z:Id="i255"><AttributeType>rising</AttributeType><IsRequired>false</IsRequired><Value i:nil="true"/></Attribute><Attribute z:Id="i256"><AttributeType>falling</AttributeType><IsRequired>false</IsRequired><Value i:nil="true"/></Attribute></Attributes><ChildElements/><ElementName>calibration</ElementName><required>false</required><FallingAttribute z:Ref="i256"/><RisingAttribute z:Ref="i255"/></URDFElement><URDFElement z:Id="i257" i:type="Dynamics"><Attributes><Attribute z:Id="i258"><AttributeType>damping</AttributeType><IsRequired>false</IsRequired><Value i:nil="true"/></Attribute><Attribute z:Id="i259"><AttributeType>friction</AttributeType><IsRequired>false</IsRequired><Value i:nil="true"/></Attribute></Attributes><ChildElements/><ElementName>dynamics</ElementName><required>false</required><DampingAttribute z:Ref="i258"/><FrictionAttribute z:Ref="i259"/></URDFElement><URDFElement z:Id="i260" i:type="SafetyController"><Attributes><Attribute z:Id="i261"><AttributeType>soft_upper</AttributeType><IsRequired>false</IsRequired><Value i:nil="true"/></Attribute><Attribute z:Id="i262"><AttributeType>soft_lower</AttributeType><IsRequired>false</IsRequired><Value i:nil="true"/></Attribute><Attribute z:Id="i263"><AttributeType>k_position</AttributeType><IsRequired>false</IsRequired><Value i:nil="true"/></Attribute><Attribute z:Id="i264"><AttributeType>k_velocity</AttributeType><IsRequired>true</IsRequired><Value i:nil="true"/></Attribute></Attributes><ChildElements/><ElementName>safety_controller</ElementName><required>false</required><KPositionAttribute z:Ref="i263"/><KVelocityAttribute z:Ref="i264"/><SoftLowerAttribute z:Ref="i262"/><SoftUpperAttribute z:Ref="i261"/></URDFElement><URDFElement z:Id="i265" i:type="Mimic"><Attributes><Attribute z:Id="i266"><AttributeType>joint</AttributeType><IsRequired>true</IsRequired><Value i:nil="true"/></Attribute><Attribute z:Id="i267"><AttributeType>multiplier</AttributeType><IsRequired>false</IsRequired><Value i:nil="true"/></Attribute><Attribute z:Id="i268"><AttributeType>offset</AttributeType><IsRequired>false</IsRequired><Value i:nil="true"/></Attribute></Attributes><ChildElements/><ElementName>mimic</ElementName><required>false</required><JointNameAttribute z:Ref="i266"/><MultiplierAttribute z:Ref="i267"/><OffsetAttribute z:Ref="i268"/></URDFElement></ChildElements><ElementName>joint</ElementName><required>false</required><Axis z:Ref="i247"/><AxisName>Axis23</AxisName><Calibration z:Ref="i254"/><Child z:Ref="i245"/><CoordinateSystemName>Origin_joint-32</CoordinateSystemName><Dynamics z:Ref="i257"/><Limit z:Ref="i249"/><Mimic z:Ref="i265"/><NameAttribute z:Ref="i238"/><Origin z:Ref="i240"/><Parent z:Ref="i243"/><Safety z:Ref="i260"/><TypeAttribute z:Ref="i239"/></URDFElement></ChildElements><ElementName>link</ElementName><required>true</required><Children><Link z:Id="i269"><Attributes><Attribute z:Id="i270"><AttributeType>name</AttributeType><IsRequired>true</IsRequired><Value i:type="a:string" xmlns:a="http://www.w3.org/2001/XMLSchema">link-4</Value></Attribute></Attributes><ChildElements><URDFElement z:Id="i271" i:type="Inertial"><Attributes/><ChildElements><URDFElement z:Id="i272" i:type="Origin"><Attributes><Attribute z:Id="i273"><AttributeType>xyz</AttributeType><IsRequired>true</IsRequired><Value i:type="a:ArrayOfdouble" xmlns:a="http://schemas.microsoft.com/2003/10/Serialization/Arrays"><a:double>0.06173</a:double><a:double>0.00062313</a:double><a:double>-0.018265</a:double></Value></Attribute><Attribute z:Id="i274"><AttributeType>rpy</AttributeType><IsRequired>true</IsRequired><Value i:type="a:ArrayOfdouble" xmlns:a="http://schemas.microsoft.com/2003/10/Serialization/Arrays"><a:double>0</a:double><a:double>0</a:double><a:double>0</a:double></Value></Attribute></Attributes><ChildElements/><ElementName>origin</ElementName><required>false</required><RPYAttribute z:Ref="i274"/><XYZAttribute z:Ref="i273"/><isCustomized>false</isCustomized></URDFElement><URDFElement z:Id="i275" i:type="Mass"><Attributes><Attribute z:Id="i276"><AttributeType>value</AttributeType><IsRequired>true</IsRequired><Value i:type="a:double" xmlns:a="http://www.w3.org/2001/XMLSchema">0.087154</Value></Attribute></Attributes><ChildElements/><ElementName>mass</ElementName><required>false</required><ValueAttribute z:Ref="i276"/></URDFElement><URDFElement z:Id="i277" i:type="Inertia"><Attributes><Attribute z:Id="i278"><AttributeType>ixx</AttributeType><IsRequired>true</IsRequired><Value i:type="a:double" xmlns:a="http://www.w3.org/2001/XMLSchema">5.7011E-05</Value></Attribute><Attribute z:Id="i279"><AttributeType>ixy</AttributeType><IsRequired>true</IsRequired><Value i:type="a:double" xmlns:a="http://www.w3.org/2001/XMLSchema">-6.4507E-07</Value></Attribute><Attribute z:Id="i280"><AttributeType>ixz</AttributeType><IsRequired>true</IsRequired><Value i:type="a:double" xmlns:a="http://www.w3.org/2001/XMLSchema">-4.2547E-06</Value></Attribute><Attribute z:Id="i281"><AttributeType>iyy</AttributeType><IsRequired>true</IsRequired><Value i:type="a:double" xmlns:a="http://www.w3.org/2001/XMLSchema">8.8082E-05</Value></Attribute><Attribute z:Id="i282"><AttributeType>iyz</AttributeType><IsRequired>true</IsRequired><Value i:type="a:double" xmlns:a="http://www.w3.org/2001/XMLSchema">-6.5777E-08</Value></Attribute><Attribute z:Id="i283"><AttributeType>izz</AttributeType><IsRequired>true</IsRequired><Value i:type="a:double" xmlns:a="http://www.w3.org/2001/XMLSchema">4.2676E-05</Value></Attribute></Attributes><ChildElements/><ElementName>inertia</ElementName><required>false</required><IxxAttribute z:Ref="i278"/><IxyAttribute z:Ref="i279"/><IxzAttribute z:Ref="i280"/><IyyAttribute z:Ref="i281"/><IyzAttribute z:Ref="i282"/><IzzAttribute z:Ref="i283"/></URDFElement></ChildElements><ElementName>inertial</ElementName><required>false</required><Inertia z:Ref="i277"/><Mass z:Ref="i275"/><Origin z:Ref="i272"/></URDFElement><URDFElement z:Id="i284" i:type="Visual"><Attributes/><ChildElements><URDFElement z:Id="i285" i:type="Origin"><Attributes><Attribute z:Id="i286"><AttributeType>xyz</AttributeType><IsRequired>true</IsRequired><Value i:type="a:ArrayOfdouble" xmlns:a="http://schemas.microsoft.com/2003/10/Serialization/Arrays"><a:double>0</a:double><a:double>0</a:double><a:double>0</a:double></Value></Attribute><Attribute z:Id="i287"><AttributeType>rpy</AttributeType><IsRequired>true</IsRequired><Value i:type="a:ArrayOfdouble" xmlns:a="http://schemas.microsoft.com/2003/10/Serialization/Arrays"><a:double>0</a:double><a:double>0</a:double><a:double>0</a:double></Value></Attribute></Attributes><ChildElements/><ElementName>origin</ElementName><required>false</required><RPYAttribute z:Ref="i287"/><XYZAttribute z:Ref="i286"/><isCustomized>false</isCustomized></URDFElement><URDFElement z:Id="i288" i:type="Geometry"><Attributes/><ChildElements><URDFElement z:Id="i289" i:type="Mesh"><Attributes><Attribute z:Id="i290"><AttributeType>filename</AttributeType><IsRequired>true</IsRequired><Value i:nil="true"/></Attribute></Attributes><ChildElements/><ElementName>mesh</ElementName><required>false</required><FilenameAttribute z:Ref="i290"/></URDFElement></ChildElements><ElementName>geometry</ElementName><required>true</required><Mesh z:Ref="i289"/></URDFElement><URDFElement z:Id="i291" i:type="Material"><Attributes><Attribute z:Id="i292"><AttributeType>name</AttributeType><IsRequired>true</IsRequired><Value i:type="a:string" xmlns:a="http://www.w3.org/2001/XMLSchema"/></Attribute></Attributes><ChildElements><URDFElement z:Id="i293" i:type="Color"><Attributes><Attribute z:Id="i294"><AttributeType>rgba</AttributeType><IsRequired>true</IsRequired><Value i:type="a:ArrayOfdouble" xmlns:a="http://schemas.microsoft.com/2003/10/Serialization/Arrays"><a:double>0.79216</a:double><a:double>0.81961</a:double><a:double>0.93333</a:double><a:double>1</a:double></Value></Attribute></Attributes><ChildElements/><ElementName>color</ElementName><required>false</required><RGBAAttribute z:Ref="i294"/></URDFElement><URDFElement z:Id="i295" i:type="Texture"><Attributes><Attribute z:Id="i296"><AttributeType>filename</AttributeType><IsRequired>true</IsRequired><Value i:nil="true"/></Attribute></Attributes><ChildElements/><ElementName>texture</ElementName><required>false</required><FilenameAttribute z:Ref="i296"/><wFilename/></URDFElement></ChildElements><ElementName>material</ElementName><required>false</required><Color z:Ref="i293"/><NameAttribute z:Ref="i292"/><Texture z:Ref="i295"/></URDFElement></ChildElements><ElementName>visual</ElementName><required>false</required><Geometry z:Ref="i288"/><Material z:Ref="i291"/><Origin z:Ref="i285"/></URDFElement><URDFElement z:Id="i297" i:type="Collision"><Attributes/><ChildElements><URDFElement z:Id="i298" i:type="Origin"><Attributes><Attribute z:Id="i299"><AttributeType>xyz</AttributeType><IsRequired>true</IsRequired><Value i:type="a:ArrayOfdouble" xmlns:a="http://schemas.microsoft.com/2003/10/Serialization/Arrays"><a:double>0</a:double><a:double>0</a:double><a:double>0</a:double></Value></Attribute><Attribute z:Id="i300"><AttributeType>rpy</AttributeType><IsRequired>true</IsRequired><Value i:type="a:ArrayOfdouble" xmlns:a="http://schemas.microsoft.com/2003/10/Serialization/Arrays"><a:double>0</a:double><a:double>0</a:double><a:double>0</a:double></Value></Attribute></Attributes><ChildElements/><ElementName>origin</ElementName><required>false</required><RPYAttribute z:Ref="i300"/><XYZAttribute z:Ref="i299"/><isCustomized>false</isCustomized></URDFElement><URDFElement z:Id="i301" i:type="Geometry"><Attributes/><ChildElements><URDFElement z:Id="i302" i:type="Mesh"><Attributes><Attribute z:Id="i303"><AttributeType>filename</AttributeType><IsRequired>true</IsRequired><Value i:nil="true"/></Attribute></Attributes><ChildElements/><ElementName>mesh</ElementName><required>false</required><FilenameAttribute z:Ref="i303"/></URDFElement></ChildElements><ElementName>geometry</ElementName><required>true</required><Mesh z:Ref="i302"/></URDFElement></ChildElements><ElementName>collision</ElementName><required>false</required><Geometry z:Ref="i301"/><Origin z:Ref="i298"/></URDFElement><URDFElement z:Id="i304" i:type="Joint"><Attributes><Attribute z:Id="i305"><AttributeType>name</AttributeType><IsRequired>true</IsRequired><Value i:type="a:string" xmlns:a="http://www.w3.org/2001/XMLSchema">joint-4</Value></Attribute><Attribute z:Id="i306"><AttributeType>type</AttributeType><IsRequired>true</IsRequired><Value i:type="a:string" xmlns:a="http://www.w3.org/2001/XMLSchema">revolute</Value></Attribute></Attributes><ChildElements><URDFElement z:Id="i307" i:type="Origin"><Attributes><Attribute z:Id="i308"><AttributeType>xyz</AttributeType><IsRequired>true</IsRequired><Value i:type="a:ArrayOfdouble" xmlns:a="http://schemas.microsoft.com/2003/10/Serialization/Arrays"><a:double>0.038</a:double><a:double>-0.14302</a:double><a:double>0.02996</a:double></Value></Attribute><Attribute z:Id="i309"><AttributeType>rpy</AttributeType><IsRequired>true</IsRequired><Value i:type="a:ArrayOfdouble" xmlns:a="http://schemas.microsoft.com/2003/10/Serialization/Arrays"><a:double>-3.1416</a:double><a:double>0</a:double><a:double>3.1407</a:double></Value></Attribute></Attributes><ChildElements/><ElementName>origin</ElementName><required>false</required><RPYAttribute z:Ref="i309"/><XYZAttribute z:Ref="i308"/><isCustomized>false</isCustomized></URDFElement><URDFElement z:Id="i310" i:type="ParentLink"><Attributes><Attribute z:Id="i311"><AttributeType>link</AttributeType><IsRequired>true</IsRequired><Value i:type="a:string" xmlns:a="http://www.w3.org/2001/XMLSchema">link-3</Value></Attribute></Attributes><ChildElements/><ElementName>parent</ElementName><required>true</required><NameAttribute z:Ref="i311"/></URDFElement><URDFElement z:Id="i312" i:type="ChildLink"><Attributes><Attribute z:Id="i313"><AttributeType>link</AttributeType><IsRequired>true</IsRequired><Value i:type="a:string" xmlns:a="http://www.w3.org/2001/XMLSchema">link-4</Value></Attribute></Attributes><ChildElements/><ElementName>child</ElementName><required>true</required><NameAttribute z:Ref="i313"/></URDFElement><URDFElement z:Id="i314" i:type="Axis"><Attributes><Attribute z:Id="i315"><AttributeType>xyz</AttributeType><IsRequired>true</IsRequired><Value i:type="a:ArrayOfdouble" xmlns:a="http://schemas.microsoft.com/2003/10/Serialization/Arrays"><a:double>0</a:double><a:double>0</a:double><a:double>0</a:double></Value></Attribute></Attributes><ChildElements/><ElementName>axis</ElementName><required>false</required><XYZAttribute z:Ref="i315"/></URDFElement><URDFElement z:Id="i316" i:type="Limit"><Attributes><Attribute z:Id="i317"><AttributeType>lower</AttributeType><IsRequired>true</IsRequired><Value i:type="a:double" xmlns:a="http://www.w3.org/2001/XMLSchema">0</Value></Attribute><Attribute z:Id="i318"><AttributeType>upper</AttributeType><IsRequired>true</IsRequired><Value i:type="a:double" xmlns:a="http://www.w3.org/2001/XMLSchema">-3.142</Value></Attribute><Attribute z:Id="i319"><AttributeType>effort</AttributeType><IsRequired>true</IsRequired><Value i:type="a:double" xmlns:a="http://www.w3.org/2001/XMLSchema">16.17</Value></Attribute><Attribute z:Id="i320"><AttributeType>velocity</AttributeType><IsRequired>true</IsRequired><Value i:type="a:double" xmlns:a="http://www.w3.org/2001/XMLSchema">2</Value></Attribute></Attributes><ChildElements/><ElementName>limit</ElementName><required>true</required><EffortAttribute z:Ref="i319"/><LowerAttribute z:Ref="i317"/><UpperAttribute z:Ref="i318"/><VelocityAttribute z:Ref="i320"/></URDFElement><URDFElement z:Id="i321" i:type="Calibration"><Attributes><Attribute z:Id="i322"><AttributeType>rising</AttributeType><IsRequired>false</IsRequired><Value i:nil="true"/></Attribute><Attribute z:Id="i323"><AttributeType>falling</AttributeType><IsRequired>false</IsRequired><Value i:nil="true"/></Attribute></Attributes><ChildElements/><ElementName>calibration</ElementName><required>false</required><FallingAttribute z:Ref="i323"/><RisingAttribute z:Ref="i322"/></URDFElement><URDFElement z:Id="i324" i:type="Dynamics"><Attributes><Attribute z:Id="i325"><AttributeType>damping</AttributeType><IsRequired>false</IsRequired><Value i:nil="true"/></Attribute><Attribute z:Id="i326"><AttributeType>friction</AttributeType><IsRequired>false</IsRequired><Value i:nil="true"/></Attribute></Attributes><ChildElements/><ElementName>dynamics</ElementName><required>false</required><DampingAttribute z:Ref="i325"/><FrictionAttribute z:Ref="i326"/></URDFElement><URDFElement z:Id="i327" i:type="SafetyController"><Attributes><Attribute z:Id="i328"><AttributeType>soft_upper</AttributeType><IsRequired>false</IsRequired><Value i:nil="true"/></Attribute><Attribute z:Id="i329"><AttributeType>soft_lower</AttributeType><IsRequired>false</IsRequired><Value i:nil="true"/></Attribute><Attribute z:Id="i330"><AttributeType>k_position</AttributeType><IsRequired>false</IsRequired><Value i:nil="true"/></Attribute><Attribute z:Id="i331"><AttributeType>k_velocity</AttributeType><IsRequired>true</IsRequired><Value i:nil="true"/></Attribute></Attributes><ChildElements/><ElementName>safety_controller</ElementName><required>false</required><KPositionAttribute z:Ref="i330"/><KVelocityAttribute z:Ref="i331"/><SoftLowerAttribute z:Ref="i329"/><SoftUpperAttribute z:Ref="i328"/></URDFElement><URDFElement z:Id="i332" i:type="Mimic"><Attributes><Attribute z:Id="i333"><AttributeType>joint</AttributeType><IsRequired>true</IsRequired><Value i:nil="true"/></Attribute><Attribute z:Id="i334"><AttributeType>multiplier</AttributeType><IsRequired>false</IsRequired><Value i:nil="true"/></Attribute><Attribute z:Id="i335"><AttributeType>offset</AttributeType><IsRequired>false</IsRequired><Value i:nil="true"/></Attribute></Attributes><ChildElements/><ElementName>mimic</ElementName><required>false</required><JointNameAttribute z:Ref="i333"/><MultiplierAttribute z:Ref="i334"/><OffsetAttribute z:Ref="i335"/></URDFElement></ChildElements><ElementName>joint</ElementName><required>false</required><Axis z:Ref="i314"/><AxisName>Axis24</AxisName><Calibration z:Ref="i321"/><Child z:Ref="i312"/><CoordinateSystemName>Origin_joint-42</CoordinateSystemName><Dynamics z:Ref="i324"/><Limit z:Ref="i316"/><Mimic z:Ref="i332"/><NameAttribute z:Ref="i305"/><Origin z:Ref="i307"/><Parent z:Ref="i310"/><Safety z:Ref="i327"/><TypeAttribute z:Ref="i306"/></URDFElement></ChildElements><ElementName>link</ElementName><required>true</required><Children><Link z:Id="i336"><Attributes><Attribute z:Id="i337"><AttributeType>name</AttributeType><IsRequired>true</IsRequired><Value i:type="a:string" xmlns:a="http://www.w3.org/2001/XMLSchema">link-5</Value></Attribute></Attributes><ChildElements><URDFElement z:Id="i338" i:type="Inertial"><Attributes/><ChildElements><URDFElement z:Id="i339" i:type="Origin"><Attributes><Attribute z:Id="i340"><AttributeType>xyz</AttributeType><IsRequired>true</IsRequired><Value i:type="a:ArrayOfdouble" xmlns:a="http://schemas.microsoft.com/2003/10/Serialization/Arrays"><a:double>0.061816</a:double><a:double>-0.0050095</a:double><a:double>0.009819</a:double></Value></Attribute><Attribute z:Id="i341"><AttributeType>rpy</AttributeType><IsRequired>true</IsRequired><Value i:type="a:ArrayOfdouble" xmlns:a="http://schemas.microsoft.com/2003/10/Serialization/Arrays"><a:double>0</a:double><a:double>0</a:double><a:double>0</a:double></Value></Attribute></Attributes><ChildElements/><ElementName>origin</ElementName><required>false</required><RPYAttribute z:Ref="i341"/><XYZAttribute z:Ref="i340"/><isCustomized>false</isCustomized></URDFElement><URDFElement z:Id="i342" i:type="Mass"><Attributes><Attribute z:Id="i343"><AttributeType>value</AttributeType><IsRequired>true</IsRequired><Value i:type="a:double" xmlns:a="http://www.w3.org/2001/XMLSchema">0.026792</Value></Attribute></Attributes><ChildElements/><ElementName>mass</ElementName><required>false</required><ValueAttribute z:Ref="i343"/></URDFElement><URDFElement z:Id="i344" i:type="Inertia"><Attributes><Attribute z:Id="i345"><AttributeType>ixx</AttributeType><IsRequired>true</IsRequired><Value i:type="a:double" xmlns:a="http://www.w3.org/2001/XMLSchema">2.5766E-06</Value></Attribute><Attribute z:Id="i346"><AttributeType>ixy</AttributeType><IsRequired>true</IsRequired><Value i:type="a:double" xmlns:a="http://www.w3.org/2001/XMLSchema">3.494E-21</Value></Attribute><Attribute z:Id="i347"><AttributeType>ixz</AttributeType><IsRequired>true</IsRequired><Value i:type="a:double" xmlns:a="http://www.w3.org/2001/XMLSchema">2.045E-19</Value></Attribute><Attribute z:Id="i348"><AttributeType>iyy</AttributeType><IsRequired>true</IsRequired><Value i:type="a:double" xmlns:a="http://www.w3.org/2001/XMLSchema">9.5895E-06</Value></Attribute><Attribute z:Id="i349"><AttributeType>iyz</AttributeType><IsRequired>true</IsRequired><Value i:type="a:double" xmlns:a="http://www.w3.org/2001/XMLSchema">-2.2452E-09</Value></Attribute><Attribute z:Id="i350"><AttributeType>izz</AttributeType><IsRequired>true</IsRequired><Value i:type="a:double" xmlns:a="http://www.w3.org/2001/XMLSchema">1.0548E-05</Value></Attribute></Attributes><ChildElements/><ElementName>inertia</ElementName><required>false</required><IxxAttribute z:Ref="i345"/><IxyAttribute z:Ref="i346"/><IxzAttribute z:Ref="i347"/><IyyAttribute z:Ref="i348"/><IyzAttribute z:Ref="i349"/><IzzAttribute z:Ref="i350"/></URDFElement></ChildElements><ElementName>inertial</ElementName><required>false</required><Inertia z:Ref="i344"/><Mass z:Ref="i342"/><Origin z:Ref="i339"/></URDFElement><URDFElement z:Id="i351" i:type="Visual"><Attributes/><ChildElements><URDFElement z:Id="i352" i:type="Origin"><Attributes><Attribute z:Id="i353"><AttributeType>xyz</AttributeType><IsRequired>true</IsRequired><Value i:type="a:ArrayOfdouble" xmlns:a="http://schemas.microsoft.com/2003/10/Serialization/Arrays"><a:double>0</a:double><a:double>0</a:double><a:double>0</a:double></Value></Attribute><Attribute z:Id="i354"><AttributeType>rpy</AttributeType><IsRequired>true</IsRequired><Value i:type="a:ArrayOfdouble" xmlns:a="http://schemas.microsoft.com/2003/10/Serialization/Arrays"><a:double>0</a:double><a:double>0</a:double><a:double>0</a:double></Value></Attribute></Attributes><ChildElements/><ElementName>origin</ElementName><required>false</required><RPYAttribute z:Ref="i354"/><XYZAttribute z:Ref="i353"/><isCustomized>false</isCustomized></URDFElement><URDFElement z:Id="i355" i:type="Geometry"><Attributes/><ChildElements><URDFElement z:Id="i356" i:type="Mesh"><Attributes><Attribute z:Id="i357"><AttributeType>filename</AttributeType><IsRequired>true</IsRequired><Value i:nil="true"/></Attribute></Attributes><ChildElements/><ElementName>mesh</ElementName><required>false</required><FilenameAttribute z:Ref="i357"/></URDFElement></ChildElements><ElementName>geometry</ElementName><required>true</required><Mesh z:Ref="i356"/></URDFElement><URDFElement z:Id="i358" i:type="Material"><Attributes><Attribute z:Id="i359"><AttributeType>name</AttributeType><IsRequired>true</IsRequired><Value i:type="a:string" xmlns:a="http://www.w3.org/2001/XMLSchema"/></Attribute></Attributes><ChildElements><URDFElement z:Id="i360" i:type="Color"><Attributes><Attribute z:Id="i361"><AttributeType>rgba</AttributeType><IsRequired>true</IsRequired><Value i:type="a:ArrayOfdouble" xmlns:a="http://schemas.microsoft.com/2003/10/Serialization/Arrays"><a:double>0.79216</a:double><a:double>0.81961</a:double><a:double>0.93333</a:double><a:double>1</a:double></Value></Attribute></Attributes><ChildElements/><ElementName>color</ElementName><required>false</required><RGBAAttribute z:Ref="i361"/></URDFElement><URDFElement z:Id="i362" i:type="Texture"><Attributes><Attribute z:Id="i363"><AttributeType>filename</AttributeType><IsRequired>true</IsRequired><Value i:nil="true"/></Attribute></Attributes><ChildElements/><ElementName>texture</ElementName><required>false</required><FilenameAttribute z:Ref="i363"/><wFilename/></URDFElement></ChildElements><ElementName>material</ElementName><required>false</required><Color z:Ref="i360"/><NameAttribute z:Ref="i359"/><Texture z:Ref="i362"/></URDFElement></ChildElements><ElementName>visual</ElementName><required>false</required><Geometry z:Ref="i355"/><Material z:Ref="i358"/><Origin z:Ref="i352"/></URDFElement><URDFElement z:Id="i364" i:type="Collision"><Attributes/><ChildElements><URDFElement z:Id="i365" i:type="Origin"><Attributes><Attribute z:Id="i366"><AttributeType>xyz</AttributeType><IsRequired>true</IsRequired><Value i:type="a:ArrayOfdouble" xmlns:a="http://schemas.microsoft.com/2003/10/Serialization/Arrays"><a:double>0</a:double><a:double>0</a:double><a:double>0</a:double></Value></Attribute><Attribute z:Id="i367"><AttributeType>rpy</AttributeType><IsRequired>true</IsRequired><Value i:type="a:ArrayOfdouble" xmlns:a="http://schemas.microsoft.com/2003/10/Serialization/Arrays"><a:double>0</a:double><a:double>0</a:double><a:double>0</a:double></Value></Attribute></Attributes><ChildElements/><ElementName>origin</ElementName><required>false</required><RPYAttribute z:Ref="i367"/><XYZAttribute z:Ref="i366"/><isCustomized>false</isCustomized></URDFElement><URDFElement z:Id="i368" i:type="Geometry"><Attributes/><ChildElements><URDFElement z:Id="i369" i:type="Mesh"><Attributes><Attribute z:Id="i370"><AttributeType>filename</AttributeType><IsRequired>true</IsRequired><Value i:nil="true"/></Attribute></Attributes><ChildElements/><ElementName>mesh</ElementName><required>false</required><FilenameAttribute z:Ref="i370"/></URDFElement></ChildElements><ElementName>geometry</ElementName><required>true</required><Mesh z:Ref="i369"/></URDFElement></ChildElements><ElementName>collision</ElementName><required>false</required><Geometry z:Ref="i368"/><Origin z:Ref="i365"/></URDFElement><URDFElement z:Id="i371" i:type="Joint"><Attributes><Attribute z:Id="i372"><AttributeType>name</AttributeType><IsRequired>true</IsRequired><Value i:type="a:string" xmlns:a="http://www.w3.org/2001/XMLSchema">joint-5</Value></Attribute><Attribute z:Id="i373"><AttributeType>type</AttributeType><IsRequired>true</IsRequired><Value i:type="a:string" xmlns:a="http://www.w3.org/2001/XMLSchema">revolute</Value></Attribute></Attributes><ChildElements><URDFElement z:Id="i374" i:type="Origin"><Attributes><Attribute z:Id="i375"><AttributeType>xyz</AttributeType><IsRequired>true</IsRequired><Value i:type="a:ArrayOfdouble" xmlns:a="http://schemas.microsoft.com/2003/10/Serialization/Arrays"><a:double>0.093</a:double><a:double>-0.0029078</a:double><a:double>-0.086836</a:double></Value></Attribute><Attribute z:Id="i376"><AttributeType>rpy</AttributeType><IsRequired>true</IsRequired><Value i:type="a:ArrayOfdouble" xmlns:a="http://schemas.microsoft.com/2003/10/Serialization/Arrays"><a:double>0</a:double><a:double>-1.5708</a:double><a:double>0</a:double></Value></Attribute></Attributes><ChildElements/><ElementName>origin</ElementName><required>false</required><RPYAttribute z:Ref="i376"/><XYZAttribute z:Ref="i375"/><isCustomized>false</isCustomized></URDFElement><URDFElement z:Id="i377" i:type="ParentLink"><Attributes><Attribute z:Id="i378"><AttributeType>link</AttributeType><IsRequired>true</IsRequired><Value i:type="a:string" xmlns:a="http://www.w3.org/2001/XMLSchema">link-4</Value></Attribute></Attributes><ChildElements/><ElementName>parent</ElementName><required>true</required><NameAttribute z:Ref="i378"/></URDFElement><URDFElement z:Id="i379" i:type="ChildLink"><Attributes><Attribute z:Id="i380"><AttributeType>link</AttributeType><IsRequired>true</IsRequired><Value i:type="a:string" xmlns:a="http://www.w3.org/2001/XMLSchema">link-5</Value></Attribute></Attributes><ChildElements/><ElementName>child</ElementName><required>true</required><NameAttribute z:Ref="i380"/></URDFElement><URDFElement z:Id="i381" i:type="Axis"><Attributes><Attribute z:Id="i382"><AttributeType>xyz</AttributeType><IsRequired>true</IsRequired><Value i:type="a:ArrayOfdouble" xmlns:a="http://schemas.microsoft.com/2003/10/Serialization/Arrays"><a:double>0</a:double><a:double>0</a:double><a:double>0</a:double></Value></Attribute></Attributes><ChildElements/><ElementName>axis</ElementName><required>false</required><XYZAttribute z:Ref="i382"/></URDFElement><URDFElement z:Id="i383" i:type="Limit"><Attributes><Attribute z:Id="i384"><AttributeType>lower</AttributeType><IsRequired>true</IsRequired><Value i:type="a:double" xmlns:a="http://www.w3.org/2001/XMLSchema">0</Value></Attribute><Attribute z:Id="i385"><AttributeType>upper</AttributeType><IsRequired>true</IsRequired><Value i:type="a:double" xmlns:a="http://www.w3.org/2001/XMLSchema">3.142</Value></Attribute><Attribute z:Id="i386"><AttributeType>effort</AttributeType><IsRequired>true</IsRequired><Value i:type="a:double" xmlns:a="http://www.w3.org/2001/XMLSchema">2.45</Value></Attribute><Attribute z:Id="i387"><AttributeType>velocity</AttributeType><IsRequired>true</IsRequired><Value i:type="a:double" xmlns:a="http://www.w3.org/2001/XMLSchema">2</Value></Attribute></Attributes><ChildElements/><ElementName>limit</ElementName><required>true</required><EffortAttribute z:Ref="i386"/><LowerAttribute z:Ref="i384"/><UpperAttribute z:Ref="i385"/><VelocityAttribute z:Ref="i387"/></URDFElement><URDFElement z:Id="i388" i:type="Calibration"><Attributes><Attribute z:Id="i389"><AttributeType>rising</AttributeType><IsRequired>false</IsRequired><Value i:nil="true"/></Attribute><Attribute z:Id="i390"><AttributeType>falling</AttributeType><IsRequired>false</IsRequired><Value i:nil="true"/></Attribute></Attributes><ChildElements/><ElementName>calibration</ElementName><required>false</required><FallingAttribute z:Ref="i390"/><RisingAttribute z:Ref="i389"/></URDFElement><URDFElement z:Id="i391" i:type="Dynamics"><Attributes><Attribute z:Id="i392"><AttributeType>damping</AttributeType><IsRequired>false</IsRequired><Value i:nil="true"/></Attribute><Attribute z:Id="i393"><AttributeType>friction</AttributeType><IsRequired>false</IsRequired><Value i:nil="true"/></Attribute></Attributes><ChildElements/><ElementName>dynamics</ElementName><required>false</required><DampingAttribute z:Ref="i392"/><FrictionAttribute z:Ref="i393"/></URDFElement><URDFElement z:Id="i394" i:type="SafetyController"><Attributes><Attribute z:Id="i395"><AttributeType>soft_upper</AttributeType><IsRequired>false</IsRequired><Value i:nil="true"/></Attribute><Attribute z:Id="i396"><AttributeType>soft_lower</AttributeType><IsRequired>false</IsRequired><Value i:nil="true"/></Attribute><Attribute z:Id="i397"><AttributeType>k_position</AttributeType><IsRequired>false</IsRequired><Value i:nil="true"/></Attribute><Attribute z:Id="i398"><AttributeType>k_velocity</AttributeType><IsRequired>true</IsRequired><Value i:nil="true"/></Attribute></Attributes><ChildElements/><ElementName>safety_controller</ElementName><required>false</required><KPositionAttribute z:Ref="i397"/><KVelocityAttribute z:Ref="i398"/><SoftLowerAttribute z:Ref="i396"/><SoftUpperAttribute z:Ref="i395"/></URDFElement><URDFElement z:Id="i399" i:type="Mimic"><Attributes><Attribute z:Id="i400"><AttributeType>joint</AttributeType><IsRequired>true</IsRequired><Value i:nil="true"/></Attribute><Attribute z:Id="i401"><AttributeType>multiplier</AttributeType><IsRequired>false</IsRequired><Value i:nil="true"/></Attribute><Attribute z:Id="i402"><AttributeType>offset</AttributeType><IsRequired>false</IsRequired><Value i:nil="true"/></Attribute></Attributes><ChildElements/><ElementName>mimic</ElementName><required>false</required><JointNameAttribute z:Ref="i400"/><MultiplierAttribute z:Ref="i401"/><OffsetAttribute z:Ref="i402"/></URDFElement></ChildElements><ElementName>joint</ElementName><required>false</required><Axis z:Ref="i381"/><AxisName>Axis25</AxisName><Calibration z:Ref="i388"/><Child z:Ref="i379"/><CoordinateSystemName>Origin_joint-52</CoordinateSystemName><Dynamics z:Ref="i391"/><Limit z:Ref="i383"/><Mimic z:Ref="i399"/><NameAttribute z:Ref="i372"/><Origin z:Ref="i374"/><Parent z:Ref="i377"/><Safety z:Ref="i394"/><TypeAttribute z:Ref="i373"/></URDFElement></ChildElements><ElementName>link</ElementName><required>true</required><Children><Link z:Id="i403"><Attributes><Attribute z:Id="i404"><AttributeType>name</AttributeType><IsRequired>true</IsRequired><Value i:type="a:string" xmlns:a="http://www.w3.org/2001/XMLSchema">gripper-palm</Value></Attribute></Attributes><ChildElements><URDFElement z:Id="i405" i:type="Inertial"><Attributes/><ChildElements><URDFElement z:Id="i406" i:type="Origin"><Attributes><Attribute z:Id="i407"><AttributeType>xyz</AttributeType><IsRequired>true</IsRequired><Value i:type="a:ArrayOfdouble" xmlns:a="http://schemas.microsoft.com/2003/10/Serialization/Arrays"><a:double>0.0060026</a:double><a:double>-0.01055</a:double><a:double>0.019859</a:double></Value></Attribute><Attribute z:Id="i408"><AttributeType>rpy</AttributeType><IsRequired>true</IsRequired><Value i:type="a:ArrayOfdouble" xmlns:a="http://schemas.microsoft.com/2003/10/Serialization/Arrays"><a:double>0</a:double><a:double>0</a:double><a:double>0</a:double></Value></Attribute></Attributes><ChildElements/><ElementName>origin</ElementName><required>false</required><RPYAttribute z:Ref="i408"/><XYZAttribute z:Ref="i407"/><isCustomized>false</isCustomized></URDFElement><URDFElement z:Id="i409" i:type="Mass"><Attributes><Attribute z:Id="i410"><AttributeType>value</AttributeType><IsRequired>true</IsRequired><Value i:type="a:double" xmlns:a="http://www.w3.org/2001/XMLSchema">0.081485</Value></Attribute></Attributes><ChildElements/><ElementName>mass</ElementName><required>false</required><ValueAttribute z:Ref="i410"/></URDFElement><URDFElement z:Id="i411" i:type="Inertia"><Attributes><Attribute z:Id="i412"><AttributeType>ixx</AttributeType><IsRequired>true</IsRequired><Value i:type="a:double" xmlns:a="http://www.w3.org/2001/XMLSchema">5.0674E-05</Value></Attribute><Attribute z:Id="i413"><AttributeType>ixy</AttributeType><IsRequired>true</IsRequired><Value i:type="a:double" xmlns:a="http://www.w3.org/2001/XMLSchema">7.9164E-06</Value></Attribute><Attribute z:Id="i414"><AttributeType>ixz</AttributeType><IsRequired>true</IsRequired><Value i:type="a:double" xmlns:a="http://www.w3.org/2001/XMLSchema">-5.3733E-06</Value></Attribute><Attribute z:Id="i415"><AttributeType>iyy</AttributeType><IsRequired>true</IsRequired><Value i:type="a:double" xmlns:a="http://www.w3.org/2001/XMLSchema">6.2358E-05</Value></Attribute><Attribute z:Id="i416"><AttributeType>iyz</AttributeType><IsRequired>true</IsRequired><Value i:type="a:double" xmlns:a="http://www.w3.org/2001/XMLSchema">9.4438E-06</Value></Attribute><Attribute z:Id="i417"><AttributeType>izz</AttributeType><IsRequired>true</IsRequired><Value i:type="a:double" xmlns:a="http://www.w3.org/2001/XMLSchema">5.0168E-05</Value></Attribute></Attributes><ChildElements/><ElementName>inertia</ElementName><required>false</required><IxxAttribute z:Ref="i412"/><IxyAttribute z:Ref="i413"/><IxzAttribute z:Ref="i414"/><IyyAttribute z:Ref="i415"/><IyzAttribute z:Ref="i416"/><IzzAttribute z:Ref="i417"/></URDFElement></ChildElements><ElementName>inertial</ElementName><required>false</required><Inertia z:Ref="i411"/><Mass z:Ref="i409"/><Origin z:Ref="i406"/></URDFElement><URDFElement z:Id="i418" i:type="Visual"><Attributes/><ChildElements><URDFElement z:Id="i419" i:type="Origin"><Attributes><Attribute z:Id="i420"><AttributeType>xyz</AttributeType><IsRequired>true</IsRequired><Value i:type="a:ArrayOfdouble" xmlns:a="http://schemas.microsoft.com/2003/10/Serialization/Arrays"><a:double>0</a:double><a:double>0</a:double><a:double>0</a:double></Value></Attribute><Attribute z:Id="i421"><AttributeType>rpy</AttributeType><IsRequired>true</IsRequired><Value i:type="a:ArrayOfdouble" xmlns:a="http://schemas.microsoft.com/2003/10/Serialization/Arrays"><a:double>0</a:double><a:double>0</a:double><a:double>0</a:double></Value></Attribute></Attributes><ChildElements/><ElementName>origin</ElementName><required>false</required><RPYAttribute z:Ref="i421"/><XYZAttribute z:Ref="i420"/><isCustomized>false</isCustomized></URDFElement><URDFElement z:Id="i422" i:type="Geometry"><Attributes/><ChildElements><URDFElement z:Id="i423" i:type="Mesh"><Attributes><Attribute z:Id="i424"><AttributeType>filename</AttributeType><IsRequired>true</IsRequired><Value i:nil="true"/></Attribute></Attributes><ChildElements/><ElementName>mesh</ElementName><required>false</required><FilenameAttribute z:Ref="i424"/></URDFElement></ChildElements><ElementName>geometry</ElementName><required>true</required><Mesh z:Ref="i423"/></URDFElement><URDFElement z:Id="i425" i:type="Material"><Attributes><Attribute z:Id="i426"><AttributeType>name</AttributeType><IsRequired>true</IsRequired><Value i:type="a:string" xmlns:a="http://www.w3.org/2001/XMLSchema"/></Attribute></Attributes><ChildElements><URDFElement z:Id="i427" i:type="Color"><Attributes><Attribute z:Id="i428"><AttributeType>rgba</AttributeType><IsRequired>true</IsRequired><Value i:type="a:ArrayOfdouble" xmlns:a="http://schemas.microsoft.com/2003/10/Serialization/Arrays"><a:double>1</a:double><a:double>1</a:double><a:double>1</a:double><a:double>1</a:double></Value></Attribute></Attributes><ChildElements/><ElementName>color</ElementName><required>false</required><RGBAAttribute z:Ref="i428"/></URDFElement><URDFElement z:Id="i429" i:type="Texture"><Attributes><Attribute z:Id="i430"><AttributeType>filename</AttributeType><IsRequired>true</IsRequired><Value i:nil="true"/></Attribute></Attributes><ChildElements/><ElementName>texture</ElementName><required>false</required><FilenameAttribute z:Ref="i430"/><wFilename/></URDFElement></ChildElements><ElementName>material</ElementName><required>false</required><Color z:Ref="i427"/><NameAttribute z:Ref="i426"/><Texture z:Ref="i429"/></URDFElement></ChildElements><ElementName>visual</ElementName><required>false</required><Geometry z:Ref="i422"/><Material z:Ref="i425"/><Origin z:Ref="i419"/></URDFElement><URDFElement z:Id="i431" i:type="Collision"><Attributes/><ChildElements><URDFElement z:Id="i432" i:type="Origin"><Attributes><Attribute z:Id="i433"><AttributeType>xyz</AttributeType><IsRequired>true</IsRequired><Value i:type="a:ArrayOfdouble" xmlns:a="http://schemas.microsoft.com/2003/10/Serialization/Arrays"><a:double>0</a:double><a:double>0</a:double><a:double>0</a:double></Value></Attribute><Attribute z:Id="i434"><AttributeType>rpy</AttributeType><IsRequired>true</IsRequired><Value i:type="a:ArrayOfdouble" xmlns:a="http://schemas.microsoft.com/2003/10/Serialization/Arrays"><a:double>0</a:double><a:double>0</a:double><a:double>0</a:double></Value></Attribute></Attributes><ChildElements/><ElementName>origin</ElementName><required>false</required><RPYAttribute z:Ref="i434"/><XYZAttribute z:Ref="i433"/><isCustomized>false</isCustomized></URDFElement><URDFElement z:Id="i435" i:type="Geometry"><Attributes/><ChildElements><URDFElement z:Id="i436" i:type="Mesh"><Attributes><Attribute z:Id="i437"><AttributeType>filename</AttributeType><IsRequired>true</IsRequired><Value i:nil="true"/></Attribute></Attributes><ChildElements/><ElementName>mesh</ElementName><required>false</required><FilenameAttribute z:Ref="i437"/></URDFElement></ChildElements><ElementName>geometry</ElementName><required>true</required><Mesh z:Ref="i436"/></URDFElement></ChildElements><ElementName>collision</ElementName><required>false</required><Geometry z:Ref="i435"/><Origin z:Ref="i432"/></URDFElement><URDFElement z:Id="i438" i:type="Joint"><Attributes><Attribute z:Id="i439"><AttributeType>name</AttributeType><IsRequired>true</IsRequired><Value i:type="a:string" xmlns:a="http://www.w3.org/2001/XMLSchema">gripper-palm-joint</Value></Attribute><Attribute z:Id="i440"><AttributeType>type</AttributeType><IsRequired>true</IsRequired><Value i:type="a:string" xmlns:a="http://www.w3.org/2001/XMLSchema">fixed</Value></Attribute></Attributes><ChildElements><URDFElement z:Id="i441" i:type="Origin"><Attributes><Attribute z:Id="i442"><AttributeType>xyz</AttributeType><IsRequired>true</IsRequired><Value i:type="a:ArrayOfdouble" xmlns:a="http://schemas.microsoft.com/2003/10/Serialization/Arrays"><a:double>0.061816</a:double><a:double>-0.009</a:double><a:double>0.03</a:double></Value></Attribute><Attribute z:Id="i443"><AttributeType>rpy</AttributeType><IsRequired>true</IsRequired><Value i:type="a:ArrayOfdouble" xmlns:a="http://schemas.microsoft.com/2003/10/Serialization/Arrays"><a:double>0</a:double><a:double>0</a:double><a:double>3.1416</a:double></Value></Attribute></Attributes><ChildElements/><ElementName>origin</ElementName><required>false</required><RPYAttribute z:Ref="i443"/><XYZAttribute z:Ref="i442"/><isCustomized>false</isCustomized></URDFElement><URDFElement z:Id="i444" i:type="ParentLink"><Attributes><Attribute z:Id="i445"><AttributeType>link</AttributeType><IsRequired>true</IsRequired><Value i:type="a:string" xmlns:a="http://www.w3.org/2001/XMLSchema">link-5</Value></Attribute></Attributes><ChildElements/><ElementName>parent</ElementName><required>true</required><NameAttribute z:Ref="i445"/></URDFElement><URDFElement z:Id="i446" i:type="ChildLink"><Attributes><Attribute z:Id="i447"><AttributeType>link</AttributeType><IsRequired>true</IsRequired><Value i:type="a:string" xmlns:a="http://www.w3.org/2001/XMLSchema">gripper-palm</Value></Attribute></Attributes><ChildElements/><ElementName>child</ElementName><required>true</required><NameAttribute z:Ref="i447"/></URDFElement><URDFElement z:Id="i448" i:type="Axis"><Attributes><Attribute z:Id="i449"><AttributeType>xyz</AttributeType><IsRequired>true</IsRequired><Value i:type="a:ArrayOfdouble" xmlns:a="http://schemas.microsoft.com/2003/10/Serialization/Arrays"><a:double>0</a:double><a:double>0</a:double><a:double>0</a:double></Value></Attribute></Attributes><ChildElements/><ElementName>axis</ElementName><required>false</required><XYZAttribute z:Ref="i449"/></URDFElement><URDFElement z:Id="i450" i:type="Limit"><Attributes><Attribute z:Id="i451"><AttributeType>lower</AttributeType><IsRequired>false</IsRequired><Value i:nil="true"/></Attribute><Attribute z:Id="i452"><AttributeType>upper</AttributeType><IsRequired>false</IsRequired><Value i:nil="true"/></Attribute><Attribute z:Id="i453"><AttributeType>effort</AttributeType><IsRequired>true</IsRequired><Value i:nil="true"/></Attribute><Attribute z:Id="i454"><AttributeType>velocity</AttributeType><IsRequired>true</IsRequired><Value i:nil="true"/></Attribute></Attributes><ChildElements/><ElementName>limit</ElementName><required>false</required><EffortAttribute z:Ref="i453"/><LowerAttribute z:Ref="i451"/><UpperAttribute z:Ref="i452"/><VelocityAttribute z:Ref="i454"/></URDFElement><URDFElement z:Id="i455" i:type="Calibration"><Attributes><Attribute z:Id="i456"><AttributeType>rising</AttributeType><IsRequired>false</IsRequired><Value i:nil="true"/></Attribute><Attribute z:Id="i457"><AttributeType>falling</AttributeType><IsRequired>false</IsRequired><Value i:nil="true"/></Attribute></Attributes><ChildElements/><ElementName>calibration</ElementName><required>false</required><FallingAttribute z:Ref="i457"/><RisingAttribute z:Ref="i456"/></URDFElement><URDFElement z:Id="i458" i:type="Dynamics"><Attributes><Attribute z:Id="i459"><AttributeType>damping</AttributeType><IsRequired>false</IsRequired><Value i:nil="true"/></Attribute><Attribute z:Id="i460"><AttributeType>friction</AttributeType><IsRequired>false</IsRequired><Value i:nil="true"/></Attribute></Attributes><ChildElements/><ElementName>dynamics</ElementName><required>false</required><DampingAttribute z:Ref="i459"/><FrictionAttribute z:Ref="i460"/></URDFElement><URDFElement z:Id="i461" i:type="SafetyController"><Attributes><Attribute z:Id="i462"><AttributeType>soft_upper</AttributeType><IsRequired>false</IsRequired><Value i:nil="true"/></Attribute><Attribute z:Id="i463"><AttributeType>soft_lower</AttributeType><IsRequired>false</IsRequired><Value i:nil="true"/></Attribute><Attribute z:Id="i464"><AttributeType>k_position</AttributeType><IsRequired>false</IsRequired><Value i:nil="true"/></Attribute><Attribute z:Id="i465"><AttributeType>k_velocity</AttributeType><IsRequired>true</IsRequired><Value i:nil="true"/></Attribute></Attributes><ChildElements/><ElementName>safety_controller</ElementName><required>false</required><KPositionAttribute z:Ref="i464"/><KVelocityAttribute z:Ref="i465"/><SoftLowerAttribute z:Ref="i463"/><SoftUpperAttribute z:Ref="i462"/></URDFElement><URDFElement z:Id="i466" i:type="Mimic"><Attributes><Attribute z:Id="i467"><AttributeType>joint</AttributeType><IsRequired>true</IsRequired><Value i:nil="true"/></Attribute><Attribute z:Id="i468"><AttributeType>multiplier</AttributeType><IsRequired>false</IsRequired><Value i:nil="true"/></Attribute><Attribute z:Id="i469"><AttributeType>offset</AttributeType><IsRequired>false</IsRequired><Value i:nil="true"/></Attribute></Attributes><ChildElements/><ElementName>mimic</ElementName><required>false</required><JointNameAttribute z:Ref="i467"/><MultiplierAttribute z:Ref="i468"/><OffsetAttribute z:Ref="i469"/></URDFElement></ChildElements><ElementName>joint</ElementName><required>false</required><Axis z:Ref="i448"/><AxisName>Automatically Generate</AxisName><Calibration z:Ref="i455"/><Child z:Ref="i446"/><CoordinateSystemName>Origin_gripper-palm-joint2</CoordinateSystemName><Dynamics z:Ref="i458"/><Limit z:Ref="i450"/><Mimic z:Ref="i466"/><NameAttribute z:Ref="i439"/><Origin z:Ref="i441"/><Parent z:Ref="i444"/><Safety z:Ref="i461"/><TypeAttribute z:Ref="i440"/></URDFElement></ChildElements><ElementName>link</ElementName><required>true</required><Children><Link z:Id="i470"><Attributes><Attribute z:Id="i471"><AttributeType>name</AttributeType><IsRequired>true</IsRequired><Value i:type="a:string" xmlns:a="http://www.w3.org/2001/XMLSchema">left-jaw</Value></Attribute></Attributes><ChildElements><URDFElement z:Id="i472" i:type="Inertial"><Attributes/><ChildElements><URDFElement z:Id="i473" i:type="Origin"><Attributes><Attribute z:Id="i474"><AttributeType>xyz</AttributeType><IsRequired>true</IsRequired><Value i:type="a:ArrayOfdouble" xmlns:a="http://schemas.microsoft.com/2003/10/Serialization/Arrays"><a:double>-0.028589</a:double><a:double>0.0052053</a:double><a:double>0.031068</a:double></Value></Attribute><Attribute z:Id="i475"><AttributeType>rpy</AttributeType><IsRequired>true</IsRequired><Value i:type="a:ArrayOfdouble" xmlns:a="http://schemas.microsoft.com/2003/10/Serialization/Arrays"><a:double>0</a:double><a:double>0</a:double><a:double>0</a:double></Value></Attribute></Attributes><ChildElements/><ElementName>origin</ElementName><required>false</required><RPYAttribute z:Ref="i475"/><XYZAttribute z:Ref="i474"/><isCustomized>false</isCustomized></URDFElement><URDFElement z:Id="i476" i:type="Mass"><Attributes><Attribute z:Id="i477"><AttributeType>value</AttributeType><IsRequired>true</IsRequired><Value i:type="a:double" xmlns:a="http://www.w3.org/2001/XMLSchema">0.027503</Value></Attribute></Attributes><ChildElements/><ElementName>mass</ElementName><required>false</required><ValueAttribute z:Ref="i477"/></URDFElement><URDFElement z:Id="i478" i:type="Inertia"><Attributes><Attribute z:Id="i479"><AttributeType>ixx</AttributeType><IsRequired>true</IsRequired><Value i:type="a:double" xmlns:a="http://www.w3.org/2001/XMLSchema">4.9094E-05</Value></Attribute><Attribute z:Id="i480"><AttributeType>ixy</AttributeType><IsRequired>true</IsRequired><Value i:type="a:double" xmlns:a="http://www.w3.org/2001/XMLSchema">-1.9586E-08</Value></Attribute><Attribute z:Id="i481"><AttributeType>ixz</AttributeType><IsRequired>true</IsRequired><Value i:type="a:double" xmlns:a="http://www.w3.org/2001/XMLSchema">3.2876E-05</Value></Attribute><Attribute z:Id="i482"><AttributeType>iyy</AttributeType><IsRequired>true</IsRequired><Value i:type="a:double" xmlns:a="http://www.w3.org/2001/XMLSchema">8.0343E-05</Value></Attribute><Attribute z:Id="i483"><AttributeType>iyz</AttributeType><IsRequired>true</IsRequired><Value i:type="a:double" xmlns:a="http://www.w3.org/2001/XMLSchema">6.6402E-09</Value></Attribute><Attribute z:Id="i484"><AttributeType>izz</AttributeType><IsRequired>true</IsRequired><Value i:type="a:double" xmlns:a="http://www.w3.org/2001/XMLSchema">3.1643E-05</Value></Attribute></Attributes><ChildElements/><ElementName>inertia</ElementName><required>false</required><IxxAttribute z:Ref="i479"/><IxyAttribute z:Ref="i480"/><IxzAttribute z:Ref="i481"/><IyyAttribute z:Ref="i482"/><IyzAttribute z:Ref="i483"/><IzzAttribute z:Ref="i484"/></URDFElement></ChildElements><ElementName>inertial</ElementName><required>false</required><Inertia z:Ref="i478"/><Mass z:Ref="i476"/><Origin z:Ref="i473"/></URDFElement><URDFElement z:Id="i485" i:type="Visual"><Attributes/><ChildElements><URDFElement z:Id="i486" i:type="Origin"><Attributes><Attribute z:Id="i487"><AttributeType>xyz</AttributeType><IsRequired>true</IsRequired><Value i:type="a:ArrayOfdouble" xmlns:a="http://schemas.microsoft.com/2003/10/Serialization/Arrays"><a:double>0</a:double><a:double>0</a:double><a:double>0</a:double></Value></Attribute><Attribute z:Id="i488"><AttributeType>rpy</AttributeType><IsRequired>true</IsRequired><Value i:type="a:ArrayOfdouble" xmlns:a="http://schemas.microsoft.com/2003/10/Serialization/Arrays"><a:double>0</a:double><a:double>0</a:double><a:double>0</a:double></Value></Attribute></Attributes><ChildElements/><ElementName>origin</ElementName><required>false</required><RPYAttribute z:Ref="i488"/><XYZAttribute z:Ref="i487"/><isCustomized>false</isCustomized></URDFElement><URDFElement z:Id="i489" i:type="Geometry"><Attributes/><ChildElements><URDFElement z:Id="i490" i:type="Mesh"><Attributes><Attribute z:Id="i491"><AttributeType>filename</AttributeType><IsRequired>true</IsRequired><Value i:nil="true"/></Attribute></Attributes><ChildElements/><ElementName>mesh</ElementName><required>false</required><FilenameAttribute z:Ref="i491"/></URDFElement></ChildElements><ElementName>geometry</ElementName><required>true</required><Mesh z:Ref="i490"/></URDFElement><URDFElement z:Id="i492" i:type="Material"><Attributes><Attribute z:Id="i493"><AttributeType>name</AttributeType><IsRequired>true</IsRequired><Value i:type="a:string" xmlns:a="http://www.w3.org/2001/XMLSchema"/></Attribute></Attributes><ChildElements><URDFElement z:Id="i494" i:type="Color"><Attributes><Attribute z:Id="i495"><AttributeType>rgba</AttributeType><IsRequired>true</IsRequired><Value i:type="a:ArrayOfdouble" xmlns:a="http://schemas.microsoft.com/2003/10/Serialization/Arrays"><a:double>0</a:double><a:double>0.50196</a:double><a:double>1</a:double><a:double>1</a:double></Value></Attribute></Attributes><ChildElements/><ElementName>color</ElementName><required>false</required><RGBAAttribute z:Ref="i495"/></URDFElement><URDFElement z:Id="i496" i:type="Texture"><Attributes><Attribute z:Id="i497"><AttributeType>filename</AttributeType><IsRequired>true</IsRequired><Value i:nil="true"/></Attribute></Attributes><ChildElements/><ElementName>texture</ElementName><required>false</required><FilenameAttribute z:Ref="i497"/><wFilename/></URDFElement></ChildElements><ElementName>material</ElementName><required>false</required><Color z:Ref="i494"/><NameAttribute z:Ref="i493"/><Texture z:Ref="i496"/></URDFElement></ChildElements><ElementName>visual</ElementName><required>false</required><Geometry z:Ref="i489"/><Material z:Ref="i492"/><Origin z:Ref="i486"/></URDFElement><URDFElement z:Id="i498" i:type="Collision"><Attributes/><ChildElements><URDFElement z:Id="i499" i:type="Origin"><Attributes><Attribute z:Id="i500"><AttributeType>xyz</AttributeType><IsRequired>true</IsRequired><Value i:type="a:ArrayOfdouble" xmlns:a="http://schemas.microsoft.com/2003/10/Serialization/Arrays"><a:double>0</a:double><a:double>0</a:double><a:double>0</a:double></Value></Attribute><Attribute z:Id="i501"><AttributeType>rpy</AttributeType><IsRequired>true</IsRequired><Value i:type="a:ArrayOfdouble" xmlns:a="http://schemas.microsoft.com/2003/10/Serialization/Arrays"><a:double>0</a:double><a:double>0</a:double><a:double>0</a:double></Value></Attribute></Attributes><ChildElements/><ElementName>origin</ElementName><required>false</required><RPYAttribute z:Ref="i501"/><XYZAttribute z:Ref="i500"/><isCustomized>false</isCustomized></URDFElement><URDFElement z:Id="i502" i:type="Geometry"><Attributes/><ChildElements><URDFElement z:Id="i503" i:type="Mesh"><Attributes><Attribute z:Id="i504"><AttributeType>filename</AttributeType><IsRequired>true</IsRequired><Value i:nil="true"/></Attribute></Attributes><ChildElements/><ElementName>mesh</ElementName><required>false</required><FilenameAttribute z:Ref="i504"/></URDFElement></ChildElements><ElementName>geometry</ElementName><required>true</required><Mesh z:Ref="i503"/></URDFElement></ChildElements><ElementName>collision</ElementName><required>false</required><Geometry z:Ref="i502"/><Origin z:Ref="i499"/></URDFElement><URDFElement z:Id="i505" i:type="Joint"><Attributes><Attribute z:Id="i506"><AttributeType>name</AttributeType><IsRequired>true</IsRequired><Value i:type="a:string" xmlns:a="http://www.w3.org/2001/XMLSchema">left-jaw-joint</Value></Attribute><Attribute z:Id="i507"><AttributeType>type</AttributeType><IsRequired>true</IsRequired><Value i:type="a:string" xmlns:a="http://www.w3.org/2001/XMLSchema">revolute</Value></Attribute></Attributes><ChildElements><URDFElement z:Id="i508" i:type="Origin"><Attributes><Attribute z:Id="i509"><AttributeType>xyz</AttributeType><IsRequired>true</IsRequired><Value i:type="a:ArrayOfdouble" xmlns:a="http://schemas.microsoft.com/2003/10/Serialization/Arrays"><a:double>-0.022808</a:double><a:double>-0.0032752</a:double><a:double>0.030844</a:double></Value></Attribute><Attribute z:Id="i510"><AttributeType>rpy</AttributeType><IsRequired>true</IsRequired><Value i:type="a:ArrayOfdouble" xmlns:a="http://schemas.microsoft.com/2003/10/Serialization/Arrays"><a:double>0</a:double><a:double>0.62301</a:double><a:double>0</a:double></Value></Attribute></Attributes><ChildElements/><ElementName>origin</ElementName><required>false</required><RPYAttribute z:Ref="i510"/><XYZAttribute z:Ref="i509"/><isCustomized>false</isCustomized></URDFElement><URDFElement z:Id="i511" i:type="ParentLink"><Attributes><Attribute z:Id="i512"><AttributeType>link</AttributeType><IsRequired>true</IsRequired><Value i:type="a:string" xmlns:a="http://www.w3.org/2001/XMLSchema">gripper-palm</Value></Attribute></Attributes><ChildElements/><ElementName>parent</ElementName><required>true</required><NameAttribute z:Ref="i512"/></URDFElement><URDFElement z:Id="i513" i:type="ChildLink"><Attributes><Attribute z:Id="i514"><AttributeType>link</AttributeType><IsRequired>true</IsRequired><Value i:type="a:string" xmlns:a="http://www.w3.org/2001/XMLSchema">left-jaw</Value></Attribute></Attributes><ChildElements/><ElementName>child</ElementName><required>true</required><NameAttribute z:Ref="i514"/></URDFElement><URDFElement z:Id="i515" i:type="Axis"><Attributes><Attribute z:Id="i516"><AttributeType>xyz</AttributeType><IsRequired>true</IsRequired><Value i:type="a:ArrayOfdouble" xmlns:a="http://schemas.microsoft.com/2003/10/Serialization/Arrays"><a:double>0</a:double><a:double>0</a:double><a:double>0</a:double></Value></Attribute></Attributes><ChildElements/><ElementName>axis</ElementName><required>false</required><XYZAttribute z:Ref="i516"/></URDFElement><URDFElement z:Id="i517" i:type="Limit"><Attributes><Attribute z:Id="i518"><AttributeType>lower</AttributeType><IsRequired>true</IsRequired><Value i:type="a:double" xmlns:a="http://www.w3.org/2001/XMLSchema">0</Value></Attribute><Attribute z:Id="i519"><AttributeType>upper</AttributeType><IsRequired>true</IsRequired><Value i:type="a:double" xmlns:a="http://www.w3.org/2001/XMLSchema">7</Value></Attribute><Attribute z:Id="i520"><AttributeType>effort</AttributeType><IsRequired>true</IsRequired><Value i:type="a:double" xmlns:a="http://www.w3.org/2001/XMLSchema">2.45</Value></Attribute><Attribute z:Id="i521"><AttributeType>velocity</AttributeType><IsRequired>true</IsRequired><Value i:type="a:double" xmlns:a="http://www.w3.org/2001/XMLSchema">1</Value></Attribute></Attributes><ChildElements/><ElementName>limit</ElementName><required>true</required><EffortAttribute z:Ref="i520"/><LowerAttribute z:Ref="i518"/><UpperAttribute z:Ref="i519"/><VelocityAttribute z:Ref="i521"/></URDFElement><URDFElement z:Id="i522" i:type="Calibration"><Attributes><Attribute z:Id="i523"><AttributeType>rising</AttributeType><IsRequired>false</IsRequired><Value i:nil="true"/></Attribute><Attribute z:Id="i524"><AttributeType>falling</AttributeType><IsRequired>false</IsRequired><Value i:nil="true"/></Attribute></Attributes><ChildElements/><ElementName>calibration</ElementName><required>false</required><FallingAttribute z:Ref="i524"/><RisingAttribute z:Ref="i523"/></URDFElement><URDFElement z:Id="i525" i:type="Dynamics"><Attributes><Attribute z:Id="i526"><AttributeType>damping</AttributeType><IsRequired>false</IsRequired><Value i:nil="true"/></Attribute><Attribute z:Id="i527"><AttributeType>friction</AttributeType><IsRequired>false</IsRequired><Value i:nil="true"/></Attribute></Attributes><ChildElements/><ElementName>dynamics</ElementName><required>false</required><DampingAttribute z:Ref="i526"/><FrictionAttribute z:Ref="i527"/></URDFElement><URDFElement z:Id="i528" i:type="SafetyController"><Attributes><Attribute z:Id="i529"><AttributeType>soft_upper</AttributeType><IsRequired>false</IsRequired><Value i:nil="true"/></Attribute><Attribute z:Id="i530"><AttributeType>soft_lower</AttributeType><IsRequired>false</IsRequired><Value i:nil="true"/></Attribute><Attribute z:Id="i531"><AttributeType>k_position</AttributeType><IsRequired>false</IsRequired><Value i:nil="true"/></Attribute><Attribute z:Id="i532"><AttributeType>k_velocity</AttributeType><IsRequired>true</IsRequired><Value i:nil="true"/></Attribute></Attributes><ChildElements/><ElementName>safety_controller</ElementName><required>false</required><KPositionAttribute z:Ref="i531"/><KVelocityAttribute z:Ref="i532"/><SoftLowerAttribute z:Ref="i530"/><SoftUpperAttribute z:Ref="i529"/></URDFElement><URDFElement z:Id="i533" i:type="Mimic"><Attributes><Attribute z:Id="i534"><AttributeType>joint</AttributeType><IsRequired>true</IsRequired><Value i:nil="true"/></Attribute><Attribute z:Id="i535"><AttributeType>multiplier</AttributeType><IsRequired>false</IsRequired><Value i:nil="true"/></Attribute><Attribute z:Id="i536"><AttributeType>offset</AttributeType><IsRequired>false</IsRequired><Value i:nil="true"/></Attribute></Attributes><ChildElements/><ElementName>mimic</ElementName><required>false</required><JointNameAttribute z:Ref="i534"/><MultiplierAttribute z:Ref="i535"/><OffsetAttribute z:Ref="i536"/></URDFElement></ChildElements><ElementName>joint</ElementName><required>false</required><Axis z:Ref="i515"/><AxisName>Axis20</AxisName><Calibration z:Ref="i522"/><Child z:Ref="i513"/><CoordinateSystemName>Origin_left-jaw-joint2</CoordinateSystemName><Dynamics z:Ref="i525"/><Limit z:Ref="i517"/><Mimic z:Ref="i533"/><NameAttribute z:Ref="i506"/><Origin z:Ref="i508"/><Parent z:Ref="i511"/><Safety z:Ref="i528"/><TypeAttribute z:Ref="i507"/></URDFElement></ChildElements><ElementName>link</ElementName><required>true</required><Children/><Collision z:Ref="i498"/><Inertial z:Ref="i472"/><Joint z:Ref="i505"/><NameAttribute z:Ref="i471"/><Parent z:Ref="i403"/><STLQualityFine>false</STLQualityFine><SWComponentPIDs xmlns:a="http://schemas.microsoft.com/2003/10/Serialization/Arrays"><a:base64Binary>WBsAAAUAAAD//v88QQBzAHMAZQBtADEANAAtADEAQAA1AC0AZABvAGYAXwByAG8AYgBvAHQAaQBjAF8AYQByAG0AXwB2AGUAcgAtADIALgAxAC4AMQAvAEcAZQBhAHIAIAAxAC4AMQAuAGkAcAB0AC0AMQBAAEEAcwBzAGUAbQAxADQABAAAABAAAAABAAAAAgAAAOcAAAAWAAAA</a:base64Binary><a:base64Binary>WBsAAAUAAAD//v81QQBzAHMAZQBtADEANAAtADEAQAA1AC0AZABvAGYAXwByAG8AYgBvAHQAaQBjAF8AYQByAG0AXwB2AGUAcgAtADIALgAxAC4AMQAvAFAAYQByAHQANAAtADEAQABBAHMAcwBlAG0AMQA0AAQAAAAQAAAAAQAAAAIAAADnAAAALwAAAA==</a:base64Binary><a:base64Binary>WBsAAAUAAAD//v88QQBzAHMAZQBtADMALQAxAEAANQAtAGQAbwBmAF8AcgBvAGIAbwB0AGkAYwBfAGEAcgBtAF8AdgBlAHIALQAyAC4AMQAuADEALwBTAHQAcgBhAGkAbgAgAEcAYQB1AGcAZQAtADEALQAxAEAAQQBzAHMAZQBtADMABAAAABAAAAABAAAAAgAAACQCAAAUAAAA</a:base64Binary></SWComponentPIDs><SWMainComponentPID i:nil="true"/><Visual z:Ref="i485"/><isFixedFrame>false</isFixedFrame><isIncomplete>false</isIncomplete></Link><Link z:Id="i537"><Attributes><Attribute z:Id="i538"><AttributeType>name</AttributeType><IsRequired>true</IsRequired><Value i:type="a:string" xmlns:a="http://www.w3.org/2001/XMLSchema">right-jaw</Value></Attribute></Attributes><ChildElements><URDFElement z:Id="i539" i:type="Inertial"><Attributes/><ChildElements><URDFElement z:Id="i540" i:type="Origin"><Attributes><Attribute z:Id="i541"><AttributeType>xyz</AttributeType><IsRequired>true</IsRequired><Value i:type="a:ArrayOfdouble" xmlns:a="http://schemas.microsoft.com/2003/10/Serialization/Arrays"><a:double>-0.028589130219502268</a:double><a:double>0.005205337728317605</a:double><a:double>0.031067668423527206</a:double></Value></Attribute><Attribute z:Id="i542"><AttributeType>rpy</AttributeType><IsRequired>true</IsRequired><Value i:type="a:ArrayOfdouble" xmlns:a="http://schemas.microsoft.com/2003/10/Serialization/Arrays"><a:double>0</a:double><a:double>0</a:double><a:double>0</a:double></Value></Attribute></Attributes><ChildElements/><ElementName>origin</ElementName><required>false</required><RPYAttribute z:Ref="i542"/><XYZAttribute z:Ref="i541"/><isCustomized>false</isCustomized></URDFElement><URDFElement z:Id="i543" i:type="Mass"><Attributes><Attribute z:Id="i544"><AttributeType>value</AttributeType><IsRequired>true</IsRequired><Value i:type="a:double" xmlns:a="http://www.w3.org/2001/XMLSchema">0.027502978286191811</Value></Attribute></Attributes><ChildElements/><ElementName>mass</ElementName><required>false</required><ValueAttribute z:Ref="i544"/></URDFElement><URDFElement z:Id="i545" i:type="Inertia"><Attributes><Attribute z:Id="i546"><AttributeType>ixx</AttributeType><IsRequired>true</IsRequired><Value i:type="a:double" xmlns:a="http://www.w3.org/2001/XMLSchema">4.9094291195506531E-05</Value></Attribute><Attribute z:Id="i547"><AttributeType>ixy</AttributeType><IsRequired>true</IsRequired><Value i:type="a:double" xmlns:a="http://www.w3.org/2001/XMLSchema">-1.958572391482584E-08</Value></Attribute><Attribute z:Id="i548"><AttributeType>ixz</AttributeType><IsRequired>true</IsRequired><Value i:type="a:double" xmlns:a="http://www.w3.org/2001/XMLSchema">3.2876277523318191E-05</Value></Attribute><Attribute z:Id="i549"><AttributeType>iyy</AttributeType><IsRequired>true</IsRequired><Value i:type="a:double" xmlns:a="http://www.w3.org/2001/XMLSchema">8.0342882268224919E-05</Value></Attribute><Attribute z:Id="i550"><AttributeType>iyz</AttributeType><IsRequired>true</IsRequired><Value i:type="a:double" xmlns:a="http://www.w3.org/2001/XMLSchema">6.6401863458290982E-09</Value></Attribute><Attribute z:Id="i551"><AttributeType>izz</AttributeType><IsRequired>true</IsRequired><Value i:type="a:double" xmlns:a="http://www.w3.org/2001/XMLSchema">3.1642738548300478E-05</Value></Attribute></Attributes><ChildElements/><ElementName>inertia</ElementName><required>false</required><IxxAttribute z:Ref="i546"/><IxyAttribute z:Ref="i547"/><IxzAttribute z:Ref="i548"/><IyyAttribute z:Ref="i549"/><IyzAttribute z:Ref="i550"/><IzzAttribute z:Ref="i551"/></URDFElement></ChildElements><ElementName>inertial</ElementName><required>false</required><Inertia z:Ref="i545"/><Mass z:Ref="i543"/><Origin z:Ref="i540"/></URDFElement><URDFElement z:Id="i552" i:type="Visual"><Attributes/><ChildElements><URDFElement z:Id="i553" i:type="Origin"><Attributes><Attribute z:Id="i554"><AttributeType>xyz</AttributeType><IsRequired>true</IsRequired><Value i:type="a:ArrayOfdouble" xmlns:a="http://schemas.microsoft.com/2003/10/Serialization/Arrays"><a:double>0</a:double><a:double>0</a:double><a:double>0</a:double></Value></Attribute><Attribute z:Id="i555"><AttributeType>rpy</AttributeType><IsRequired>true</IsRequired><Value i:type="a:ArrayOfdouble" xmlns:a="http://schemas.microsoft.com/2003/10/Serialization/Arrays"><a:double>0</a:double><a:double>0</a:double><a:double>0</a:double></Value></Attribute></Attributes><ChildElements/><ElementName>origin</ElementName><required>false</required><RPYAttribute z:Ref="i555"/><XYZAttribute z:Ref="i554"/><isCustomized>false</isCustomized></URDFElement><URDFElement z:Id="i556" i:type="Geometry"><Attributes/><ChildElements><URDFElement z:Id="i557" i:type="Mesh"><Attributes><Attribute z:Id="i558"><AttributeType>filename</AttributeType><IsRequired>true</IsRequired><Value i:nil="true"/></Attribute></Attributes><ChildElements/><ElementName>mesh</ElementName><required>false</required><FilenameAttribute z:Ref="i558"/></URDFElement></ChildElements><ElementName>geometry</ElementName><required>true</required><Mesh z:Ref="i557"/></URDFElement><URDFElement z:Id="i559" i:type="Material"><Attributes><Attribute z:Id="i560"><AttributeType>name</AttributeType><IsRequired>true</IsRequired><Value i:type="a:string" xmlns:a="http://www.w3.org/2001/XMLSchema"/></Attribute></Attributes><ChildElements><URDFElement z:Id="i561" i:type="Color"><Attributes><Attribute z:Id="i562"><AttributeType>rgba</AttributeType><IsRequired>true</IsRequired><Value i:type="a:ArrayOfdouble" xmlns:a="http://schemas.microsoft.com/2003/10/Serialization/Arrays"><a:double>0</a:double><a:double>0.50196078431372548</a:double><a:double>1</a:double><a:double>1</a:double></Value></Attribute></Attributes><ChildElements/><ElementName>color</ElementName><required>false</required><RGBAAttribute z:Ref="i562"/></URDFElement><URDFElement z:Id="i563" i:type="Texture"><Attributes><Attribute z:Id="i564"><AttributeType>filename</AttributeType><IsRequired>true</IsRequired><Value i:nil="true"/></Attribute></Attributes><ChildElements/><ElementName>texture</ElementName><required>false</required><FilenameAttribute z:Ref="i564"/><wFilename/></URDFElement></ChildElements><ElementName>material</ElementName><required>false</required><Color z:Ref="i561"/><NameAttribute z:Ref="i560"/><Texture z:Ref="i563"/></URDFElement></ChildElements><ElementName>visual</ElementName><required>false</required><Geometry z:Ref="i556"/><Material z:Ref="i559"/><Origin z:Ref="i553"/></URDFElement><URDFElement z:Id="i565" i:type="Collision"><Attributes/><ChildElements><URDFElement z:Id="i566" i:type="Origin"><Attributes><Attribute z:Id="i567"><AttributeType>xyz</AttributeType><IsRequired>true</IsRequired><Value i:type="a:ArrayOfdouble" xmlns:a="http://schemas.microsoft.com/2003/10/Serialization/Arrays"><a:double>0</a:double><a:double>0</a:double><a:double>0</a:double></Value></Attribute><Attribute z:Id="i568"><AttributeType>rpy</AttributeType><IsRequired>true</IsRequired><Value i:type="a:ArrayOfdouble" xmlns:a="http://schemas.microsoft.com/2003/10/Serialization/Arrays"><a:double>0</a:double><a:double>0</a:double><a:double>0</a:double></Value></Attribute></Attributes><ChildElements/><ElementName>origin</ElementName><required>false</required><RPYAttribute z:Ref="i568"/><XYZAttribute z:Ref="i567"/><isCustomized>false</isCustomized></URDFElement><URDFElement z:Id="i569" i:type="Geometry"><Attributes/><ChildElements><URDFElement z:Id="i570" i:type="Mesh"><Attributes><Attribute z:Id="i571"><AttributeType>filename</AttributeType><IsRequired>true</IsRequired><Value i:nil="true"/></Attribute></Attributes><ChildElements/><ElementName>mesh</ElementName><required>false</required><FilenameAttribute z:Ref="i571"/></URDFElement></ChildElements><ElementName>geometry</ElementName><required>true</required><Mesh z:Ref="i570"/></URDFElement></ChildElements><ElementName>collision</ElementName><required>false</required><Geometry z:Ref="i569"/><Origin z:Ref="i566"/></URDFElement><URDFElement z:Id="i572" i:type="Joint"><Attributes><Attribute z:Id="i573"><AttributeType>name</AttributeType><IsRequired>true</IsRequired><Value i:type="a:string" xmlns:a="http://www.w3.org/2001/XMLSchema">right-jaw-joint</Value></Attribute><Attribute z:Id="i574"><AttributeType>type</AttributeType><IsRequired>true</IsRequired><Value i:type="a:string" xmlns:a="http://www.w3.org/2001/XMLSchema">revolute</Value></Attribute></Attributes><ChildElements><URDFElement z:Id="i575" i:type="Origin"><Attributes><Attribute z:Id="i576"><AttributeType>xyz</AttributeType><IsRequired>true</IsRequired><Value i:type="a:ArrayOfdouble" xmlns:a="http://schemas.microsoft.com/2003/10/Serialization/Arrays"><a:double>0.024199</a:double><a:double>0.007225</a:double><a:double>0.030844</a:double></Value></Attribute><Attribute z:Id="i577"><AttributeType>rpy</AttributeType><IsRequired>true</IsRequired><Value i:type="a:ArrayOfdouble" xmlns:a="http://schemas.microsoft.com/2003/10/Serialization/Arrays"><a:double>0</a:double><a:double>0.62439</a:double><a:double>3.1416</a:double></Value></Attribute></Attributes><ChildElements/><ElementName>origin</ElementName><required>false</required><RPYAttribute z:Ref="i577"/><XYZAttribute z:Ref="i576"/><isCustomized>false</isCustomized></URDFElement><URDFElement z:Id="i578" i:type="ParentLink"><Attributes><Attribute z:Id="i579"><AttributeType>link</AttributeType><IsRequired>true</IsRequired><Value i:type="a:string" xmlns:a="http://www.w3.org/2001/XMLSchema">gripper-palm</Value></Attribute></Attributes><ChildElements/><ElementName>parent</ElementName><required>true</required><NameAttribute z:Ref="i579"/></URDFElement><URDFElement z:Id="i580" i:type="ChildLink"><Attributes><Attribute z:Id="i581"><AttributeType>link</AttributeType><IsRequired>true</IsRequired><Value i:type="a:string" xmlns:a="http://www.w3.org/2001/XMLSchema">right-jaw</Value></Attribute></Attributes><ChildElements/><ElementName>child</ElementName><required>true</required><NameAttribute z:Ref="i581"/></URDFElement><URDFElement z:Id="i582" i:type="Axis"><Attributes><Attribute z:Id="i583"><AttributeType>xyz</AttributeType><IsRequired>true</IsRequired><Value i:type="a:ArrayOfdouble" xmlns:a="http://schemas.microsoft.com/2003/10/Serialization/Arrays"><a:double>0</a:double><a:double>0</a:double><a:double>0</a:double></Value></Attribute></Attributes><ChildElements/><ElementName>axis</ElementName><required>false</required><XYZAttribute z:Ref="i583"/></URDFElement><URDFElement z:Id="i584" i:type="Limit"><Attributes><Attribute z:Id="i585"><AttributeType>lower</AttributeType><IsRequired>true</IsRequired><Value i:type="a:double" xmlns:a="http://www.w3.org/2001/XMLSchema">-7</Value></Attribute><Attribute z:Id="i586"><AttributeType>upper</AttributeType><IsRequired>true</IsRequired><Value i:type="a:double" xmlns:a="http://www.w3.org/2001/XMLSchema">0</Value></Attribute><Attribute z:Id="i587"><AttributeType>effort</AttributeType><IsRequired>true</IsRequired><Value i:type="a:double" xmlns:a="http://www.w3.org/2001/XMLSchema">2.45</Value></Attribute><Attribute z:Id="i588"><AttributeType>velocity</AttributeType><IsRequired>true</IsRequired><Value i:type="a:double" xmlns:a="http://www.w3.org/2001/XMLSchema">1</Value></Attribute></Attributes><ChildElements/><ElementName>limit</ElementName><required>true</required><EffortAttribute z:Ref="i587"/><LowerAttribute z:Ref="i585"/><UpperAttribute z:Ref="i586"/><VelocityAttribute z:Ref="i588"/></URDFElement><URDFElement z:Id="i589" i:type="Calibration"><Attributes><Attribute z:Id="i590"><AttributeType>rising</AttributeType><IsRequired>false</IsRequired><Value i:nil="true"/></Attribute><Attribute z:Id="i591"><AttributeType>falling</AttributeType><IsRequired>false</IsRequired><Value i:nil="true"/></Attribute></Attributes><ChildElements/><ElementName>calibration</ElementName><required>false</required><FallingAttribute z:Ref="i591"/><RisingAttribute z:Ref="i590"/></URDFElement><URDFElement z:Id="i592" i:type="Dynamics"><Attributes><Attribute z:Id="i593"><AttributeType>damping</AttributeType><IsRequired>false</IsRequired><Value i:nil="true"/></Attribute><Attribute z:Id="i594"><AttributeType>friction</AttributeType><IsRequired>false</IsRequired><Value i:nil="true"/></Attribute></Attributes><ChildElements/><ElementName>dynamics</ElementName><required>false</required><DampingAttribute z:Ref="i593"/><FrictionAttribute z:Ref="i594"/></URDFElement><URDFElement z:Id="i595" i:type="SafetyController"><Attributes><Attribute z:Id="i596"><AttributeType>soft_upper</AttributeType><IsRequired>false</IsRequired><Value i:nil="true"/></Attribute><Attribute z:Id="i597"><AttributeType>soft_lower</AttributeType><IsRequired>false</IsRequired><Value i:nil="true"/></Attribute><Attribute z:Id="i598"><AttributeType>k_position</AttributeType><IsRequired>false</IsRequired><Value i:nil="true"/></Attribute><Attribute z:Id="i599"><AttributeType>k_velocity</AttributeType><IsRequired>true</IsRequired><Value i:nil="true"/></Attribute></Attributes><ChildElements/><ElementName>safety_controller</ElementName><required>false</required><KPositionAttribute z:Ref="i598"/><KVelocityAttribute z:Ref="i599"/><SoftLowerAttribute z:Ref="i597"/><SoftUpperAttribute z:Ref="i596"/></URDFElement><URDFElement z:Id="i600" i:type="Mimic"><Attributes><Attribute z:Id="i601"><AttributeType>joint</AttributeType><IsRequired>true</IsRequired><Value i:nil="true"/></Attribute><Attribute z:Id="i602"><AttributeType>multiplier</AttributeType><IsRequired>false</IsRequired><Value i:nil="true"/></Attribute><Attribute z:Id="i603"><AttributeType>offset</AttributeType><IsRequired>false</IsRequired><Value i:nil="true"/></Attribute></Attributes><ChildElements/><ElementName>mimic</ElementName><required>false</required><JointNameAttribute z:Ref="i601"/><MultiplierAttribute z:Ref="i602"/><OffsetAttribute z:Ref="i603"/></URDFElement></ChildElements><ElementName>joint</ElementName><required>false</required><Axis z:Ref="i582"/><AxisName>Axis19</AxisName><Calibration z:Ref="i589"/><Child z:Ref="i580"/><CoordinateSystemName>Origin_right-jaw-joint2</CoordinateSystemName><Dynamics z:Ref="i592"/><Limit z:Ref="i584"/><Mimic z:Ref="i600"/><NameAttribute z:Ref="i573"/><Origin z:Ref="i575"/><Parent z:Ref="i578"/><Safety z:Ref="i595"/><TypeAttribute z:Ref="i574"/></URDFElement></ChildElements><ElementName>link</ElementName><required>true</required><Children/><Collision z:Ref="i565"/><Inertial z:Ref="i539"/><Joint z:Ref="i572"/><NameAttribute z:Ref="i538"/><Parent z:Ref="i403"/><STLQualityFine>false</STLQualityFine><SWComponentPIDs xmlns:a="http://schemas.microsoft.com/2003/10/Serialization/Arrays"><a:base64Binary>WBsAAAUAAAD//v88QQBzAHMAZQBtADEANAAtADEAQAA1AC0AZABvAGYAXwByAG8AYgBvAHQAaQBjAF8AYQByAG0AXwB2AGUAcgAtADIALgAxAC4AMQAvAEcAZQBhAHIAIAAxAC4AMQAuAGkAcAB0AC0AMwBAAEEAcwBzAGUAbQAxADQABAAAABAAAAABAAAAAgAAAOcAAAAZAAAA</a:base64Binary><a:base64Binary>WBsAAAUAAAD//v81QQBzAHMAZQBtADEANAAtADEAQAA1AC0AZABvAGYAXwByAG8AYgBvAHQAaQBjAF8AYQByAG0AXwB2AGUAcgAtADIALgAxAC4AMQAvAFAAYQByAHQAMwAtADEAQABBAHMAcwBlAG0AMQA0AAQAAAAQAAAAAQAAAAIAAADnAAAAKQAAAA==</a:base64Binary></SWComponentPIDs><SWMainComponentPID i:nil="true"/><Visual z:Ref="i552"/><isFixedFrame>false</isFixedFrame><isIncomplete>false</isIncomplete></Link></Children><Collision z:Ref="i431"/><Inertial z:Ref="i405"/><Joint z:Ref="i438"/><NameAttribute z:Ref="i404"/><Parent z:Ref="i336"/><STLQualityFine>false</STLQualityFine><SWComponentPIDs xmlns:a="http://schemas.microsoft.com/2003/10/Serialization/Arrays"><a:base64Binary>WBsAAAUAAAD//v9AQQBzAHMAZQBtADEANAAtADEAQAA1AC0AZABvAGYAXwByAG8AYgBvAHQAaQBjAF8AYQByAG0AXwB2AGUAcgAtADIALgAxAC4AMQAvAE0AWQAgAEcAUgBJAFAAUABFAFIAIABQAEwAYQB0AGUALQAxAEAAQQBzAHMAZQBtADEANAAEAAAAEAAAAAEAAAACAAAA5wAAABcAAAA=</a:base64Binary><a:base64Binary>WBsAAAUAAAD//v8mUwBlAHIAdgBvACAAMQAwAC0AMgBAADUALQBkAG8AZgBfAHIAbwBiAG8AdABpAGMAXwBhAHIAbQBfAHYAZQByAC0AMgAuADEALgAxAAQAAAAQAAAAAQAAAAEAAADxAAAA</a:base64Binary><a:base64Binary>WBsAAAUAAAD//v8nSQBSAHMAZQBuAHMAbwByAHMALQAxAEAANQAtAGQAbwBmAF8AcgBvAGIAbwB0AGkAYwBfAGEAcgBtAF8AdgBlAHIALQAyAC4AMQAuADEABAAAABAAAAABAAAAAQAAABcCAAA=</a:base64Binary></SWComponentPIDs><SWMainComponentPID i:nil="true"/><Visual z:Ref="i418"/><isFixedFrame>false</isFixedFrame><isIncomplete>false</isIncomplete></Link></Children><Collision z:Ref="i364"/><Inertial z:Ref="i338"/><Joint z:Ref="i371"/><NameAttribute z:Ref="i337"/><Parent z:Ref="i269"/><STLQualityFine>false</STLQualityFine><SWComponentPIDs xmlns:a="http://schemas.microsoft.com/2003/10/Serialization/Arrays"><a:base64Binary>WBsAAAUAAAD//v9QRwBSAEkAUABQAEUAUgAgAEgATwBMAEQARQBSACAAIAAtADEAQAA1AC0AZABvAGYAXwByAG8AYgBvAHQAaQBjAF8AYQByAG0AXwB2AGUAcgAtADIALgAxAC4AMQAvAGcAcgBpAHAAcABlAHIAIABoAG8AbABkAGUAcgAtADEAQABHAFIASQBQAFAARQBSACAASABPAEwARABFAFIAIAAgAAQAAAAQAAAAAQAAAAIAAADPAAAAFAAAAA==</a:base64Binary><a:base64Binary>WBsAAAUAAAD//v9PRwBSAEkAUABQAEUAUgAgAEgATwBMAEQARQBSACAAIAAtADEAQAA1AC0AZABvAGYAXwByAG8AYgBvAHQAaQBjAF8AYQByAG0AXwB2AGUAcgAtADIALgAxAC4AMQAvAGcAcgBpAHAAcABlAHIAIABwAGwAYQB0AGUALQAxAEAARwBSAEkAUABQAEUAUgAgAEgATwBMAEQARQBSACAAIAAEAAAAEAAAAAEAAAACAAAAzwAAABUAAAA=</a:base64Binary></SWComponentPIDs><SWMainComponentPID i:nil="true"/><Visual z:Ref="i351"/><isFixedFrame>false</isFixedFrame><isIncomplete>false</isIncomplete></Link></Children><Collision z:Ref="i297"/><Inertial z:Ref="i271"/><Joint z:Ref="i304"/><NameAttribute z:Ref="i270"/><Parent z:Ref="i202"/><STLQualityFine>false</STLQualityFine><SWComponentPIDs xmlns:a="http://schemas.microsoft.com/2003/10/Serialization/Arrays"><a:base64Binary>WBsAAAUAAAD//v8mbABpAG4AawA0AG4AZQB3AC0AMQBAADUALQBkAG8AZgBfAHIAbwBiAG8AdABpAGMAXwBhAHIAbQBfAHYAZQByAC0AMgAuADEALgAxAAQAAAAQAAAAAQAAAAEAAACmAAAA</a:base64Binary><a:base64Binary>WBsAAAUAAAD//v8wcwBlAHYAbwByACAAaABvAGwAZABlAHIAIABtAGkAbgBlACAALQAxAEAANQAtAGQAbwBmAF8AcgBvAGIAbwB0AGkAYwBfAGEAcgBtAF8AdgBlAHIALQAyAC4AMQAuADEABAAAABAAAAABAAAAAQAAALEAAAA=</a:base64Binary><a:base64Binary>WBsAAAUAAAD//v8kbABpAGsAMgBfADIALQAxAEAANQAtAGQAbwBmAF8AcgBvAGIAbwB0AGkAYwBfAGEAcgBtAF8AdgBlAHIALQAyAC4AMQAuADEABAAAABAAAAABAAAAAQAAAKkAAAA=</a:base64Binary><a:base64Binary>WBsAAAUAAAD//v8mUwBlAHIAdgBvACAAMQAwAC0AMQBAADUALQBkAG8AZgBfAHIAbwBiAG8AdABpAGMAXwBhAHIAbQBfAHYAZQByAC0AMgAuADEALgAxAAQAAAAQAAAAAQAAAAEAAADHAAAA</a:base64Binary><a:base64Binary>WBsAAAUAAAD//v8tMwA1AEsAZwBfAFMAZQByAHYAbwAgAGgAbwByAG4ALQA1AEAANQAtAGQAbwBmAF8AcgBvAGIAbwB0AGkAYwBfAGEAcgBtAF8AdgBlAHIALQAyAC4AMQAuADEABAAAABAAAAABAAAAAQAAAMsAAAA=</a:base64Binary></SWComponentPIDs><SWMainComponentPID i:nil="true"/><Visual z:Ref="i284"/><isFixedFrame>false</isFixedFrame><isIncomplete>false</isIncomplete></Link></Children><Collision z:Ref="i230"/><Inertial z:Ref="i204"/><Joint z:Ref="i237"/><NameAttribute z:Ref="i203"/><Parent z:Ref="i135"/><STLQualityFine>false</STLQualityFine><SWComponentPIDs xmlns:a="http://schemas.microsoft.com/2003/10/Serialization/Arrays"><a:base64Binary>WBsAAAUAAAD//v8xbABpAG4AawAgADMALgBTAEwARABQAFIAVAAzAF8AMQBOAEUAVwAtADEAQAA1AC0AZABvAGYAXwByAG8AYgBvAHQAaQBjAF8AYQByAG0AXwB2AGUAcgAtADIALgAxAC4AMQAEAAAAEAAAAAEAAAABAAAAhwAAAA==</a:base64Binary><a:base64Binary>WBsAAAUAAAD//v8ubABpAG4AawAgADMALgBTAEwARABQAFIAVAAzAF8AMQAtADEAQAA1AC0AZABvAGYAXwByAG8AYgBvAHQAaQBjAF8AYQByAG0AXwB2AGUAcgAtADIALgAxAC4AMQAEAAAAEAAAAAEAAAABAAAAggAAAA==</a:base64Binary><a:base64Binary>WBsAAAUAAAD//v8sYgBlAGEAcgBpAG4AZwAgAGgAbwBsAGQAZQByAC0AMgBAADUALQBkAG8AZgBfAHIAbwBiAG8AdABpAGMAXwBhAHIAbQBfAHYAZQByAC0AMgAuADEALgAxAAQAAAAQAAAAAQAAAAEAAACUAAAA</a:base64Binary><a:base64Binary>WBsAAAUAAAD//v8oUwBlAHIAdgBvADIAMABOAEUAVwAtADIAQAA1AC0AZABvAGYAXwByAG8AYgBvAHQAaQBjAF8AYQByAG0AXwB2AGUAcgAtADIALgAxAC4AMQAEAAAAEAAAAAEAAAABAAAAkAAAAA==</a:base64Binary><a:base64Binary>WBsAAAUAAAD//v8tMwA1AEsAZwBfAFMAZQByAHYAbwAgAGgAbwByAG4ALQA0AEAANQAtAGQAbwBmAF8AcgBvAGIAbwB0AGkAYwBfAGEAcgBtAF8AdgBlAHIALQAyAC4AMQAuADEABAAAABAAAAABAAAAAQAAAKIAAAA=</a:base64Binary><a:base64Binary>WBsAAAUAAAD//v8pYgBlAGEAcgBpAG4AZwAgAGEAeABlAC0AMgBAADUALQBkAG8AZgBfAHIAbwBiAG8AdABpAGMAXwBhAHIAbQBfAHYAZQByAC0AMgAuADEALgAxAAQAAAAQAAAAAQAAAAEAAACcAAAA</a:base64Binary><a:base64Binary>WBsAAAUAAAD//v8tTABpAG0AaQB0AF8AUwB3AGkAdABjAGgAXwBMADEALQA4AEAANQAtAGQAbwBmAF8AcgBvAGIAbwB0AGkAYwBfAGEAcgBtAF8AdgBlAHIALQAyAC4AMQAuADEABAAAABAAAAABAAAAAQAAAPsBAAA=</a:base64Binary><a:base64Binary>WBsAAAUAAAD//v8/UABhAHIAdAA5AF4ANQAtAGQAbwBmAF8AcgBvAGIAbwB0AGkAYwBfAGEAcgBtAF8AdgBlAHIALQAyAC4AMQAuADEALQAxAEAANQAtAGQAbwBmAF8AcgBvAGIAbwB0AGkAYwBfAGEAcgBtAF8AdgBlAHIALQAyAC4AMQAuADEABAAAABAAAAABAAAAAQAAAGECAAA=</a:base64Binary><a:base64Binary>WBsAAAUAAAD//v8tTABpAG0AaQB0AF8AUwB3AGkAdABjAGgAXwBMADEALQA5AEAANQAtAGQAbwBmAF8AcgBvAGIAbwB0AGkAYwBfAGEAcgBtAF8AdgBlAHIALQAyAC4AMQAuADEABAAAABAAAAABAAAAAQAAAP4BAAA=</a:base64Binary><a:base64Binary>WBsAAAUAAAD//v9FTQBpAHIAcgBvAHIAUABhAHIAdAA5AF4ANQAtAGQAbwBmAF8AcgBvAGIAbwB0AGkAYwBfAGEAcgBtAF8AdgBlAHIALQAyAC4AMQAuADEALQAyAEAANQAtAGQAbwBmAF8AcgBvAGIAbwB0AGkAYwBfAGEAcgBtAF8AdgBlAHIALQAyAC4AMQAuADEABAAAABAAAAABAAAAAQAAAG4CAAA=</a:base64Binary><a:base64Binary>WBsAAAUAAAD//v8tTABpAG0AaQB0AF8AUwB3AGkAdABjAGgAXwBMADEALQA2AEAANQAtAGQAbwBmAF8AcgBvAGIAbwB0AGkAYwBfAGEAcgBtAF8AdgBlAHIALQAyAC4AMQAuADEABAAAABAAAAABAAAAAQAAAPMBAAA=</a:base64Binary><a:base64Binary>WBsAAAUAAAD//v9FTQBpAHIAcgBvAHIAUABhAHIAdAA4AF4ANQAtAGQAbwBmAF8AcgBvAGIAbwB0AGkAYwBfAGEAcgBtAF8AdgBlAHIALQAyAC4AMQAuADEALQA1AEAANQAtAGQAbwBmAF8AcgBvAGIAbwB0AGkAYwBfAGEAcgBtAF8AdgBlAHIALQAyAC4AMQAuADEABAAAABAAAAABAAAAAQAAAHACAAA=</a:base64Binary><a:base64Binary>WBsAAAUAAAD//v8/UABhAHIAdAA4AF4ANQAtAGQAbwBmAF8AcgBvAGIAbwB0AGkAYwBfAGEAcgBtAF8AdgBlAHIALQAyAC4AMQAuADEALQAxAEAANQAtAGQAbwBmAF8AcgBvAGIAbwB0AGkAYwBfAGEAcgBtAF8AdgBlAHIALQAyAC4AMQAuADEABAAAABAAAAABAAAAAQAAAFgCAAA=</a:base64Binary><a:base64Binary>WBsAAAUAAAD//v8tTABpAG0AaQB0AF8AUwB3AGkAdABjAGgAXwBMADEALQA3AEAANQAtAGQAbwBmAF8AcgBvAGIAbwB0AGkAYwBfAGEAcgBtAF8AdgBlAHIALQAyAC4AMQAuADEABAAAABAAAAABAAAAAQAAAPoBAAA=</a:base64Binary></SWComponentPIDs><SWMainComponentPID i:nil="true"/><Visual z:Ref="i217"/><isFixedFrame>false</isFixedFrame><isIncomplete>false</isIncomplete></Link></Children><Collision z:Ref="i163"/><Inertial z:Ref="i137"/><Joint z:Ref="i170"/><NameAttribute z:Ref="i136"/><Parent z:Ref="i68"/><STLQualityFine>false</STLQualityFine><SWComponentPIDs xmlns:a="http://schemas.microsoft.com/2003/10/Serialization/Arrays"><a:base64Binary>WBsAAAUAAAD//v8xQgBhAHMAcwAgAHMAZQByAHYAbwAgAGwAaQBuAGsAMwBuAGUAdwAtADEAQAA1AC0AZABvAGYAXwByAG8AYgBvAHQAaQBjAF8AYQByAG0AXwB2AGUAcgAtADIALgAxAC4AMQAEAAAAEAAAAAEAAAABAAAAWwAAAA==</a:base64Binary><a:base64Binary>WBsAAAUAAAD//v8qbABpAG4AawAxAC0AMQBfADEATgBFAFcALQAxAEAANQAtAGQAbwBmAF8AcgBvAGIAbwB0AGkAYwBfAGEAcgBtAF8AdgBlAHIALQAyAC4AMQAuADEABAAAABAAAAABAAAAAQAAAGIAAAA=</a:base64Binary><a:base64Binary>WBsAAAUAAAD//v8vbABpAG4AawAgADMALgBTAEwARABQAFIAVABvAGwAZAAxAC0AMQBAADUALQBkAG8AZgBfAHIAbwBiAG8AdABpAGMAXwBhAHIAbQBfAHYAZQByAC0AMgAuADEALgAxAAQAAAAQAAAAAQAAAAEAAABnAAAA</a:base64Binary><a:base64Binary>WBsAAAUAAAD//v8vbABpAG4AawAgADMALgBTAEwARABQAFIAVABvAGwAZAAxAC0AMgBAADUALQBkAG8AZgBfAHIAbwBiAG8AdABpAGMAXwBhAHIAbQBfAHYAZQByAC0AMgAuADEALgAxAAQAAAAQAAAAAQAAAAEAAABtAAAA</a:base64Binary><a:base64Binary>WBsAAAUAAAD//v8oUwBlAHIAdgBvADIAMABOAEUAVwAtADEAQAA1AC0AZABvAGYAXwByAG8AYgBvAHQAaQBjAF8AYQByAG0AXwB2AGUAcgAtADIALgAxAC4AMQAEAAAAEAAAAAEAAAABAAAAcQAAAA==</a:base64Binary><a:base64Binary>WBsAAAUAAAD//v8sYgBlAGEAcgBpAG4AZwAgAGgAbwBsAGQAZQByAC0AMQBAADUALQBkAG8AZgBfAHIAbwBiAG8AdABpAGMAXwBhAHIAbQBfAHYAZQByAC0AMgAuADEALgAxAAQAAAAQAAAAAQAAAAEAAAB2AAAA</a:base64Binary><a:base64Binary>WBsAAAUAAAD//v8tMwA1AEsAZwBfAFMAZQByAHYAbwAgAGgAbwByAG4ALQAzAEAANQAtAGQAbwBmAF8AcgBvAGIAbwB0AGkAYwBfAGEAcgBtAF8AdgBlAHIALQAyAC4AMQAuADEABAAAABAAAAABAAAAAQAAAH0AAAA=</a:base64Binary><a:base64Binary>WBsAAAUAAAD//v8pYgBlAGEAcgBpAG4AZwAgAGEAeABlAC0AMQBAADUALQBkAG8AZgBfAHIAbwBiAG8AdABpAGMAXwBhAHIAbQBfAHYAZQByAC0AMgAuADEALgAxAAQAAAAQAAAAAQAAAAEAAACMAAAA</a:base64Binary><a:base64Binary>WBsAAAUAAAD//v8tTABpAG0AaQB0AF8AUwB3AGkAdABjAGgAXwBMADEALQA0AEAANQAtAGQAbwBmAF8AcgBvAGIAbwB0AGkAYwBfAGEAcgBtAF8AdgBlAHIALQAyAC4AMQAuADEABAAAABAAAAABAAAAAQAAAO0BAAA=</a:base64Binary><a:base64Binary>WBsAAAUAAAD//v8/UABhAHIAdAA2AF4ANQAtAGQAbwBmAF8AcgBvAGIAbwB0AGkAYwBfAGEAcgBtAF8AdgBlAHIALQAyAC4AMQAuADEALQAxAEAANQAtAGQAbwBmAF8AcgBvAGIAbwB0AGkAYwBfAGEAcgBtAF8AdgBlAHIALQAyAC4AMQAuADEABAAAABAAAAABAAAAAQAAAEICAAA=</a:base64Binary><a:base64Binary>WBsAAAUAAAD//v8/UABhAHIAdAA2AF4ANQAtAGQAbwBmAF8AcgBvAGIAbwB0AGkAYwBfAGEAcgBtAF8AdgBlAHIALQAyAC4AMQAuADEALQAyAEAANQAtAGQAbwBmAF8AcgBvAGIAbwB0AGkAYwBfAGEAcgBtAF8AdgBlAHIALQAyAC4AMQAuADEABAAAABAAAAABAAAAAQAAAEoCAAA=</a:base64Binary><a:base64Binary>WBsAAAUAAAD//v8tTABpAG0AaQB0AF8AUwB3AGkAdABjAGgAXwBMADEALQAxAEAANQAtAGQAbwBmAF8AcgBvAGIAbwB0AGkAYwBfAGEAcgBtAF8AdgBlAHIALQAyAC4AMQAuADEABAAAABAAAAABAAAAAQAAAMABAAA=</a:base64Binary><a:base64Binary>WBsAAAUAAAD//v8/UABhAHIAdAA3AF4ANQAtAGQAbwBmAF8AcgBvAGIAbwB0AGkAYwBfAGEAcgBtAF8AdgBlAHIALQAyAC4AMQAuADEALQAxAEAANQAtAGQAbwBmAF8AcgBvAGIAbwB0AGkAYwBfAGEAcgBtAF8AdgBlAHIALQAyAC4AMQAuADEABAAAABAAAAABAAAAAQAAAE8CAAA=</a:base64Binary><a:base64Binary>WBsAAAUAAAD//v8tTABpAG0AaQB0AF8AUwB3AGkAdABjAGgAXwBMADEALQAzAEAANQAtAGQAbwBmAF8AcgBvAGIAbwB0AGkAYwBfAGEAcgBtAF8AdgBlAHIALQAyAC4AMQAuADEABAAAABAAAAABAAAAAQAAAN0BAAA=</a:base64Binary><a:base64Binary>WBsAAAUAAAD//v8tTABpAG0AaQB0AF8AUwB3AGkAdABjAGgAXwBMADEALQA1AEAANQAtAGQAbwBmAF8AcgBvAGIAbwB0AGkAYwBfAGEAcgBtAF8AdgBlAHIALQAyAC4AMQAuADEABAAAABAAAAABAAAAAQAAAPIBAAA=</a:base64Binary><a:base64Binary>WBsAAAUAAAD//v8/UABhAHIAdAA3AF4ANQAtAGQAbwBmAF8AcgBvAGIAbwB0AGkAYwBfAGEAcgBtAF8AdgBlAHIALQAyAC4AMQAuADEALQAyAEAANQAtAGQAbwBmAF8AcgBvAGIAbwB0AGkAYwBfAGEAcgBtAF8AdgBlAHIALQAyAC4AMQAuADEABAAAABAAAAABAAAAAQAAAFcCAAA=</a:base64Binary></SWComponentPIDs><SWMainComponentPID i:nil="true"/><Visual z:Ref="i150"/><isFixedFrame>false</isFixedFrame><isIncomplete>false</isIncomplete></Link></Children><Collision z:Ref="i96"/><Inertial z:Ref="i70"/><Joint z:Ref="i103"/><NameAttribute z:Ref="i69"/><Parent z:Ref="i1"/><STLQualityFine>false</STLQualityFine><SWComponentPIDs xmlns:a="http://schemas.microsoft.com/2003/10/Serialization/Arrays"><a:base64Binary>WBsAAAUAAAD//v8tUwBlAHIAdgBvACAAMwA1ACAAaABvAGwAZABlAHIALQAxAEAANQAtAGQAbwBmAF8AcgBvAGIAbwB0AGkAYwBfAGEAcgBtAF8AdgBlAHIALQAyAC4AMQAuADEABAAAABAAAAABAAAAAQAAAEQAAAA=</a:base64Binary><a:base64Binary>WBsAAAUAAAD//v8vQgBhAHMAZQAgAHMAZQByAHYAbwAgAEgAbwBsAGQAZQByAC0AMwBAADUALQBkAG8AZgBfAHIAbwBiAG8AdABpAGMAXwBhAHIAbQBfAHYAZQByAC0AMgAuADEALgAxAAQAAAAQAAAAAQAAAAEAAAA8AAAA</a:base64Binary><a:base64Binary>WBsAAAUAAAD//v8mQgBhAHMAZQAgACgAMgApAC0AMQBAADUALQBkAG8AZgBfAHIAbwBiAG8AdABpAGMAXwBhAHIAbQBfAHYAZQByAC0AMgAuADEALgAxAAQAAAAQAAAAAQAAAAEAAAAaAAAA</a:base64Binary><a:base64Binary>WBsAAAUAAAD//v8tUwBlAHIAdgBvACAAMwA1ACAAaABvAGwAZABlAHIALQAyAEAANQAtAGQAbwBmAF8AcgBvAGIAbwB0AGkAYwBfAGEAcgBtAF8AdgBlAHIALQAyAC4AMQAuADEABAAAABAAAAABAAAAAQAAAEkAAAA=</a:base64Binary><a:base64Binary>WBsAAAUAAAD//v8vQgBhAHMAZQAgAHMAZQByAHYAbwAgAEgAbwBsAGQAZQByAC0AMQBAADUALQBkAG8AZgBfAHIAbwBiAG8AdABpAGMAXwBhAHIAbQBfAHYAZQByAC0AMgAuADEALgAxAAQAAAAQAAAAAQAAAAEAAAAdAAAA</a:base64Binary><a:base64Binary>WBsAAAUAAAD//v8oUwBlAHIAdgBvACAAMwA1AEsARwAtADEAQAA1AC0AZABvAGYAXwByAG8AYgBvAHQAaQBjAF8AYQByAG0AXwB2AGUAcgAtADIALgAxAC4AMQAEAAAAEAAAAAEAAAABAAAATQAAAA==</a:base64Binary><a:base64Binary>WBsAAAUAAAD//v8tMwA1AEsAZwBfAFMAZQByAHYAbwAgAGgAbwByAG4ALQAyAEAANQAtAGQAbwBmAF8AcgBvAGIAbwB0AGkAYwBfAGEAcgBtAF8AdgBlAHIALQAyAC4AMQAuADEABAAAABAAAAABAAAAAQAAAFcAAAA=</a:base64Binary><a:base64Binary>WBsAAAUAAAD//v8tMwA1AEsAZwBfAFMAZQByAHYAbwAgAGgAbwByAG4ALQA2AEAANQAtAGQAbwBmAF8AcgBvAGIAbwB0AGkAYwBfAGEAcgBtAF8AdgBlAHIALQAyAC4AMQAuADEABAAAABAAAAABAAAAAQAAAI8BAAA=</a:base64Binary></SWComponentPIDs><SWMainComponentPID i:nil="true"/><Visual z:Ref="i83"/><isFixedFrame>false</isFixedFrame><isIncomplete>false</isIncomplete></Link></Children><Collision z:Ref="i29"/><Inertial z:Ref="i3"/><Joint z:Ref="i36"/><NameAttribute z:Ref="i2"/><Parent i:nil="true"/><STLQualityFine>false</STLQualityFine><SWComponentPIDs xmlns:a="http://schemas.microsoft.com/2003/10/Serialization/Arrays"><a:base64Binary>WBsAAAUAAAD//v8sQgBhAHMAZQAgAE0AbwB1AG4AdAAuAGkAcAB0AC0AMQBAADUALQBkAG8AZgBfAHIAbwBiAG8AdABpAGMAXwBhAHIAbQBfAHYAZQByAC0AMgAuADEALgAxAAQAAAAQAAAAAQAAAAEAAAAVAAAA</a:base64Binary><a:base64Binary>WBsAAAUAAAD//v8/UABhAHIAdAAyAF4ANQAtAGQAbwBmAF8AcgBvAGIAbwB0AGkAYwBfAGEAcgBtAF8AdgBlAHIALQAyAC4AMQAuADEALQAxAEAANQAtAGQAbwBmAF8AcgBvAGIAbwB0AGkAYwBfAGEAcgBtAF8AdgBlAHIALQAyAC4AMQAuADEABAAAABAAAAABAAAAAQAAAGcBAAA=</a:base64Binary><a:base64Binary>WBsAAAUAAAD//v8oUwBlAHIAdgBvACAAMwA1AEsARwAtADIAQAA1AC0AZABvAGYAXwByAG8AYgBvAHQAaQBjAF8AYQByAG0AXwB2AGUAcgAtADIALgAxAC4AMQAEAAAAEAAAAAEAAAABAAAAcgEAAA==</a:base64Binary><a:base64Binary>WBsAAAUAAAD//v9AUABhAHIAdAAxADEAXgA1AC0AZABvAGYAXwByAG8AYgBvAHQAaQBjAF8AYQByAG0AXwB2AGUAcgAtADIALgAxAC4AMQAtADEAQAA1AC0AZABvAGYAXwByAG8AYgBvAHQAaQBjAF8AYQByAG0AXwB2AGUAcgAtADIALgAxAC4AMQAEAAAAEAAAAAEAAAABAAAABgIAAA==</a:base64Binary><a:base64Binary>WBsAAAUAAAD//v82QQByAGQAdQBpAG4AbwAgAE0AZQBnAGEAIABBAFQAbQBlAGcAYQAgADIANQA2ADAALQAxAEAANQAtAGQAbwBmAF8AcgBvAGIAbwB0AGkAYwBfAGEAcgBtAF8AdgBlAHIALQAyAC4AMQAuADEABAAAABAAAAABAAAAAQAAAAUCAAA=</a:base64Binary><a:base64Binary>WBsAAAUAAAD//v8wTABDAEQAXwBNAFMAUAAyADgAMAA3AF8AZgB1AHMAaQBvAG4ALQAxAEAANQAtAGQAbwBmAF8AcgBvAGIAbwB0AGkAYwBfAGEAcgBtAF8AdgBlAHIALQAyAC4AMQAuADEABAAAABAAAAABAAAAAQAAAA0CAAA=</a:base64Binary></SWComponentPIDs><SWMainComponentPID i:nil="true"/><Visual z:Ref="i16"/><isFixedFrame>false</isFixedFrame><isIncomplete>false</isIncomplete></Link>
2025-09-20 21:15:58,040 INFO  ExportHelperExtension.cs: 338 - Creating joint link-1
2025-09-20 21:16:07,563 WARN  ExportHelperExtension.cs: 342 - Creating joint from parent base_link to child link-1 failed
2025-09-20 21:16:07,688 INFO  ExportHelperExtension.cs: 338 - Creating joint link-2
2025-09-20 21:16:10,157 WARN  ExportHelperExtension.cs: 342 - Creating joint from parent link-1 to child link-2 failed
2025-09-20 21:16:11,974 INFO  ExportHelperExtension.cs: 338 - Creating joint link-3
2025-09-20 21:16:14,444 WARN  ExportHelperExtension.cs: 342 - Creating joint from parent link-2 to child link-3 failed
2025-09-20 21:16:16,053 INFO  ExportHelperExtension.cs: 338 - Creating joint link-4
2025-09-20 21:16:18,491 WARN  ExportHelperExtension.cs: 342 - Creating joint from parent link-3 to child link-4 failed
2025-09-20 21:16:18,569 INFO  ExportHelperExtension.cs: 338 - Creating joint link-5
2025-09-20 21:16:21,008 WARN  ExportHelperExtension.cs: 342 - Creating joint from parent link-4 to child link-5 failed
2025-09-20 21:16:21,055 INFO  ExportHelperExtension.cs: 338 - Creating joint gripper-palm
2025-09-20 21:16:21,133 INFO  ExportHelperExtension.cs: 1409 - Fixing components for link-5
2025-09-20 21:16:21,133 INFO  ExportHelperExtension.cs: 1414 - Fixing 207
2025-09-20 21:16:21,164 INFO  ExportHelperExtension.cs: 1414 - Fixing 207
2025-09-20 21:16:21,164 INFO  ExportHelperExtension.cs: 1414 - Fixing 166
2025-09-20 21:16:21,180 INFO  ExportHelperExtension.cs: 1414 - Fixing 177
2025-09-20 21:16:21,180 INFO  ExportHelperExtension.cs: 1414 - Fixing 169
2025-09-20 21:16:21,180 INFO  ExportHelperExtension.cs: 1414 - Fixing 199
2025-09-20 21:16:21,180 INFO  ExportHelperExtension.cs: 1414 - Fixing 203
2025-09-20 21:16:21,180 INFO  ExportHelperExtension.cs: 1414 - Fixing 135
2025-09-20 21:16:21,180 INFO  ExportHelperExtension.cs: 1414 - Fixing 130
2025-09-20 21:16:21,180 INFO  ExportHelperExtension.cs: 1414 - Fixing 148
2025-09-20 21:16:21,180 INFO  ExportHelperExtension.cs: 1414 - Fixing 144
2025-09-20 21:16:21,196 INFO  ExportHelperExtension.cs: 1414 - Fixing 162
2025-09-20 21:16:21,196 INFO  ExportHelperExtension.cs: 1414 - Fixing 156
2025-09-20 21:16:21,196 INFO  ExportHelperExtension.cs: 1414 - Fixing 507
2025-09-20 21:16:21,196 INFO  ExportHelperExtension.cs: 1414 - Fixing 609
2025-09-20 21:16:21,196 INFO  ExportHelperExtension.cs: 1414 - Fixing 510
2025-09-20 21:16:21,196 INFO  ExportHelperExtension.cs: 1414 - Fixing 622
2025-09-20 21:16:21,211 INFO  ExportHelperExtension.cs: 1414 - Fixing 499
2025-09-20 21:16:21,211 INFO  ExportHelperExtension.cs: 1414 - Fixing 624
2025-09-20 21:16:21,211 INFO  ExportHelperExtension.cs: 1414 - Fixing 600
2025-09-20 21:16:21,211 INFO  ExportHelperExtension.cs: 1414 - Fixing 506
2025-09-20 21:16:21,211 INFO  ExportHelperExtension.cs: 1414 - Fixing 91
2025-09-20 21:16:21,211 INFO  ExportHelperExtension.cs: 1414 - Fixing 98
2025-09-20 21:16:21,211 INFO  ExportHelperExtension.cs: 1414 - Fixing 103
2025-09-20 21:16:21,211 INFO  ExportHelperExtension.cs: 1414 - Fixing 109
2025-09-20 21:16:21,211 INFO  ExportHelperExtension.cs: 1414 - Fixing 113
2025-09-20 21:16:21,227 INFO  ExportHelperExtension.cs: 1414 - Fixing 118
2025-09-20 21:16:21,227 INFO  ExportHelperExtension.cs: 1414 - Fixing 125
2025-09-20 21:16:21,227 INFO  ExportHelperExtension.cs: 1414 - Fixing 140
2025-09-20 21:16:21,227 INFO  ExportHelperExtension.cs: 1414 - Fixing 493
2025-09-20 21:16:21,227 INFO  ExportHelperExtension.cs: 1414 - Fixing 578
2025-09-20 21:16:21,227 INFO  ExportHelperExtension.cs: 1414 - Fixing 586
2025-09-20 21:16:21,227 INFO  ExportHelperExtension.cs: 1414 - Fixing 448
2025-09-20 21:16:21,227 INFO  ExportHelperExtension.cs: 1414 - Fixing 591
2025-09-20 21:16:21,242 INFO  ExportHelperExtension.cs: 1414 - Fixing 477
2025-09-20 21:16:21,242 INFO  ExportHelperExtension.cs: 1414 - Fixing 498
2025-09-20 21:16:21,242 INFO  ExportHelperExtension.cs: 1414 - Fixing 626
2025-09-20 21:16:21,242 INFO  ExportHelperExtension.cs: 1414 - Fixing 68
2025-09-20 21:16:21,242 INFO  ExportHelperExtension.cs: 1414 - Fixing 60
2025-09-20 21:16:21,242 INFO  ExportHelperExtension.cs: 1414 - Fixing 26
2025-09-20 21:16:21,242 INFO  ExportHelperExtension.cs: 1414 - Fixing 73
2025-09-20 21:16:21,258 INFO  ExportHelperExtension.cs: 1414 - Fixing 29
2025-09-20 21:16:21,258 INFO  ExportHelperExtension.cs: 1414 - Fixing 77
2025-09-20 21:16:21,258 INFO  ExportHelperExtension.cs: 1414 - Fixing 87
2025-09-20 21:16:21,258 INFO  ExportHelperExtension.cs: 1414 - Fixing 399
2025-09-20 21:16:21,258 INFO  ExportHelperExtension.cs: 1414 - Fixing 21
2025-09-20 21:16:21,258 INFO  ExportHelperExtension.cs: 1414 - Fixing 359
2025-09-20 21:16:21,258 INFO  ExportHelperExtension.cs: 1414 - Fixing 370
2025-09-20 21:16:21,258 INFO  ExportHelperExtension.cs: 1414 - Fixing 518
2025-09-20 21:16:21,258 INFO  ExportHelperExtension.cs: 1414 - Fixing 517
2025-09-20 21:16:21,274 INFO  ExportHelperExtension.cs: 1414 - Fixing 525
2025-09-20 21:17:14,070 INFO  ExportHelperExtension.cs: 835 - R1: 0, 0
2025-09-20 21:17:14,070 INFO  ExportHelperExtension.cs: 844 - R2: 0, 0
2025-09-20 21:17:14,070 INFO  ExportHelperExtension.cs: 852 - L1: 0
2025-09-20 21:17:14,070 INFO  ExportHelperExtension.cs: 860 - L2: 0
2025-09-20 21:17:14,085 INFO  ExportHelperExtension.cs: 1364 - Unfixing component 207
2025-09-20 21:17:14,085 INFO  ExportHelperExtension.cs: 1364 - Unfixing component 207
2025-09-20 21:17:14,085 INFO  ExportHelperExtension.cs: 1364 - Unfixing component 166
2025-09-20 21:17:14,085 INFO  ExportHelperExtension.cs: 1364 - Unfixing component 177
2025-09-20 21:17:14,085 INFO  ExportHelperExtension.cs: 1364 - Unfixing component 169
2025-09-20 21:17:14,085 INFO  ExportHelperExtension.cs: 1364 - Unfixing component 199
2025-09-20 21:17:14,085 INFO  ExportHelperExtension.cs: 1364 - Unfixing component 203
2025-09-20 21:17:14,085 INFO  ExportHelperExtension.cs: 1364 - Unfixing component 135
2025-09-20 21:17:14,101 INFO  ExportHelperExtension.cs: 1364 - Unfixing component 130
2025-09-20 21:17:14,101 INFO  ExportHelperExtension.cs: 1364 - Unfixing component 148
2025-09-20 21:17:14,101 INFO  ExportHelperExtension.cs: 1364 - Unfixing component 144
2025-09-20 21:17:14,101 INFO  ExportHelperExtension.cs: 1364 - Unfixing component 162
2025-09-20 21:17:14,101 INFO  ExportHelperExtension.cs: 1364 - Unfixing component 156
2025-09-20 21:17:14,101 INFO  ExportHelperExtension.cs: 1364 - Unfixing component 507
2025-09-20 21:17:14,101 INFO  ExportHelperExtension.cs: 1364 - Unfixing component 609
2025-09-20 21:17:14,101 INFO  ExportHelperExtension.cs: 1364 - Unfixing component 510
2025-09-20 21:17:14,101 INFO  ExportHelperExtension.cs: 1364 - Unfixing component 622
2025-09-20 21:17:14,116 INFO  ExportHelperExtension.cs: 1364 - Unfixing component 499
2025-09-20 21:17:14,116 INFO  ExportHelperExtension.cs: 1364 - Unfixing component 624
2025-09-20 21:17:14,116 INFO  ExportHelperExtension.cs: 1364 - Unfixing component 600
2025-09-20 21:17:14,116 INFO  ExportHelperExtension.cs: 1364 - Unfixing component 506
2025-09-20 21:17:14,116 INFO  ExportHelperExtension.cs: 1364 - Unfixing component 91
2025-09-20 21:17:14,116 INFO  ExportHelperExtension.cs: 1364 - Unfixing component 98
2025-09-20 21:17:14,116 INFO  ExportHelperExtension.cs: 1364 - Unfixing component 103
2025-09-20 21:17:14,116 INFO  ExportHelperExtension.cs: 1364 - Unfixing component 109
2025-09-20 21:17:14,116 INFO  ExportHelperExtension.cs: 1364 - Unfixing component 113
2025-09-20 21:17:14,116 INFO  ExportHelperExtension.cs: 1364 - Unfixing component 118
2025-09-20 21:17:14,132 INFO  ExportHelperExtension.cs: 1364 - Unfixing component 125
2025-09-20 21:17:14,257 INFO  ExportHelperExtension.cs: 1364 - Unfixing component 140
2025-09-20 21:17:14,257 INFO  ExportHelperExtension.cs: 1364 - Unfixing component 493
2025-09-20 21:17:14,257 INFO  ExportHelperExtension.cs: 1364 - Unfixing component 578
2025-09-20 21:17:14,257 INFO  ExportHelperExtension.cs: 1364 - Unfixing component 586
2025-09-20 21:17:14,273 INFO  ExportHelperExtension.cs: 1364 - Unfixing component 448
2025-09-20 21:17:14,273 INFO  ExportHelperExtension.cs: 1364 - Unfixing component 591
2025-09-20 21:17:14,273 INFO  ExportHelperExtension.cs: 1364 - Unfixing component 477
2025-09-20 21:17:14,273 INFO  ExportHelperExtension.cs: 1364 - Unfixing component 498
2025-09-20 21:17:14,273 INFO  ExportHelperExtension.cs: 1364 - Unfixing component 626
2025-09-20 21:17:14,273 INFO  ExportHelperExtension.cs: 1364 - Unfixing component 68
2025-09-20 21:17:14,273 INFO  ExportHelperExtension.cs: 1364 - Unfixing component 60
2025-09-20 21:17:14,273 INFO  ExportHelperExtension.cs: 1364 - Unfixing component 26
2025-09-20 21:17:14,273 INFO  ExportHelperExtension.cs: 1364 - Unfixing component 73
2025-09-20 21:17:14,273 INFO  ExportHelperExtension.cs: 1364 - Unfixing component 29
2025-09-20 21:17:14,288 INFO  ExportHelperExtension.cs: 1364 - Unfixing component 77
2025-09-20 21:17:14,288 INFO  ExportHelperExtension.cs: 1364 - Unfixing component 87
2025-09-20 21:17:14,288 INFO  ExportHelperExtension.cs: 1364 - Unfixing component 399
2025-09-20 21:17:14,288 INFO  ExportHelperExtension.cs: 1364 - Unfixing component 21
2025-09-20 21:17:14,288 INFO  ExportHelperExtension.cs: 1364 - Unfixing component 359
2025-09-20 21:17:14,288 INFO  ExportHelperExtension.cs: 1364 - Unfixing component 370
2025-09-20 21:17:14,288 INFO  ExportHelperExtension.cs: 1364 - Unfixing component 518
2025-09-20 21:17:14,288 INFO  ExportHelperExtension.cs: 1364 - Unfixing component 517
2025-09-20 21:17:14,288 INFO  ExportHelperExtension.cs: 1364 - Unfixing component 525
2025-09-20 21:17:42,309 WARN  ExportHelperExtension.cs: 342 - Creating joint from parent link-5 to child gripper-palm failed
2025-09-20 21:17:42,372 INFO  ExportHelperExtension.cs: 338 - Creating joint left-jaw
2025-09-20 21:17:43,325 WARN  ExportHelperExtension.cs: 342 - Creating joint from parent gripper-palm to child left-jaw failed
2025-09-20 21:17:44,278 INFO  ExportHelperExtension.cs: 338 - Creating joint right-jaw
2025-09-20 21:17:45,216 WARN  ExportHelperExtension.cs: 342 - Creating joint from parent gripper-palm to child right-jaw failed
2025-09-20 21:17:47,514 INFO  ExportHelperExtension.cs: 1131 - Retrieving features of type [CoordSys] from 5-dof_robotic_arm_ver-2.1.1.SLDASM
2025-09-20 21:17:47,639 INFO  ExportHelperExtension.cs: 1142 - Found 267 in 5-dof_robotic_arm_ver-2.1.1.SLDASM
2025-09-20 21:17:47,654 INFO  ExportHelperExtension.cs: 1152 - Found 17 features of type [CoordSys] in 5-dof_robotic_arm_ver-2.1.1.SLDASM
2025-09-20 21:17:47,654 INFO  ExportHelperExtension.cs: 1155 - Proceeding through assembly components
2025-09-20 21:17:47,654 INFO  ExportHelperExtension.cs: 1167 - 60 components to check
2025-09-20 21:17:47,654 INFO  ExportHelperExtension.cs: 1131 - Retrieving features of type [CoordSys] from 35Kg_Servo horn-3
2025-09-20 21:17:47,654 INFO  ExportHelperExtension.cs: 1142 - Found 20 in 35Kg_Servo horn-3
2025-09-20 21:17:47,654 INFO  ExportHelperExtension.cs: 1152 - Found 0 features of type [CoordSys] in 35Kg_Servo horn-3
2025-09-20 21:17:47,654 INFO  ExportHelperExtension.cs: 1131 - Retrieving features of type [CoordSys] from 35Kg_Servo horn-4
2025-09-20 21:17:47,670 INFO  ExportHelperExtension.cs: 1142 - Found 20 in 35Kg_Servo horn-4
2025-09-20 21:17:47,670 INFO  ExportHelperExtension.cs: 1152 - Found 0 features of type [CoordSys] in 35Kg_Servo horn-4
2025-09-20 21:17:47,670 INFO  ExportHelperExtension.cs: 1131 - Retrieving features of type [CoordSys] from Bass servo link3new-1
2025-09-20 21:17:47,670 INFO  ExportHelperExtension.cs: 1142 - Found 20 in Bass servo link3new-1
2025-09-20 21:17:47,670 INFO  ExportHelperExtension.cs: 1152 - Found 0 features of type [CoordSys] in Bass servo link3new-1
2025-09-20 21:17:47,670 INFO  ExportHelperExtension.cs: 1131 - Retrieving features of type [CoordSys] from Servo20NEW-1
2025-09-20 21:17:47,670 INFO  ExportHelperExtension.cs: 1142 - Found 20 in Servo20NEW-1
2025-09-20 21:17:47,685 INFO  ExportHelperExtension.cs: 1152 - Found 0 features of type [CoordSys] in Servo20NEW-1
2025-09-20 21:17:47,685 INFO  ExportHelperExtension.cs: 1131 - Retrieving features of type [CoordSys] from link 3.SLDPRT3_1-1
2025-09-20 21:17:47,701 INFO  ExportHelperExtension.cs: 1142 - Found 22 in link 3.SLDPRT3_1-1
2025-09-20 21:17:47,701 INFO  ExportHelperExtension.cs: 1152 - Found 0 features of type [CoordSys] in link 3.SLDPRT3_1-1
2025-09-20 21:17:47,701 INFO  ExportHelperExtension.cs: 1131 - Retrieving features of type [CoordSys] from Servo20NEW-2
2025-09-20 21:17:47,701 INFO  ExportHelperExtension.cs: 1142 - Found 20 in Servo20NEW-2
2025-09-20 21:17:47,701 INFO  ExportHelperExtension.cs: 1152 - Found 0 features of type [CoordSys] in Servo20NEW-2
2025-09-20 21:17:47,701 INFO  ExportHelperExtension.cs: 1131 - Retrieving features of type [CoordSys] from BEARING-1
2025-09-20 21:17:47,701 INFO  ExportHelperExtension.cs: 1142 - Found 28 in BEARING-1
2025-09-20 21:17:47,701 INFO  ExportHelperExtension.cs: 1152 - Found 0 features of type [CoordSys] in BEARING-1
2025-09-20 21:17:47,717 INFO  ExportHelperExtension.cs: 1131 - Retrieving features of type [CoordSys] from link 3.SLDPRTold1-2
2025-09-20 21:17:47,717 INFO  ExportHelperExtension.cs: 1142 - Found 22 in link 3.SLDPRTold1-2
2025-09-20 21:17:47,717 INFO  ExportHelperExtension.cs: 1152 - Found 0 features of type [CoordSys] in link 3.SLDPRTold1-2
2025-09-20 21:17:47,717 INFO  ExportHelperExtension.cs: 1131 - Retrieving features of type [CoordSys] from Base (2)-1
2025-09-20 21:17:47,717 INFO  ExportHelperExtension.cs: 1142 - Found 20 in Base (2)-1
2025-09-20 21:17:47,717 INFO  ExportHelperExtension.cs: 1152 - Found 0 features of type [CoordSys] in Base (2)-1
2025-09-20 21:17:47,717 INFO  ExportHelperExtension.cs: 1131 - Retrieving features of type [CoordSys] from Servo 35 holder-2
2025-09-20 21:17:47,717 INFO  ExportHelperExtension.cs: 1142 - Found 20 in Servo 35 holder-2
2025-09-20 21:17:47,732 INFO  ExportHelperExtension.cs: 1152 - Found 0 features of type [CoordSys] in Servo 35 holder-2
2025-09-20 21:17:47,732 INFO  ExportHelperExtension.cs: 1131 - Retrieving features of type [CoordSys] from bearing axe-1
2025-09-20 21:17:47,732 INFO  ExportHelperExtension.cs: 1142 - Found 20 in bearing axe-1
2025-09-20 21:17:47,732 INFO  ExportHelperExtension.cs: 1152 - Found 0 features of type [CoordSys] in bearing axe-1
2025-09-20 21:17:47,732 INFO  ExportHelperExtension.cs: 1131 - Retrieving features of type [CoordSys] from Base servo Holder-1
2025-09-20 21:17:47,732 INFO  ExportHelperExtension.cs: 1142 - Found 20 in Base servo Holder-1
2025-09-20 21:17:47,732 INFO  ExportHelperExtension.cs: 1152 - Found 0 features of type [CoordSys] in Base servo Holder-1
2025-09-20 21:17:47,732 INFO  ExportHelperExtension.cs: 1131 - Retrieving features of type [CoordSys] from Servo 35 holder-1
2025-09-20 21:17:47,748 INFO  ExportHelperExtension.cs: 1142 - Found 20 in Servo 35 holder-1
2025-09-20 21:17:47,748 INFO  ExportHelperExtension.cs: 1152 - Found 0 features of type [CoordSys] in Servo 35 holder-1
2025-09-20 21:17:47,748 INFO  ExportHelperExtension.cs: 1131 - Retrieving features of type [CoordSys] from Servo 35KG-1
2025-09-20 21:17:47,748 INFO  ExportHelperExtension.cs: 1142 - Found 20 in Servo 35KG-1
2025-09-20 21:17:47,748 INFO  ExportHelperExtension.cs: 1152 - Found 0 features of type [CoordSys] in Servo 35KG-1
2025-09-20 21:17:47,748 INFO  ExportHelperExtension.cs: 1131 - Retrieving features of type [CoordSys] from bearing holder-1
2025-09-20 21:17:47,748 INFO  ExportHelperExtension.cs: 1142 - Found 20 in bearing holder-1
2025-09-20 21:17:47,748 INFO  ExportHelperExtension.cs: 1152 - Found 0 features of type [CoordSys] in bearing holder-1
2025-09-20 21:17:47,764 INFO  ExportHelperExtension.cs: 1131 - Retrieving features of type [CoordSys] from bearing holder-2
2025-09-20 21:17:47,764 INFO  ExportHelperExtension.cs: 1142 - Found 20 in bearing holder-2
2025-09-20 21:17:47,764 INFO  ExportHelperExtension.cs: 1152 - Found 0 features of type [CoordSys] in bearing holder-2
2025-09-20 21:17:47,764 INFO  ExportHelperExtension.cs: 1131 - Retrieving features of type [CoordSys] from bearing axe-2
2025-09-20 21:17:47,764 INFO  ExportHelperExtension.cs: 1142 - Found 20 in bearing axe-2
2025-09-20 21:17:47,764 INFO  ExportHelperExtension.cs: 1152 - Found 0 features of type [CoordSys] in bearing axe-2
2025-09-20 21:17:47,764 INFO  ExportHelperExtension.cs: 1131 - Retrieving features of type [CoordSys] from BEARING-2
2025-09-20 21:17:47,764 INFO  ExportHelperExtension.cs: 1142 - Found 28 in BEARING-2
2025-09-20 21:17:47,779 INFO  ExportHelperExtension.cs: 1152 - Found 0 features of type [CoordSys] in BEARING-2
2025-09-20 21:17:47,779 INFO  ExportHelperExtension.cs: 1131 - Retrieving features of type [CoordSys] from link1-1_1NEW-1
2025-09-20 21:17:47,779 INFO  ExportHelperExtension.cs: 1142 - Found 20 in link1-1_1NEW-1
2025-09-20 21:17:47,779 INFO  ExportHelperExtension.cs: 1152 - Found 0 features of type [CoordSys] in link1-1_1NEW-1
2025-09-20 21:17:47,779 INFO  ExportHelperExtension.cs: 1131 - Retrieving features of type [CoordSys] from Base servo Holder-3
2025-09-20 21:17:47,779 INFO  ExportHelperExtension.cs: 1142 - Found 20 in Base servo Holder-3
2025-09-20 21:17:47,779 INFO  ExportHelperExtension.cs: 1152 - Found 0 features of type [CoordSys] in Base servo Holder-3
2025-09-20 21:17:47,779 INFO  ExportHelperExtension.cs: 1131 - Retrieving features of type [CoordSys] from link 3.SLDPRTold1-1
2025-09-20 21:17:47,795 INFO  ExportHelperExtension.cs: 1142 - Found 22 in link 3.SLDPRTold1-1
2025-09-20 21:17:47,795 INFO  ExportHelperExtension.cs: 1152 - Found 0 features of type [CoordSys] in link 3.SLDPRTold1-1
2025-09-20 21:17:47,795 INFO  ExportHelperExtension.cs: 1131 - Retrieving features of type [CoordSys] from 35Kg_Servo horn-2
2025-09-20 21:17:47,795 INFO  ExportHelperExtension.cs: 1142 - Found 20 in 35Kg_Servo horn-2
2025-09-20 21:17:47,795 INFO  ExportHelperExtension.cs: 1152 - Found 0 features of type [CoordSys] in 35Kg_Servo horn-2
2025-09-20 21:17:47,795 INFO  ExportHelperExtension.cs: 1131 - Retrieving features of type [CoordSys] from link 3.SLDPRT3_1NEW-1
2025-09-20 21:17:47,795 INFO  ExportHelperExtension.cs: 1142 - Found 23 in link 3.SLDPRT3_1NEW-1
2025-09-20 21:17:47,810 INFO  ExportHelperExtension.cs: 1152 - Found 0 features of type [CoordSys] in link 3.SLDPRT3_1NEW-1
2025-09-20 21:17:47,810 INFO  ExportHelperExtension.cs: 1131 - Retrieving features of type [CoordSys] from Base Mount.ipt-1
2025-09-20 21:17:47,810 INFO  ExportHelperExtension.cs: 1142 - Found 22 in Base Mount.ipt-1
2025-09-20 21:17:47,810 INFO  ExportHelperExtension.cs: 1152 - Found 0 features of type [CoordSys] in Base Mount.ipt-1
2025-09-20 21:17:47,810 INFO  ExportHelperExtension.cs: 1131 - Retrieving features of type [CoordSys] from Part9^5-dof_robotic_arm_ver-2.1.1-1
2025-09-20 21:17:47,810 INFO  ExportHelperExtension.cs: 1142 - Found 23 in Part9^5-dof_robotic_arm_ver-2.1.1-1
2025-09-20 21:17:47,810 INFO  ExportHelperExtension.cs: 1152 - Found 0 features of type [CoordSys] in Part9^5-dof_robotic_arm_ver-2.1.1-1
2025-09-20 21:17:47,810 INFO  ExportHelperExtension.cs: 1131 - Retrieving features of type [CoordSys] from Part7^5-dof_robotic_arm_ver-2.1.1-1
2025-09-20 21:17:47,826 INFO  ExportHelperExtension.cs: 1142 - Found 23 in Part7^5-dof_robotic_arm_ver-2.1.1-1
2025-09-20 21:17:47,826 INFO  ExportHelperExtension.cs: 1152 - Found 0 features of type [CoordSys] in Part7^5-dof_robotic_arm_ver-2.1.1-1
2025-09-20 21:17:47,826 INFO  ExportHelperExtension.cs: 1131 - Retrieving features of type [CoordSys] from MirrorPart9^5-dof_robotic_arm_ver-2.1.1-2
2025-09-20 21:17:47,826 INFO  ExportHelperExtension.cs: 1142 - Found 28 in MirrorPart9^5-dof_robotic_arm_ver-2.1.1-2
2025-09-20 21:17:47,826 INFO  ExportHelperExtension.cs: 1152 - Found 0 features of type [CoordSys] in MirrorPart9^5-dof_robotic_arm_ver-2.1.1-2
2025-09-20 21:17:47,826 INFO  ExportHelperExtension.cs: 1131 - Retrieving features of type [CoordSys] from Part8^5-dof_robotic_arm_ver-2.1.1-1
2025-09-20 21:17:47,826 INFO  ExportHelperExtension.cs: 1142 - Found 23 in Part8^5-dof_robotic_arm_ver-2.1.1-1
2025-09-20 21:17:47,842 INFO  ExportHelperExtension.cs: 1152 - Found 0 features of type [CoordSys] in Part8^5-dof_robotic_arm_ver-2.1.1-1
2025-09-20 21:17:47,842 INFO  ExportHelperExtension.cs: 1131 - Retrieving features of type [CoordSys] from Part4^5-dof_robotic_arm_ver-2.1.1-1
2025-09-20 21:17:47,842 INFO  ExportHelperExtension.cs: 1142 - Found 19 in Part4^5-dof_robotic_arm_ver-2.1.1-1
2025-09-20 21:17:47,842 INFO  ExportHelperExtension.cs: 1152 - Found 0 features of type [CoordSys] in Part4^5-dof_robotic_arm_ver-2.1.1-1
2025-09-20 21:17:47,842 INFO  ExportHelperExtension.cs: 1131 - Retrieving features of type [CoordSys] from Part6^5-dof_robotic_arm_ver-2.1.1-2
2025-09-20 21:17:47,842 INFO  ExportHelperExtension.cs: 1142 - Found 23 in Part6^5-dof_robotic_arm_ver-2.1.1-2
2025-09-20 21:17:47,842 INFO  ExportHelperExtension.cs: 1152 - Found 0 features of type [CoordSys] in Part6^5-dof_robotic_arm_ver-2.1.1-2
2025-09-20 21:17:47,842 INFO  ExportHelperExtension.cs: 1131 - Retrieving features of type [CoordSys] from MirrorPart8^5-dof_robotic_arm_ver-2.1.1-5
2025-09-20 21:17:47,857 INFO  ExportHelperExtension.cs: 1142 - Found 28 in MirrorPart8^5-dof_robotic_arm_ver-2.1.1-5
2025-09-20 21:17:47,857 INFO  ExportHelperExtension.cs: 1152 - Found 0 features of type [CoordSys] in MirrorPart8^5-dof_robotic_arm_ver-2.1.1-5
2025-09-20 21:17:47,857 INFO  ExportHelperExtension.cs: 1131 - Retrieving features of type [CoordSys] from MirrorPart7^5-dof_robotic_arm_ver-2.1.1-3
2025-09-20 21:17:47,857 INFO  ExportHelperExtension.cs: 1142 - Found 28 in MirrorPart7^5-dof_robotic_arm_ver-2.1.1-3
2025-09-20 21:17:47,857 INFO  ExportHelperExtension.cs: 1152 - Found 0 features of type [CoordSys] in MirrorPart7^5-dof_robotic_arm_ver-2.1.1-3
2025-09-20 21:17:47,857 INFO  ExportHelperExtension.cs: 1131 - Retrieving features of type [CoordSys] from Part6^5-dof_robotic_arm_ver-2.1.1-1
2025-09-20 21:17:47,857 INFO  ExportHelperExtension.cs: 1142 - Found 23 in Part6^5-dof_robotic_arm_ver-2.1.1-1
2025-09-20 21:17:47,857 INFO  ExportHelperExtension.cs: 1152 - Found 0 features of type [CoordSys] in Part6^5-dof_robotic_arm_ver-2.1.1-1
2025-09-20 21:17:47,873 INFO  ExportHelperExtension.cs: 1131 - Retrieving features of type [CoordSys] from 35Kg_Servo horn-5
2025-09-20 21:17:47,873 INFO  ExportHelperExtension.cs: 1142 - Found 20 in 35Kg_Servo horn-5
2025-09-20 21:17:47,873 INFO  ExportHelperExtension.cs: 1152 - Found 0 features of type [CoordSys] in 35Kg_Servo horn-5
2025-09-20 21:17:47,873 INFO  ExportHelperExtension.cs: 1131 - Retrieving features of type [CoordSys] from Limit_Switch_L1-5
2025-09-20 21:17:47,873 INFO  ExportHelperExtension.cs: 1142 - Found 21 in Limit_Switch_L1-5
2025-09-20 21:17:47,873 INFO  ExportHelperExtension.cs: 1152 - Found 0 features of type [CoordSys] in Limit_Switch_L1-5
2025-09-20 21:17:47,873 INFO  ExportHelperExtension.cs: 1131 - Retrieving features of type [CoordSys] from Limit_Switch_L1-6
2025-09-20 21:17:47,873 INFO  ExportHelperExtension.cs: 1142 - Found 21 in Limit_Switch_L1-6
2025-09-20 21:17:47,889 INFO  ExportHelperExtension.cs: 1152 - Found 0 features of type [CoordSys] in Limit_Switch_L1-6
2025-09-20 21:17:47,889 INFO  ExportHelperExtension.cs: 1131 - Retrieving features of type [CoordSys] from Limit_Switch_L1-9
2025-09-20 21:17:47,889 INFO  ExportHelperExtension.cs: 1142 - Found 21 in Limit_Switch_L1-9
2025-09-20 21:17:47,889 INFO  ExportHelperExtension.cs: 1152 - Found 0 features of type [CoordSys] in Limit_Switch_L1-9
2025-09-20 21:17:47,889 INFO  ExportHelperExtension.cs: 1131 - Retrieving features of type [CoordSys] from Part3^5-dof_robotic_arm_ver-2.1.1-1
2025-09-20 21:17:47,889 INFO  ExportHelperExtension.cs: 1142 - Found 19 in Part3^5-dof_robotic_arm_ver-2.1.1-1
2025-09-20 21:17:47,889 INFO  ExportHelperExtension.cs: 1152 - Found 0 features of type [CoordSys] in Part3^5-dof_robotic_arm_ver-2.1.1-1
2025-09-20 21:17:47,889 INFO  ExportHelperExtension.cs: 1131 - Retrieving features of type [CoordSys] from sevor holder mine -1
2025-09-20 21:17:47,904 INFO  ExportHelperExtension.cs: 1142 - Found 21 in sevor holder mine -1
2025-09-20 21:17:47,904 INFO  ExportHelperExtension.cs: 1152 - Found 0 features of type [CoordSys] in sevor holder mine -1
2025-09-20 21:17:47,904 INFO  ExportHelperExtension.cs: 1131 - Retrieving features of type [CoordSys] from 35Kg_Servo horn-6
2025-09-20 21:17:47,904 INFO  ExportHelperExtension.cs: 1142 - Found 20 in 35Kg_Servo horn-6
2025-09-20 21:17:47,904 INFO  ExportHelperExtension.cs: 1152 - Found 0 features of type [CoordSys] in 35Kg_Servo horn-6
2025-09-20 21:17:47,904 INFO  ExportHelperExtension.cs: 1131 - Retrieving features of type [CoordSys] from Arduino Mega ATmega 2560-1
2025-09-20 21:17:47,920 INFO  ExportHelperExtension.cs: 1142 - Found 1190 in Arduino Mega ATmega 2560-1
2025-09-20 21:17:47,967 INFO  ExportHelperExtension.cs: 1152 - Found 0 features of type [CoordSys] in Arduino Mega ATmega 2560-1
2025-09-20 21:17:47,967 INFO  ExportHelperExtension.cs: 1131 - Retrieving features of type [CoordSys] from Limit_Switch_L1-1
2025-09-20 21:17:47,982 INFO  ExportHelperExtension.cs: 1142 - Found 21 in Limit_Switch_L1-1
2025-09-20 21:17:47,982 INFO  ExportHelperExtension.cs: 1152 - Found 0 features of type [CoordSys] in Limit_Switch_L1-1
2025-09-20 21:17:47,982 INFO  ExportHelperExtension.cs: 1131 - Retrieving features of type [CoordSys] from Limit_Switch_L1-8
2025-09-20 21:17:47,982 INFO  ExportHelperExtension.cs: 1142 - Found 21 in Limit_Switch_L1-8
2025-09-20 21:17:47,982 INFO  ExportHelperExtension.cs: 1152 - Found 0 features of type [CoordSys] in Limit_Switch_L1-8
2025-09-20 21:17:47,982 INFO  ExportHelperExtension.cs: 1131 - Retrieving features of type [CoordSys] from Assem14-1
2025-09-20 21:17:47,982 INFO  ExportHelperExtension.cs: 1142 - Found 34 in Assem14-1
2025-09-20 21:17:47,982 INFO  ExportHelperExtension.cs: 1152 - Found 0 features of type [CoordSys] in Assem14-1
2025-09-20 21:17:47,998 INFO  ExportHelperExtension.cs: 1131 - Retrieving features of type [CoordSys] from Part11^5-dof_robotic_arm_ver-2.1.1-1
2025-09-20 21:17:47,998 INFO  ExportHelperExtension.cs: 1142 - Found 31 in Part11^5-dof_robotic_arm_ver-2.1.1-1
2025-09-20 21:17:47,998 INFO  ExportHelperExtension.cs: 1152 - Found 0 features of type [CoordSys] in Part11^5-dof_robotic_arm_ver-2.1.1-1
2025-09-20 21:17:47,998 INFO  ExportHelperExtension.cs: 1131 - Retrieving features of type [CoordSys] from Limit_Switch_L1-7
2025-09-20 21:17:47,998 INFO  ExportHelperExtension.cs: 1142 - Found 21 in Limit_Switch_L1-7
2025-09-20 21:17:47,998 INFO  ExportHelperExtension.cs: 1152 - Found 0 features of type [CoordSys] in Limit_Switch_L1-7
2025-09-20 21:17:47,998 INFO  ExportHelperExtension.cs: 1131 - Retrieving features of type [CoordSys] from LCD_MSP2807_fusion-1
2025-09-20 21:17:48,014 INFO  ExportHelperExtension.cs: 1142 - Found 319 in LCD_MSP2807_fusion-1
2025-09-20 21:17:48,014 INFO  ExportHelperExtension.cs: 1152 - Found 0 features of type [CoordSys] in LCD_MSP2807_fusion-1
2025-09-20 21:17:48,014 INFO  ExportHelperExtension.cs: 1131 - Retrieving features of type [CoordSys] from IRsensors-1
2025-09-20 21:17:48,014 INFO  ExportHelperExtension.cs: 1142 - Found 80 in IRsensors-1
2025-09-20 21:17:48,029 INFO  ExportHelperExtension.cs: 1152 - Found 0 features of type [CoordSys] in IRsensors-1
2025-09-20 21:17:48,029 INFO  ExportHelperExtension.cs: 1131 - Retrieving features of type [CoordSys] from Limit_Switch_L1-3
2025-09-20 21:17:48,029 INFO  ExportHelperExtension.cs: 1142 - Found 21 in Limit_Switch_L1-3
2025-09-20 21:17:48,029 INFO  ExportHelperExtension.cs: 1152 - Found 0 features of type [CoordSys] in Limit_Switch_L1-3
2025-09-20 21:17:48,029 INFO  ExportHelperExtension.cs: 1131 - Retrieving features of type [CoordSys] from Assem3-1
2025-09-20 21:17:48,029 INFO  ExportHelperExtension.cs: 1142 - Found 19 in Assem3-1
2025-09-20 21:17:48,029 INFO  ExportHelperExtension.cs: 1152 - Found 0 features of type [CoordSys] in Assem3-1
2025-09-20 21:17:48,045 INFO  ExportHelperExtension.cs: 1131 - Retrieving features of type [CoordSys] from lik2_2-1
2025-09-20 21:17:48,045 INFO  ExportHelperExtension.cs: 1142 - Found 21 in lik2_2-1
2025-09-20 21:17:48,045 INFO  ExportHelperExtension.cs: 1152 - Found 0 features of type [CoordSys] in lik2_2-1
2025-09-20 21:17:48,045 INFO  ExportHelperExtension.cs: 1131 - Retrieving features of type [CoordSys] from GRIPPER HOLDER  -1
2025-09-20 21:17:48,045 INFO  ExportHelperExtension.cs: 1142 - Found 23 in GRIPPER HOLDER  -1
2025-09-20 21:17:48,045 INFO  ExportHelperExtension.cs: 1152 - Found 0 features of type [CoordSys] in GRIPPER HOLDER  -1
2025-09-20 21:17:48,045 INFO  ExportHelperExtension.cs: 1131 - Retrieving features of type [CoordSys] from Servo 35KG-2
2025-09-20 21:17:48,060 INFO  ExportHelperExtension.cs: 1142 - Found 20 in Servo 35KG-2
2025-09-20 21:17:48,060 INFO  ExportHelperExtension.cs: 1152 - Found 0 features of type [CoordSys] in Servo 35KG-2
2025-09-20 21:17:48,060 INFO  ExportHelperExtension.cs: 1131 - Retrieving features of type [CoordSys] from Part2^5-dof_robotic_arm_ver-2.1.1-1
2025-09-20 21:17:48,060 INFO  ExportHelperExtension.cs: 1142 - Found 23 in Part2^5-dof_robotic_arm_ver-2.1.1-1
2025-09-20 21:17:48,060 INFO  ExportHelperExtension.cs: 1152 - Found 0 features of type [CoordSys] in Part2^5-dof_robotic_arm_ver-2.1.1-1
2025-09-20 21:17:48,060 INFO  ExportHelperExtension.cs: 1131 - Retrieving features of type [CoordSys] from Servo 10-1
2025-09-20 21:17:48,060 INFO  ExportHelperExtension.cs: 1142 - Found 20 in Servo 10-1
2025-09-20 21:17:48,076 INFO  ExportHelperExtension.cs: 1152 - Found 0 features of type [CoordSys] in Servo 10-1
2025-09-20 21:17:48,076 INFO  ExportHelperExtension.cs: 1131 - Retrieving features of type [CoordSys] from Part1-1
2025-09-20 21:17:48,076 INFO  ExportHelperExtension.cs: 1142 - Found 19 in Part1-1
2025-09-20 21:17:48,076 INFO  ExportHelperExtension.cs: 1152 - Found 0 features of type [CoordSys] in Part1-1
2025-09-20 21:17:48,076 INFO  ExportHelperExtension.cs: 1131 - Retrieving features of type [CoordSys] from link4new-1
2025-09-20 21:17:48,076 INFO  ExportHelperExtension.cs: 1142 - Found 25 in link4new-1
2025-09-20 21:17:48,076 INFO  ExportHelperExtension.cs: 1152 - Found 0 features of type [CoordSys] in link4new-1
2025-09-20 21:17:48,092 INFO  ExportHelperExtension.cs: 1131 - Retrieving features of type [CoordSys] from Servo 10-2
2025-09-20 21:17:48,092 INFO  ExportHelperExtension.cs: 1142 - Found 20 in Servo 10-2
2025-09-20 21:17:48,092 INFO  ExportHelperExtension.cs: 1152 - Found 0 features of type [CoordSys] in Servo 10-2
2025-09-20 21:17:48,092 INFO  ExportHelperExtension.cs: 1131 - Retrieving features of type [CoordSys] from Limit_Switch_L1-4
2025-09-20 21:17:48,092 INFO  ExportHelperExtension.cs: 1142 - Found 21 in Limit_Switch_L1-4
2025-09-20 21:17:48,092 INFO  ExportHelperExtension.cs: 1152 - Found 0 features of type [CoordSys] in Limit_Switch_L1-4
2025-09-20 21:17:48,092 INFO  ExportHelperExtension.cs: 1131 - Retrieving features of type [CoordSys] from GC24010_008-1
2025-09-20 21:17:48,092 INFO  ExportHelperExtension.cs: 1142 - Found 18 in GC24010_008-1
2025-09-20 21:17:48,092 INFO  ExportHelperExtension.cs: 1152 - Found 0 features of type [CoordSys] in GC24010_008-1
2025-09-20 21:17:48,107 INFO  ExportHelperExtension.cs: 1131 - Retrieving features of type [RefAxis] from 5-dof_robotic_arm_ver-2.1.1.SLDASM
2025-09-20 21:17:48,107 INFO  ExportHelperExtension.cs: 1142 - Found 267 in 5-dof_robotic_arm_ver-2.1.1.SLDASM
2025-09-20 21:17:48,123 INFO  ExportHelperExtension.cs: 1152 - Found 7 features of type [RefAxis] in 5-dof_robotic_arm_ver-2.1.1.SLDASM
2025-09-20 21:17:48,123 INFO  ExportHelperExtension.cs: 1155 - Proceeding through assembly components
2025-09-20 21:17:48,123 INFO  ExportHelperExtension.cs: 1167 - 60 components to check
2025-09-20 21:17:48,123 INFO  ExportHelperExtension.cs: 1131 - Retrieving features of type [RefAxis] from 35Kg_Servo horn-3
2025-09-20 21:17:48,123 INFO  ExportHelperExtension.cs: 1142 - Found 20 in 35Kg_Servo horn-3
2025-09-20 21:17:48,123 INFO  ExportHelperExtension.cs: 1152 - Found 0 features of type [RefAxis] in 35Kg_Servo horn-3
2025-09-20 21:17:48,123 INFO  ExportHelperExtension.cs: 1131 - Retrieving features of type [RefAxis] from 35Kg_Servo horn-4
2025-09-20 21:17:48,123 INFO  ExportHelperExtension.cs: 1142 - Found 20 in 35Kg_Servo horn-4
2025-09-20 21:17:48,123 INFO  ExportHelperExtension.cs: 1152 - Found 0 features of type [RefAxis] in 35Kg_Servo horn-4
2025-09-20 21:17:48,139 INFO  ExportHelperExtension.cs: 1131 - Retrieving features of type [RefAxis] from Bass servo link3new-1
2025-09-20 21:17:48,139 INFO  ExportHelperExtension.cs: 1142 - Found 20 in Bass servo link3new-1
2025-09-20 21:17:48,139 INFO  ExportHelperExtension.cs: 1152 - Found 0 features of type [RefAxis] in Bass servo link3new-1
2025-09-20 21:17:48,139 INFO  ExportHelperExtension.cs: 1131 - Retrieving features of type [RefAxis] from Servo20NEW-1
2025-09-20 21:17:48,139 INFO  ExportHelperExtension.cs: 1142 - Found 20 in Servo20NEW-1
2025-09-20 21:17:48,139 INFO  ExportHelperExtension.cs: 1152 - Found 0 features of type [RefAxis] in Servo20NEW-1
2025-09-20 21:17:48,139 INFO  ExportHelperExtension.cs: 1131 - Retrieving features of type [RefAxis] from link 3.SLDPRT3_1-1
2025-09-20 21:17:48,139 INFO  ExportHelperExtension.cs: 1142 - Found 22 in link 3.SLDPRT3_1-1
2025-09-20 21:17:48,154 INFO  ExportHelperExtension.cs: 1152 - Found 0 features of type [RefAxis] in link 3.SLDPRT3_1-1
2025-09-20 21:17:48,154 INFO  ExportHelperExtension.cs: 1131 - Retrieving features of type [RefAxis] from Servo20NEW-2
2025-09-20 21:17:48,154 INFO  ExportHelperExtension.cs: 1142 - Found 20 in Servo20NEW-2
2025-09-20 21:17:48,154 INFO  ExportHelperExtension.cs: 1152 - Found 0 features of type [RefAxis] in Servo20NEW-2
2025-09-20 21:17:48,154 INFO  ExportHelperExtension.cs: 1131 - Retrieving features of type [RefAxis] from BEARING-1
2025-09-20 21:17:48,154 INFO  ExportHelperExtension.cs: 1142 - Found 28 in BEARING-1
2025-09-20 21:17:48,154 INFO  ExportHelperExtension.cs: 1152 - Found 0 features of type [RefAxis] in BEARING-1
2025-09-20 21:17:48,154 INFO  ExportHelperExtension.cs: 1131 - Retrieving features of type [RefAxis] from link 3.SLDPRTold1-2
2025-09-20 21:17:48,170 INFO  ExportHelperExtension.cs: 1142 - Found 22 in link 3.SLDPRTold1-2
2025-09-20 21:17:48,170 INFO  ExportHelperExtension.cs: 1152 - Found 0 features of type [RefAxis] in link 3.SLDPRTold1-2
2025-09-20 21:17:48,170 INFO  ExportHelperExtension.cs: 1131 - Retrieving features of type [RefAxis] from Base (2)-1
2025-09-20 21:17:48,170 INFO  ExportHelperExtension.cs: 1142 - Found 20 in Base (2)-1
2025-09-20 21:17:48,170 INFO  ExportHelperExtension.cs: 1152 - Found 0 features of type [RefAxis] in Base (2)-1
2025-09-20 21:17:48,170 INFO  ExportHelperExtension.cs: 1131 - Retrieving features of type [RefAxis] from Servo 35 holder-2
2025-09-20 21:17:48,170 INFO  ExportHelperExtension.cs: 1142 - Found 20 in Servo 35 holder-2
2025-09-20 21:17:48,170 INFO  ExportHelperExtension.cs: 1152 - Found 0 features of type [RefAxis] in Servo 35 holder-2
2025-09-20 21:17:48,185 INFO  ExportHelperExtension.cs: 1131 - Retrieving features of type [RefAxis] from bearing axe-1
2025-09-20 21:17:48,185 INFO  ExportHelperExtension.cs: 1142 - Found 20 in bearing axe-1
2025-09-20 21:17:48,185 INFO  ExportHelperExtension.cs: 1152 - Found 0 features of type [RefAxis] in bearing axe-1
2025-09-20 21:17:48,185 INFO  ExportHelperExtension.cs: 1131 - Retrieving features of type [RefAxis] from Base servo Holder-1
2025-09-20 21:17:48,185 INFO  ExportHelperExtension.cs: 1142 - Found 20 in Base servo Holder-1
2025-09-20 21:17:48,185 INFO  ExportHelperExtension.cs: 1152 - Found 0 features of type [RefAxis] in Base servo Holder-1
2025-09-20 21:17:48,185 INFO  ExportHelperExtension.cs: 1131 - Retrieving features of type [RefAxis] from Servo 35 holder-1
2025-09-20 21:17:48,201 INFO  ExportHelperExtension.cs: 1142 - Found 20 in Servo 35 holder-1
2025-09-20 21:17:48,201 INFO  ExportHelperExtension.cs: 1152 - Found 0 features of type [RefAxis] in Servo 35 holder-1
2025-09-20 21:17:48,201 INFO  ExportHelperExtension.cs: 1131 - Retrieving features of type [RefAxis] from Servo 35KG-1
2025-09-20 21:17:48,201 INFO  ExportHelperExtension.cs: 1142 - Found 20 in Servo 35KG-1
2025-09-20 21:17:48,201 INFO  ExportHelperExtension.cs: 1152 - Found 0 features of type [RefAxis] in Servo 35KG-1
2025-09-20 21:17:48,201 INFO  ExportHelperExtension.cs: 1131 - Retrieving features of type [RefAxis] from bearing holder-1
2025-09-20 21:17:48,201 INFO  ExportHelperExtension.cs: 1142 - Found 20 in bearing holder-1
2025-09-20 21:17:48,217 INFO  ExportHelperExtension.cs: 1152 - Found 0 features of type [RefAxis] in bearing holder-1
2025-09-20 21:17:48,217 INFO  ExportHelperExtension.cs: 1131 - Retrieving features of type [RefAxis] from bearing holder-2
2025-09-20 21:17:48,217 INFO  ExportHelperExtension.cs: 1142 - Found 20 in bearing holder-2
2025-09-20 21:17:48,217 INFO  ExportHelperExtension.cs: 1152 - Found 0 features of type [RefAxis] in bearing holder-2
2025-09-20 21:17:48,264 INFO  ExportHelperExtension.cs: 1131 - Retrieving features of type [RefAxis] from bearing axe-2
2025-09-20 21:17:48,279 INFO  ExportHelperExtension.cs: 1142 - Found 20 in bearing axe-2
2025-09-20 21:17:48,279 INFO  ExportHelperExtension.cs: 1152 - Found 0 features of type [RefAxis] in bearing axe-2
2025-09-20 21:17:48,279 INFO  ExportHelperExtension.cs: 1131 - Retrieving features of type [RefAxis] from BEARING-2
2025-09-20 21:17:48,279 INFO  ExportHelperExtension.cs: 1142 - Found 28 in BEARING-2
2025-09-20 21:17:48,279 INFO  ExportHelperExtension.cs: 1152 - Found 0 features of type [RefAxis] in BEARING-2
2025-09-20 21:17:48,279 INFO  ExportHelperExtension.cs: 1131 - Retrieving features of type [RefAxis] from link1-1_1NEW-1
2025-09-20 21:17:48,279 INFO  ExportHelperExtension.cs: 1142 - Found 20 in link1-1_1NEW-1
2025-09-20 21:17:48,279 INFO  ExportHelperExtension.cs: 1152 - Found 0 features of type [RefAxis] in link1-1_1NEW-1
2025-09-20 21:17:48,295 INFO  ExportHelperExtension.cs: 1131 - Retrieving features of type [RefAxis] from Base servo Holder-3
2025-09-20 21:17:48,295 INFO  ExportHelperExtension.cs: 1142 - Found 20 in Base servo Holder-3
2025-09-20 21:17:48,295 INFO  ExportHelperExtension.cs: 1152 - Found 0 features of type [RefAxis] in Base servo Holder-3
2025-09-20 21:17:48,295 INFO  ExportHelperExtension.cs: 1131 - Retrieving features of type [RefAxis] from link 3.SLDPRTold1-1
2025-09-20 21:17:48,295 INFO  ExportHelperExtension.cs: 1142 - Found 22 in link 3.SLDPRTold1-1
2025-09-20 21:17:48,295 INFO  ExportHelperExtension.cs: 1152 - Found 0 features of type [RefAxis] in link 3.SLDPRTold1-1
2025-09-20 21:17:48,295 INFO  ExportHelperExtension.cs: 1131 - Retrieving features of type [RefAxis] from 35Kg_Servo horn-2
2025-09-20 21:17:48,295 INFO  ExportHelperExtension.cs: 1142 - Found 20 in 35Kg_Servo horn-2
2025-09-20 21:17:48,310 INFO  ExportHelperExtension.cs: 1152 - Found 0 features of type [RefAxis] in 35Kg_Servo horn-2
2025-09-20 21:17:48,310 INFO  ExportHelperExtension.cs: 1131 - Retrieving features of type [RefAxis] from link 3.SLDPRT3_1NEW-1
2025-09-20 21:17:48,310 INFO  ExportHelperExtension.cs: 1142 - Found 23 in link 3.SLDPRT3_1NEW-1
2025-09-20 21:17:48,310 INFO  ExportHelperExtension.cs: 1152 - Found 0 features of type [RefAxis] in link 3.SLDPRT3_1NEW-1
2025-09-20 21:17:48,310 INFO  ExportHelperExtension.cs: 1131 - Retrieving features of type [RefAxis] from Base Mount.ipt-1
2025-09-20 21:17:48,310 INFO  ExportHelperExtension.cs: 1142 - Found 22 in Base Mount.ipt-1
2025-09-20 21:17:48,310 INFO  ExportHelperExtension.cs: 1152 - Found 0 features of type [RefAxis] in Base Mount.ipt-1
2025-09-20 21:17:48,310 INFO  ExportHelperExtension.cs: 1131 - Retrieving features of type [RefAxis] from Part9^5-dof_robotic_arm_ver-2.1.1-1
2025-09-20 21:17:48,310 INFO  ExportHelperExtension.cs: 1142 - Found 23 in Part9^5-dof_robotic_arm_ver-2.1.1-1
2025-09-20 21:17:48,326 INFO  ExportHelperExtension.cs: 1152 - Found 0 features of type [RefAxis] in Part9^5-dof_robotic_arm_ver-2.1.1-1
2025-09-20 21:17:48,326 INFO  ExportHelperExtension.cs: 1131 - Retrieving features of type [RefAxis] from Part7^5-dof_robotic_arm_ver-2.1.1-1
2025-09-20 21:17:48,326 INFO  ExportHelperExtension.cs: 1142 - Found 23 in Part7^5-dof_robotic_arm_ver-2.1.1-1
2025-09-20 21:17:48,326 INFO  ExportHelperExtension.cs: 1152 - Found 0 features of type [RefAxis] in Part7^5-dof_robotic_arm_ver-2.1.1-1
2025-09-20 21:17:48,326 INFO  ExportHelperExtension.cs: 1131 - Retrieving features of type [RefAxis] from MirrorPart9^5-dof_robotic_arm_ver-2.1.1-2
2025-09-20 21:17:48,326 INFO  ExportHelperExtension.cs: 1142 - Found 28 in MirrorPart9^5-dof_robotic_arm_ver-2.1.1-2
2025-09-20 21:17:48,326 INFO  ExportHelperExtension.cs: 1152 - Found 0 features of type [RefAxis] in MirrorPart9^5-dof_robotic_arm_ver-2.1.1-2
2025-09-20 21:17:48,326 INFO  ExportHelperExtension.cs: 1131 - Retrieving features of type [RefAxis] from Part8^5-dof_robotic_arm_ver-2.1.1-1
2025-09-20 21:17:48,342 INFO  ExportHelperExtension.cs: 1142 - Found 23 in Part8^5-dof_robotic_arm_ver-2.1.1-1
2025-09-20 21:17:48,342 INFO  ExportHelperExtension.cs: 1152 - Found 0 features of type [RefAxis] in Part8^5-dof_robotic_arm_ver-2.1.1-1
2025-09-20 21:17:48,342 INFO  ExportHelperExtension.cs: 1131 - Retrieving features of type [RefAxis] from Part4^5-dof_robotic_arm_ver-2.1.1-1
2025-09-20 21:17:48,342 INFO  ExportHelperExtension.cs: 1142 - Found 19 in Part4^5-dof_robotic_arm_ver-2.1.1-1
2025-09-20 21:17:48,342 INFO  ExportHelperExtension.cs: 1152 - Found 0 features of type [RefAxis] in Part4^5-dof_robotic_arm_ver-2.1.1-1
2025-09-20 21:17:48,342 INFO  ExportHelperExtension.cs: 1131 - Retrieving features of type [RefAxis] from Part6^5-dof_robotic_arm_ver-2.1.1-2
2025-09-20 21:17:48,357 INFO  ExportHelperExtension.cs: 1142 - Found 23 in Part6^5-dof_robotic_arm_ver-2.1.1-2
2025-09-20 21:17:48,357 INFO  ExportHelperExtension.cs: 1152 - Found 0 features of type [RefAxis] in Part6^5-dof_robotic_arm_ver-2.1.1-2
2025-09-20 21:17:48,357 INFO  ExportHelperExtension.cs: 1131 - Retrieving features of type [RefAxis] from MirrorPart8^5-dof_robotic_arm_ver-2.1.1-5
2025-09-20 21:17:48,357 INFO  ExportHelperExtension.cs: 1142 - Found 28 in MirrorPart8^5-dof_robotic_arm_ver-2.1.1-5
2025-09-20 21:17:48,357 INFO  ExportHelperExtension.cs: 1152 - Found 0 features of type [RefAxis] in MirrorPart8^5-dof_robotic_arm_ver-2.1.1-5
2025-09-20 21:17:48,357 INFO  ExportHelperExtension.cs: 1131 - Retrieving features of type [RefAxis] from MirrorPart7^5-dof_robotic_arm_ver-2.1.1-3
2025-09-20 21:17:48,357 INFO  ExportHelperExtension.cs: 1142 - Found 28 in MirrorPart7^5-dof_robotic_arm_ver-2.1.1-3
2025-09-20 21:17:48,357 INFO  ExportHelperExtension.cs: 1152 - Found 0 features of type [RefAxis] in MirrorPart7^5-dof_robotic_arm_ver-2.1.1-3
2025-09-20 21:17:48,373 INFO  ExportHelperExtension.cs: 1131 - Retrieving features of type [RefAxis] from Part6^5-dof_robotic_arm_ver-2.1.1-1
2025-09-20 21:17:48,373 INFO  ExportHelperExtension.cs: 1142 - Found 23 in Part6^5-dof_robotic_arm_ver-2.1.1-1
2025-09-20 21:17:48,373 INFO  ExportHelperExtension.cs: 1152 - Found 0 features of type [RefAxis] in Part6^5-dof_robotic_arm_ver-2.1.1-1
2025-09-20 21:17:48,373 INFO  ExportHelperExtension.cs: 1131 - Retrieving features of type [RefAxis] from 35Kg_Servo horn-5
2025-09-20 21:17:48,373 INFO  ExportHelperExtension.cs: 1142 - Found 20 in 35Kg_Servo horn-5
2025-09-20 21:17:48,373 INFO  ExportHelperExtension.cs: 1152 - Found 0 features of type [RefAxis] in 35Kg_Servo horn-5
2025-09-20 21:17:48,373 INFO  ExportHelperExtension.cs: 1131 - Retrieving features of type [RefAxis] from Limit_Switch_L1-5
2025-09-20 21:17:48,373 INFO  ExportHelperExtension.cs: 1142 - Found 21 in Limit_Switch_L1-5
2025-09-20 21:17:48,389 INFO  ExportHelperExtension.cs: 1152 - Found 0 features of type [RefAxis] in Limit_Switch_L1-5
2025-09-20 21:17:48,389 INFO  ExportHelperExtension.cs: 1131 - Retrieving features of type [RefAxis] from Limit_Switch_L1-6
2025-09-20 21:17:48,389 INFO  ExportHelperExtension.cs: 1142 - Found 21 in Limit_Switch_L1-6
2025-09-20 21:17:48,389 INFO  ExportHelperExtension.cs: 1152 - Found 0 features of type [RefAxis] in Limit_Switch_L1-6
2025-09-20 21:17:48,389 INFO  ExportHelperExtension.cs: 1131 - Retrieving features of type [RefAxis] from Limit_Switch_L1-9
2025-09-20 21:17:48,389 INFO  ExportHelperExtension.cs: 1142 - Found 21 in Limit_Switch_L1-9
2025-09-20 21:17:48,389 INFO  ExportHelperExtension.cs: 1152 - Found 0 features of type [RefAxis] in Limit_Switch_L1-9
2025-09-20 21:17:48,389 INFO  ExportHelperExtension.cs: 1131 - Retrieving features of type [RefAxis] from Part3^5-dof_robotic_arm_ver-2.1.1-1
2025-09-20 21:17:48,389 INFO  ExportHelperExtension.cs: 1142 - Found 19 in Part3^5-dof_robotic_arm_ver-2.1.1-1
2025-09-20 21:17:48,404 INFO  ExportHelperExtension.cs: 1152 - Found 0 features of type [RefAxis] in Part3^5-dof_robotic_arm_ver-2.1.1-1
2025-09-20 21:17:48,404 INFO  ExportHelperExtension.cs: 1131 - Retrieving features of type [RefAxis] from sevor holder mine -1
2025-09-20 21:17:48,404 INFO  ExportHelperExtension.cs: 1142 - Found 21 in sevor holder mine -1
2025-09-20 21:17:48,404 INFO  ExportHelperExtension.cs: 1152 - Found 0 features of type [RefAxis] in sevor holder mine -1
2025-09-20 21:17:48,404 INFO  ExportHelperExtension.cs: 1131 - Retrieving features of type [RefAxis] from 35Kg_Servo horn-6
2025-09-20 21:17:48,404 INFO  ExportHelperExtension.cs: 1142 - Found 20 in 35Kg_Servo horn-6
2025-09-20 21:17:48,404 INFO  ExportHelperExtension.cs: 1152 - Found 0 features of type [RefAxis] in 35Kg_Servo horn-6
2025-09-20 21:17:48,404 INFO  ExportHelperExtension.cs: 1131 - Retrieving features of type [RefAxis] from Arduino Mega ATmega 2560-1
2025-09-20 21:17:48,420 INFO  ExportHelperExtension.cs: 1142 - Found 1190 in Arduino Mega ATmega 2560-1
2025-09-20 21:17:48,435 INFO  ExportHelperExtension.cs: 1152 - Found 0 features of type [RefAxis] in Arduino Mega ATmega 2560-1
2025-09-20 21:17:48,435 INFO  ExportHelperExtension.cs: 1131 - Retrieving features of type [RefAxis] from Limit_Switch_L1-1
2025-09-20 21:17:48,435 INFO  ExportHelperExtension.cs: 1142 - Found 21 in Limit_Switch_L1-1
2025-09-20 21:17:48,451 INFO  ExportHelperExtension.cs: 1152 - Found 0 features of type [RefAxis] in Limit_Switch_L1-1
2025-09-20 21:17:48,451 INFO  ExportHelperExtension.cs: 1131 - Retrieving features of type [RefAxis] from Limit_Switch_L1-8
2025-09-20 21:17:48,451 INFO  ExportHelperExtension.cs: 1142 - Found 21 in Limit_Switch_L1-8
2025-09-20 21:17:48,451 INFO  ExportHelperExtension.cs: 1152 - Found 0 features of type [RefAxis] in Limit_Switch_L1-8
2025-09-20 21:17:48,451 INFO  ExportHelperExtension.cs: 1131 - Retrieving features of type [RefAxis] from Assem14-1
2025-09-20 21:17:48,451 INFO  ExportHelperExtension.cs: 1142 - Found 34 in Assem14-1
2025-09-20 21:17:48,451 INFO  ExportHelperExtension.cs: 1152 - Found 0 features of type [RefAxis] in Assem14-1
2025-09-20 21:17:48,451 INFO  ExportHelperExtension.cs: 1131 - Retrieving features of type [RefAxis] from Part11^5-dof_robotic_arm_ver-2.1.1-1
2025-09-20 21:17:48,467 INFO  ExportHelperExtension.cs: 1142 - Found 31 in Part11^5-dof_robotic_arm_ver-2.1.1-1
2025-09-20 21:17:48,467 INFO  ExportHelperExtension.cs: 1152 - Found 0 features of type [RefAxis] in Part11^5-dof_robotic_arm_ver-2.1.1-1
2025-09-20 21:17:48,467 INFO  ExportHelperExtension.cs: 1131 - Retrieving features of type [RefAxis] from Limit_Switch_L1-7
2025-09-20 21:17:48,467 INFO  ExportHelperExtension.cs: 1142 - Found 21 in Limit_Switch_L1-7
2025-09-20 21:17:48,467 INFO  ExportHelperExtension.cs: 1152 - Found 0 features of type [RefAxis] in Limit_Switch_L1-7
2025-09-20 21:17:48,467 INFO  ExportHelperExtension.cs: 1131 - Retrieving features of type [RefAxis] from LCD_MSP2807_fusion-1
2025-09-20 21:17:48,482 INFO  ExportHelperExtension.cs: 1142 - Found 319 in LCD_MSP2807_fusion-1
2025-09-20 21:17:48,482 INFO  ExportHelperExtension.cs: 1152 - Found 0 features of type [RefAxis] in LCD_MSP2807_fusion-1
2025-09-20 21:17:48,482 INFO  ExportHelperExtension.cs: 1131 - Retrieving features of type [RefAxis] from IRsensors-1
2025-09-20 21:17:48,498 INFO  ExportHelperExtension.cs: 1142 - Found 80 in IRsensors-1
2025-09-20 21:17:48,498 INFO  ExportHelperExtension.cs: 1152 - Found 0 features of type [RefAxis] in IRsensors-1
2025-09-20 21:17:48,498 INFO  ExportHelperExtension.cs: 1131 - Retrieving features of type [RefAxis] from Limit_Switch_L1-3
2025-09-20 21:17:48,498 INFO  ExportHelperExtension.cs: 1142 - Found 21 in Limit_Switch_L1-3
2025-09-20 21:17:48,498 INFO  ExportHelperExtension.cs: 1152 - Found 0 features of type [RefAxis] in Limit_Switch_L1-3
2025-09-20 21:17:48,498 INFO  ExportHelperExtension.cs: 1131 - Retrieving features of type [RefAxis] from Assem3-1
2025-09-20 21:17:48,498 INFO  ExportHelperExtension.cs: 1142 - Found 19 in Assem3-1
2025-09-20 21:17:48,514 INFO  ExportHelperExtension.cs: 1152 - Found 0 features of type [RefAxis] in Assem3-1
2025-09-20 21:17:48,514 INFO  ExportHelperExtension.cs: 1131 - Retrieving features of type [RefAxis] from lik2_2-1
2025-09-20 21:17:48,514 INFO  ExportHelperExtension.cs: 1142 - Found 21 in lik2_2-1
2025-09-20 21:17:48,514 INFO  ExportHelperExtension.cs: 1152 - Found 0 features of type [RefAxis] in lik2_2-1
2025-09-20 21:17:48,514 INFO  ExportHelperExtension.cs: 1131 - Retrieving features of type [RefAxis] from GRIPPER HOLDER  -1
2025-09-20 21:17:48,514 INFO  ExportHelperExtension.cs: 1142 - Found 23 in GRIPPER HOLDER  -1
2025-09-20 21:17:48,514 INFO  ExportHelperExtension.cs: 1152 - Found 0 features of type [RefAxis] in GRIPPER HOLDER  -1
2025-09-20 21:17:48,514 INFO  ExportHelperExtension.cs: 1131 - Retrieving features of type [RefAxis] from Servo 35KG-2
2025-09-20 21:17:48,529 INFO  ExportHelperExtension.cs: 1142 - Found 20 in Servo 35KG-2
2025-09-20 21:17:48,545 INFO  ExportHelperExtension.cs: 1152 - Found 0 features of type [RefAxis] in Servo 35KG-2
2025-09-20 21:17:48,545 INFO  ExportHelperExtension.cs: 1131 - Retrieving features of type [RefAxis] from Part2^5-dof_robotic_arm_ver-2.1.1-1
2025-09-20 21:17:48,560 INFO  ExportHelperExtension.cs: 1142 - Found 23 in Part2^5-dof_robotic_arm_ver-2.1.1-1
2025-09-20 21:17:48,560 INFO  ExportHelperExtension.cs: 1152 - Found 0 features of type [RefAxis] in Part2^5-dof_robotic_arm_ver-2.1.1-1
2025-09-20 21:17:48,560 INFO  ExportHelperExtension.cs: 1131 - Retrieving features of type [RefAxis] from Servo 10-1
2025-09-20 21:17:48,560 INFO  ExportHelperExtension.cs: 1142 - Found 20 in Servo 10-1
2025-09-20 21:17:48,560 INFO  ExportHelperExtension.cs: 1152 - Found 0 features of type [RefAxis] in Servo 10-1
2025-09-20 21:17:48,560 INFO  ExportHelperExtension.cs: 1131 - Retrieving features of type [RefAxis] from Part1-1
2025-09-20 21:17:48,560 INFO  ExportHelperExtension.cs: 1142 - Found 19 in Part1-1
2025-09-20 21:17:48,560 INFO  ExportHelperExtension.cs: 1152 - Found 0 features of type [RefAxis] in Part1-1
2025-09-20 21:17:48,576 INFO  ExportHelperExtension.cs: 1131 - Retrieving features of type [RefAxis] from link4new-1
2025-09-20 21:17:48,576 INFO  ExportHelperExtension.cs: 1142 - Found 25 in link4new-1
2025-09-20 21:17:48,576 INFO  ExportHelperExtension.cs: 1152 - Found 0 features of type [RefAxis] in link4new-1
2025-09-20 21:17:48,576 INFO  ExportHelperExtension.cs: 1131 - Retrieving features of type [RefAxis] from Servo 10-2
2025-09-20 21:17:48,576 INFO  ExportHelperExtension.cs: 1142 - Found 20 in Servo 10-2
2025-09-20 21:17:48,576 INFO  ExportHelperExtension.cs: 1152 - Found 0 features of type [RefAxis] in Servo 10-2
2025-09-20 21:17:48,576 INFO  ExportHelperExtension.cs: 1131 - Retrieving features of type [RefAxis] from Limit_Switch_L1-4
2025-09-20 21:17:48,576 INFO  ExportHelperExtension.cs: 1142 - Found 21 in Limit_Switch_L1-4
2025-09-20 21:17:48,592 INFO  ExportHelperExtension.cs: 1152 - Found 0 features of type [RefAxis] in Limit_Switch_L1-4
2025-09-20 21:17:48,592 INFO  ExportHelperExtension.cs: 1131 - Retrieving features of type [RefAxis] from GC24010_008-1
2025-09-20 21:17:48,592 INFO  ExportHelperExtension.cs: 1142 - Found 18 in GC24010_008-1
2025-09-20 21:17:48,592 INFO  ExportHelperExtension.cs: 1152 - Found 0 features of type [RefAxis] in GC24010_008-1
2025-09-20 21:17:49,107 INFO  ExportPropertyManager.cs: 1184 - AfterClose called. This method no longer throws an Exception. It just silently does nothing. Ok, except for this logging message
2025-09-20 21:23:30,434 INFO  AssemblyExportForm.cs: 254 - Completing URDF export
2025-09-20 21:23:30,544 INFO  Serialization.cs: 275 - URDF Configuration found
<Link z:Id="i1" xmlns="http://schemas.datacontract.org/2004/07/SW2URDF" xmlns:i="http://www.w3.org/2001/XMLSchema-instance" xmlns:z="http://schemas.microsoft.com/2003/10/Serialization/"><Attributes><Attribute z:Id="i2"><AttributeType>name</AttributeType><IsRequired>true</IsRequired><Value i:type="a:string" xmlns:a="http://www.w3.org/2001/XMLSchema">base_link</Value></Attribute></Attributes><ChildElements><URDFElement z:Id="i3" i:type="Inertial"><Attributes/><ChildElements><URDFElement z:Id="i4" i:type="Origin"><Attributes><Attribute z:Id="i5"><AttributeType>xyz</AttributeType><IsRequired>true</IsRequired><Value i:type="a:ArrayOfdouble" xmlns:a="http://schemas.microsoft.com/2003/10/Serialization/Arrays"><a:double>2.8575E-05</a:double><a:double>-0.0071672</a:double><a:double>0.099991</a:double></Value></Attribute><Attribute z:Id="i6"><AttributeType>rpy</AttributeType><IsRequired>true</IsRequired><Value i:type="a:ArrayOfdouble" xmlns:a="http://schemas.microsoft.com/2003/10/Serialization/Arrays"><a:double>0</a:double><a:double>0</a:double><a:double>0</a:double></Value></Attribute></Attributes><ChildElements/><ElementName>origin</ElementName><required>false</required><RPYAttribute z:Ref="i6"/><XYZAttribute z:Ref="i5"/><isCustomized>false</isCustomized></URDFElement><URDFElement z:Id="i7" i:type="Mass"><Attributes><Attribute z:Id="i8"><AttributeType>value</AttributeType><IsRequired>true</IsRequired><Value i:type="a:double" xmlns:a="http://www.w3.org/2001/XMLSchema">1.14</Value></Attribute></Attributes><ChildElements/><ElementName>mass</ElementName><required>false</required><ValueAttribute z:Ref="i8"/></URDFElement><URDFElement z:Id="i9" i:type="Inertia"><Attributes><Attribute z:Id="i10"><AttributeType>ixx</AttributeType><IsRequired>true</IsRequired><Value i:type="a:double" xmlns:a="http://www.w3.org/2001/XMLSchema">0.0051248</Value></Attribute><Attribute z:Id="i11"><AttributeType>ixy</AttributeType><IsRequired>true</IsRequired><Value i:type="a:double" xmlns:a="http://www.w3.org/2001/XMLSchema">-1.3213E-06</Value></Attribute><Attribute z:Id="i12"><AttributeType>ixz</AttributeType><IsRequired>true</IsRequired><Value i:type="a:double" xmlns:a="http://www.w3.org/2001/XMLSchema">-1.6052E-06</Value></Attribute><Attribute z:Id="i13"><AttributeType>iyy</AttributeType><IsRequired>true</IsRequired><Value i:type="a:double" xmlns:a="http://www.w3.org/2001/XMLSchema">0.0053143</Value></Attribute><Attribute z:Id="i14"><AttributeType>iyz</AttributeType><IsRequired>true</IsRequired><Value i:type="a:double" xmlns:a="http://www.w3.org/2001/XMLSchema">-9.3742E-05</Value></Attribute><Attribute z:Id="i15"><AttributeType>izz</AttributeType><IsRequired>true</IsRequired><Value i:type="a:double" xmlns:a="http://www.w3.org/2001/XMLSchema">0.0060318</Value></Attribute></Attributes><ChildElements/><ElementName>inertia</ElementName><required>false</required><IxxAttribute z:Ref="i10"/><IxyAttribute z:Ref="i11"/><IxzAttribute z:Ref="i12"/><IyyAttribute z:Ref="i13"/><IyzAttribute z:Ref="i14"/><IzzAttribute z:Ref="i15"/></URDFElement></ChildElements><ElementName>inertial</ElementName><required>false</required><Inertia z:Ref="i9"/><Mass z:Ref="i7"/><Origin z:Ref="i4"/></URDFElement><URDFElement z:Id="i16" i:type="Visual"><Attributes/><ChildElements><URDFElement z:Id="i17" i:type="Origin"><Attributes><Attribute z:Id="i18"><AttributeType>xyz</AttributeType><IsRequired>true</IsRequired><Value i:type="a:ArrayOfdouble" xmlns:a="http://schemas.microsoft.com/2003/10/Serialization/Arrays"><a:double>0</a:double><a:double>0</a:double><a:double>0</a:double></Value></Attribute><Attribute z:Id="i19"><AttributeType>rpy</AttributeType><IsRequired>true</IsRequired><Value i:type="a:ArrayOfdouble" xmlns:a="http://schemas.microsoft.com/2003/10/Serialization/Arrays"><a:double>0</a:double><a:double>0</a:double><a:double>0</a:double></Value></Attribute></Attributes><ChildElements/><ElementName>origin</ElementName><required>false</required><RPYAttribute z:Ref="i19"/><XYZAttribute z:Ref="i18"/><isCustomized>false</isCustomized></URDFElement><URDFElement z:Id="i20" i:type="Geometry"><Attributes/><ChildElements><URDFElement z:Id="i21" i:type="Mesh"><Attributes><Attribute z:Id="i22"><AttributeType>filename</AttributeType><IsRequired>true</IsRequired><Value i:nil="true"/></Attribute></Attributes><ChildElements/><ElementName>mesh</ElementName><required>false</required><FilenameAttribute z:Ref="i22"/></URDFElement></ChildElements><ElementName>geometry</ElementName><required>true</required><Mesh z:Ref="i21"/></URDFElement><URDFElement z:Id="i23" i:type="Material"><Attributes><Attribute z:Id="i24"><AttributeType>name</AttributeType><IsRequired>true</IsRequired><Value i:type="a:string" xmlns:a="http://www.w3.org/2001/XMLSchema"/></Attribute></Attributes><ChildElements><URDFElement z:Id="i25" i:type="Color"><Attributes><Attribute z:Id="i26"><AttributeType>rgba</AttributeType><IsRequired>true</IsRequired><Value i:type="a:ArrayOfdouble" xmlns:a="http://schemas.microsoft.com/2003/10/Serialization/Arrays"><a:double>0.10196</a:double><a:double>0.10196</a:double><a:double>0.10196</a:double><a:double>1</a:double></Value></Attribute></Attributes><ChildElements/><ElementName>color</ElementName><required>false</required><RGBAAttribute z:Ref="i26"/></URDFElement><URDFElement z:Id="i27" i:type="Texture"><Attributes><Attribute z:Id="i28"><AttributeType>filename</AttributeType><IsRequired>true</IsRequired><Value i:nil="true"/></Attribute></Attributes><ChildElements/><ElementName>texture</ElementName><required>false</required><FilenameAttribute z:Ref="i28"/><wFilename/></URDFElement></ChildElements><ElementName>material</ElementName><required>false</required><Color z:Ref="i25"/><NameAttribute z:Ref="i24"/><Texture z:Ref="i27"/></URDFElement></ChildElements><ElementName>visual</ElementName><required>false</required><Geometry z:Ref="i20"/><Material z:Ref="i23"/><Origin z:Ref="i17"/></URDFElement><URDFElement z:Id="i29" i:type="Collision"><Attributes/><ChildElements><URDFElement z:Id="i30" i:type="Origin"><Attributes><Attribute z:Id="i31"><AttributeType>xyz</AttributeType><IsRequired>true</IsRequired><Value i:type="a:ArrayOfdouble" xmlns:a="http://schemas.microsoft.com/2003/10/Serialization/Arrays"><a:double>0</a:double><a:double>0</a:double><a:double>0</a:double></Value></Attribute><Attribute z:Id="i32"><AttributeType>rpy</AttributeType><IsRequired>true</IsRequired><Value i:type="a:ArrayOfdouble" xmlns:a="http://schemas.microsoft.com/2003/10/Serialization/Arrays"><a:double>0</a:double><a:double>0</a:double><a:double>0</a:double></Value></Attribute></Attributes><ChildElements/><ElementName>origin</ElementName><required>false</required><RPYAttribute z:Ref="i32"/><XYZAttribute z:Ref="i31"/><isCustomized>false</isCustomized></URDFElement><URDFElement z:Id="i33" i:type="Geometry"><Attributes/><ChildElements><URDFElement z:Id="i34" i:type="Mesh"><Attributes><Attribute z:Id="i35"><AttributeType>filename</AttributeType><IsRequired>true</IsRequired><Value i:nil="true"/></Attribute></Attributes><ChildElements/><ElementName>mesh</ElementName><required>false</required><FilenameAttribute z:Ref="i35"/></URDFElement></ChildElements><ElementName>geometry</ElementName><required>true</required><Mesh z:Ref="i34"/></URDFElement></ChildElements><ElementName>collision</ElementName><required>false</required><Geometry z:Ref="i33"/><Origin z:Ref="i30"/></URDFElement><URDFElement z:Id="i36" i:type="Joint"><Attributes><Attribute z:Id="i37"><AttributeType>name</AttributeType><IsRequired>true</IsRequired><Value i:type="a:string" xmlns:a="http://www.w3.org/2001/XMLSchema"/></Attribute><Attribute z:Id="i38"><AttributeType>type</AttributeType><IsRequired>true</IsRequired><Value i:type="a:string" xmlns:a="http://www.w3.org/2001/XMLSchema"/></Attribute></Attributes><ChildElements><URDFElement z:Id="i39" i:type="Origin"><Attributes><Attribute z:Id="i40"><AttributeType>xyz</AttributeType><IsRequired>true</IsRequired><Value i:type="a:ArrayOfdouble" xmlns:a="http://schemas.microsoft.com/2003/10/Serialization/Arrays"><a:double>0</a:double><a:double>0</a:double><a:double>0</a:double></Value></Attribute><Attribute z:Id="i41"><AttributeType>rpy</AttributeType><IsRequired>true</IsRequired><Value i:type="a:ArrayOfdouble" xmlns:a="http://schemas.microsoft.com/2003/10/Serialization/Arrays"><a:double>0</a:double><a:double>0</a:double><a:double>0</a:double></Value></Attribute></Attributes><ChildElements/><ElementName>origin</ElementName><required>false</required><RPYAttribute z:Ref="i41"/><XYZAttribute z:Ref="i40"/><isCustomized>false</isCustomized></URDFElement><URDFElement z:Id="i42" i:type="ParentLink"><Attributes><Attribute z:Id="i43"><AttributeType>link</AttributeType><IsRequired>true</IsRequired><Value i:type="a:string" xmlns:a="http://www.w3.org/2001/XMLSchema"/></Attribute></Attributes><ChildElements/><ElementName>parent</ElementName><required>true</required><NameAttribute z:Ref="i43"/></URDFElement><URDFElement z:Id="i44" i:type="ChildLink"><Attributes><Attribute z:Id="i45"><AttributeType>link</AttributeType><IsRequired>true</IsRequired><Value i:type="a:string" xmlns:a="http://www.w3.org/2001/XMLSchema"/></Attribute></Attributes><ChildElements/><ElementName>child</ElementName><required>true</required><NameAttribute z:Ref="i45"/></URDFElement><URDFElement z:Id="i46" i:type="Axis"><Attributes><Attribute z:Id="i47"><AttributeType>xyz</AttributeType><IsRequired>true</IsRequired><Value i:type="a:ArrayOfdouble" xmlns:a="http://schemas.microsoft.com/2003/10/Serialization/Arrays"><a:double>0</a:double><a:double>0</a:double><a:double>0</a:double></Value></Attribute></Attributes><ChildElements/><ElementName>axis</ElementName><required>false</required><XYZAttribute z:Ref="i47"/></URDFElement><URDFElement z:Id="i48" i:type="Limit"><Attributes><Attribute z:Id="i49"><AttributeType>lower</AttributeType><IsRequired>false</IsRequired><Value i:nil="true"/></Attribute><Attribute z:Id="i50"><AttributeType>upper</AttributeType><IsRequired>false</IsRequired><Value i:nil="true"/></Attribute><Attribute z:Id="i51"><AttributeType>effort</AttributeType><IsRequired>true</IsRequired><Value i:nil="true"/></Attribute><Attribute z:Id="i52"><AttributeType>velocity</AttributeType><IsRequired>true</IsRequired><Value i:nil="true"/></Attribute></Attributes><ChildElements/><ElementName>limit</ElementName><required>false</required><EffortAttribute z:Ref="i51"/><LowerAttribute z:Ref="i49"/><UpperAttribute z:Ref="i50"/><VelocityAttribute z:Ref="i52"/></URDFElement><URDFElement z:Id="i53" i:type="Calibration"><Attributes><Attribute z:Id="i54"><AttributeType>rising</AttributeType><IsRequired>false</IsRequired><Value i:nil="true"/></Attribute><Attribute z:Id="i55"><AttributeType>falling</AttributeType><IsRequired>false</IsRequired><Value i:nil="true"/></Attribute></Attributes><ChildElements/><ElementName>calibration</ElementName><required>false</required><FallingAttribute z:Ref="i55"/><RisingAttribute z:Ref="i54"/></URDFElement><URDFElement z:Id="i56" i:type="Dynamics"><Attributes><Attribute z:Id="i57"><AttributeType>damping</AttributeType><IsRequired>false</IsRequired><Value i:nil="true"/></Attribute><Attribute z:Id="i58"><AttributeType>friction</AttributeType><IsRequired>false</IsRequired><Value i:nil="true"/></Attribute></Attributes><ChildElements/><ElementName>dynamics</ElementName><required>false</required><DampingAttribute z:Ref="i57"/><FrictionAttribute z:Ref="i58"/></URDFElement><URDFElement z:Id="i59" i:type="SafetyController"><Attributes><Attribute z:Id="i60"><AttributeType>soft_upper</AttributeType><IsRequired>false</IsRequired><Value i:nil="true"/></Attribute><Attribute z:Id="i61"><AttributeType>soft_lower</AttributeType><IsRequired>false</IsRequired><Value i:nil="true"/></Attribute><Attribute z:Id="i62"><AttributeType>k_position</AttributeType><IsRequired>false</IsRequired><Value i:nil="true"/></Attribute><Attribute z:Id="i63"><AttributeType>k_velocity</AttributeType><IsRequired>true</IsRequired><Value i:nil="true"/></Attribute></Attributes><ChildElements/><ElementName>safety_controller</ElementName><required>false</required><KPositionAttribute z:Ref="i62"/><KVelocityAttribute z:Ref="i63"/><SoftLowerAttribute z:Ref="i61"/><SoftUpperAttribute z:Ref="i60"/></URDFElement><URDFElement z:Id="i64" i:type="Mimic"><Attributes><Attribute z:Id="i65"><AttributeType>joint</AttributeType><IsRequired>true</IsRequired><Value i:nil="true"/></Attribute><Attribute z:Id="i66"><AttributeType>multiplier</AttributeType><IsRequired>false</IsRequired><Value i:nil="true"/></Attribute><Attribute z:Id="i67"><AttributeType>offset</AttributeType><IsRequired>false</IsRequired><Value i:nil="true"/></Attribute></Attributes><ChildElements/><ElementName>mimic</ElementName><required>false</required><JointNameAttribute z:Ref="i65"/><MultiplierAttribute z:Ref="i66"/><OffsetAttribute z:Ref="i67"/></URDFElement></ChildElements><ElementName>joint</ElementName><required>false</required><Axis z:Ref="i46"/><AxisName/><Calibration z:Ref="i53"/><Child z:Ref="i44"/><CoordinateSystemName>Coordinate System40</CoordinateSystemName><Dynamics z:Ref="i56"/><Limit z:Ref="i48"/><Mimic z:Ref="i64"/><NameAttribute z:Ref="i37"/><Origin z:Ref="i39"/><Parent z:Ref="i42"/><Safety z:Ref="i59"/><TypeAttribute z:Ref="i38"/></URDFElement></ChildElements><ElementName>link</ElementName><required>true</required><Children><Link z:Id="i68"><Attributes><Attribute z:Id="i69"><AttributeType>name</AttributeType><IsRequired>true</IsRequired><Value i:type="a:string" xmlns:a="http://www.w3.org/2001/XMLSchema">link-1</Value></Attribute></Attributes><ChildElements><URDFElement z:Id="i70" i:type="Inertial"><Attributes/><ChildElements><URDFElement z:Id="i71" i:type="Origin"><Attributes><Attribute z:Id="i72"><AttributeType>xyz</AttributeType><IsRequired>true</IsRequired><Value i:type="a:ArrayOfdouble" xmlns:a="http://schemas.microsoft.com/2003/10/Serialization/Arrays"><a:double>-0.030777</a:double><a:double>-0.023999</a:double><a:double>-0.015</a:double></Value></Attribute><Attribute z:Id="i73"><AttributeType>rpy</AttributeType><IsRequired>true</IsRequired><Value i:type="a:ArrayOfdouble" xmlns:a="http://schemas.microsoft.com/2003/10/Serialization/Arrays"><a:double>0</a:double><a:double>0</a:double><a:double>0</a:double></Value></Attribute></Attributes><ChildElements/><ElementName>origin</ElementName><required>false</required><RPYAttribute z:Ref="i73"/><XYZAttribute z:Ref="i72"/><isCustomized>false</isCustomized></URDFElement><URDFElement z:Id="i74" i:type="Mass"><Attributes><Attribute z:Id="i75"><AttributeType>value</AttributeType><IsRequired>true</IsRequired><Value i:type="a:double" xmlns:a="http://www.w3.org/2001/XMLSchema">0.77736</Value></Attribute></Attributes><ChildElements/><ElementName>mass</ElementName><required>false</required><ValueAttribute z:Ref="i75"/></URDFElement><URDFElement z:Id="i76" i:type="Inertia"><Attributes><Attribute z:Id="i77"><AttributeType>ixx</AttributeType><IsRequired>true</IsRequired><Value i:type="a:double" xmlns:a="http://www.w3.org/2001/XMLSchema">0.002311</Value></Attribute><Attribute z:Id="i78"><AttributeType>ixy</AttributeType><IsRequired>true</IsRequired><Value i:type="a:double" xmlns:a="http://www.w3.org/2001/XMLSchema">-2.3219E-08</Value></Attribute><Attribute z:Id="i79"><AttributeType>ixz</AttributeType><IsRequired>true</IsRequired><Value i:type="a:double" xmlns:a="http://www.w3.org/2001/XMLSchema">-1.0062E-14</Value></Attribute><Attribute z:Id="i80"><AttributeType>iyy</AttributeType><IsRequired>true</IsRequired><Value i:type="a:double" xmlns:a="http://www.w3.org/2001/XMLSchema">0.0013623</Value></Attribute><Attribute z:Id="i81"><AttributeType>iyz</AttributeType><IsRequired>true</IsRequired><Value i:type="a:double" xmlns:a="http://www.w3.org/2001/XMLSchema">6.629E-15</Value></Attribute><Attribute z:Id="i82"><AttributeType>izz</AttributeType><IsRequired>true</IsRequired><Value i:type="a:double" xmlns:a="http://www.w3.org/2001/XMLSchema">0.0013337</Value></Attribute></Attributes><ChildElements/><ElementName>inertia</ElementName><required>false</required><IxxAttribute z:Ref="i77"/><IxyAttribute z:Ref="i78"/><IxzAttribute z:Ref="i79"/><IyyAttribute z:Ref="i80"/><IyzAttribute z:Ref="i81"/><IzzAttribute z:Ref="i82"/></URDFElement></ChildElements><ElementName>inertial</ElementName><required>false</required><Inertia z:Ref="i76"/><Mass z:Ref="i74"/><Origin z:Ref="i71"/></URDFElement><URDFElement z:Id="i83" i:type="Visual"><Attributes/><ChildElements><URDFElement z:Id="i84" i:type="Origin"><Attributes><Attribute z:Id="i85"><AttributeType>xyz</AttributeType><IsRequired>true</IsRequired><Value i:type="a:ArrayOfdouble" xmlns:a="http://schemas.microsoft.com/2003/10/Serialization/Arrays"><a:double>0</a:double><a:double>0</a:double><a:double>0</a:double></Value></Attribute><Attribute z:Id="i86"><AttributeType>rpy</AttributeType><IsRequired>true</IsRequired><Value i:type="a:ArrayOfdouble" xmlns:a="http://schemas.microsoft.com/2003/10/Serialization/Arrays"><a:double>0</a:double><a:double>0</a:double><a:double>0</a:double></Value></Attribute></Attributes><ChildElements/><ElementName>origin</ElementName><required>false</required><RPYAttribute z:Ref="i86"/><XYZAttribute z:Ref="i85"/><isCustomized>false</isCustomized></URDFElement><URDFElement z:Id="i87" i:type="Geometry"><Attributes/><ChildElements><URDFElement z:Id="i88" i:type="Mesh"><Attributes><Attribute z:Id="i89"><AttributeType>filename</AttributeType><IsRequired>true</IsRequired><Value i:nil="true"/></Attribute></Attributes><ChildElements/><ElementName>mesh</ElementName><required>false</required><FilenameAttribute z:Ref="i89"/></URDFElement></ChildElements><ElementName>geometry</ElementName><required>true</required><Mesh z:Ref="i88"/></URDFElement><URDFElement z:Id="i90" i:type="Material"><Attributes><Attribute z:Id="i91"><AttributeType>name</AttributeType><IsRequired>true</IsRequired><Value i:type="a:string" xmlns:a="http://www.w3.org/2001/XMLSchema"/></Attribute></Attributes><ChildElements><URDFElement z:Id="i92" i:type="Color"><Attributes><Attribute z:Id="i93"><AttributeType>rgba</AttributeType><IsRequired>true</IsRequired><Value i:type="a:ArrayOfdouble" xmlns:a="http://schemas.microsoft.com/2003/10/Serialization/Arrays"><a:double>0.79216</a:double><a:double>0.81961</a:double><a:double>0.93333</a:double><a:double>1</a:double></Value></Attribute></Attributes><ChildElements/><ElementName>color</ElementName><required>false</required><RGBAAttribute z:Ref="i93"/></URDFElement><URDFElement z:Id="i94" i:type="Texture"><Attributes><Attribute z:Id="i95"><AttributeType>filename</AttributeType><IsRequired>true</IsRequired><Value i:nil="true"/></Attribute></Attributes><ChildElements/><ElementName>texture</ElementName><required>false</required><FilenameAttribute z:Ref="i95"/><wFilename/></URDFElement></ChildElements><ElementName>material</ElementName><required>false</required><Color z:Ref="i92"/><NameAttribute z:Ref="i91"/><Texture z:Ref="i94"/></URDFElement></ChildElements><ElementName>visual</ElementName><required>false</required><Geometry z:Ref="i87"/><Material z:Ref="i90"/><Origin z:Ref="i84"/></URDFElement><URDFElement z:Id="i96" i:type="Collision"><Attributes/><ChildElements><URDFElement z:Id="i97" i:type="Origin"><Attributes><Attribute z:Id="i98"><AttributeType>xyz</AttributeType><IsRequired>true</IsRequired><Value i:type="a:ArrayOfdouble" xmlns:a="http://schemas.microsoft.com/2003/10/Serialization/Arrays"><a:double>0</a:double><a:double>0</a:double><a:double>0</a:double></Value></Attribute><Attribute z:Id="i99"><AttributeType>rpy</AttributeType><IsRequired>true</IsRequired><Value i:type="a:ArrayOfdouble" xmlns:a="http://schemas.microsoft.com/2003/10/Serialization/Arrays"><a:double>0</a:double><a:double>0</a:double><a:double>0</a:double></Value></Attribute></Attributes><ChildElements/><ElementName>origin</ElementName><required>false</required><RPYAttribute z:Ref="i99"/><XYZAttribute z:Ref="i98"/><isCustomized>false</isCustomized></URDFElement><URDFElement z:Id="i100" i:type="Geometry"><Attributes/><ChildElements><URDFElement z:Id="i101" i:type="Mesh"><Attributes><Attribute z:Id="i102"><AttributeType>filename</AttributeType><IsRequired>true</IsRequired><Value i:nil="true"/></Attribute></Attributes><ChildElements/><ElementName>mesh</ElementName><required>false</required><FilenameAttribute z:Ref="i102"/></URDFElement></ChildElements><ElementName>geometry</ElementName><required>true</required><Mesh z:Ref="i101"/></URDFElement></ChildElements><ElementName>collision</ElementName><required>false</required><Geometry z:Ref="i100"/><Origin z:Ref="i97"/></URDFElement><URDFElement z:Id="i103" i:type="Joint"><Attributes><Attribute z:Id="i104"><AttributeType>name</AttributeType><IsRequired>true</IsRequired><Value i:type="a:string" xmlns:a="http://www.w3.org/2001/XMLSchema">joint-1</Value></Attribute><Attribute z:Id="i105"><AttributeType>type</AttributeType><IsRequired>true</IsRequired><Value i:type="a:string" xmlns:a="http://www.w3.org/2001/XMLSchema">revolute</Value></Attribute></Attributes><ChildElements><URDFElement z:Id="i106" i:type="Origin"><Attributes><Attribute z:Id="i107"><AttributeType>xyz</AttributeType><IsRequired>true</IsRequired><Value i:type="a:ArrayOfdouble" xmlns:a="http://schemas.microsoft.com/2003/10/Serialization/Arrays"><a:double>-0.006364</a:double><a:double>-0.027577</a:double><a:double>0.22789</a:double></Value></Attribute><Attribute z:Id="i108"><AttributeType>rpy</AttributeType><IsRequired>true</IsRequired><Value i:type="a:ArrayOfdouble" xmlns:a="http://schemas.microsoft.com/2003/10/Serialization/Arrays"><a:double>0.7854</a:double><a:double>-1.5708</a:double><a:double>0</a:double></Value></Attribute></Attributes><ChildElements/><ElementName>origin</ElementName><required>false</required><RPYAttribute z:Ref="i108"/><XYZAttribute z:Ref="i107"/><isCustomized>false</isCustomized></URDFElement><URDFElement z:Id="i109" i:type="ParentLink"><Attributes><Attribute z:Id="i110"><AttributeType>link</AttributeType><IsRequired>true</IsRequired><Value i:type="a:string" xmlns:a="http://www.w3.org/2001/XMLSchema">base_link</Value></Attribute></Attributes><ChildElements/><ElementName>parent</ElementName><required>true</required><NameAttribute z:Ref="i110"/></URDFElement><URDFElement z:Id="i111" i:type="ChildLink"><Attributes><Attribute z:Id="i112"><AttributeType>link</AttributeType><IsRequired>true</IsRequired><Value i:type="a:string" xmlns:a="http://www.w3.org/2001/XMLSchema">link-1</Value></Attribute></Attributes><ChildElements/><ElementName>child</ElementName><required>true</required><NameAttribute z:Ref="i112"/></URDFElement><URDFElement z:Id="i113" i:type="Axis"><Attributes><Attribute z:Id="i114"><AttributeType>xyz</AttributeType><IsRequired>true</IsRequired><Value i:type="a:ArrayOfdouble" xmlns:a="http://schemas.microsoft.com/2003/10/Serialization/Arrays"><a:double>0</a:double><a:double>0</a:double><a:double>0</a:double></Value></Attribute></Attributes><ChildElements/><ElementName>axis</ElementName><required>false</required><XYZAttribute z:Ref="i114"/></URDFElement><URDFElement z:Id="i115" i:type="Limit"><Attributes><Attribute z:Id="i116"><AttributeType>lower</AttributeType><IsRequired>true</IsRequired><Value i:type="a:double" xmlns:a="http://www.w3.org/2001/XMLSchema">0</Value></Attribute><Attribute z:Id="i117"><AttributeType>upper</AttributeType><IsRequired>true</IsRequired><Value i:type="a:double" xmlns:a="http://www.w3.org/2001/XMLSchema">6.283</Value></Attribute><Attribute z:Id="i118"><AttributeType>effort</AttributeType><IsRequired>true</IsRequired><Value i:type="a:double" xmlns:a="http://www.w3.org/2001/XMLSchema">16.17</Value></Attribute><Attribute z:Id="i119"><AttributeType>velocity</AttributeType><IsRequired>true</IsRequired><Value i:type="a:double" xmlns:a="http://www.w3.org/2001/XMLSchema">2</Value></Attribute></Attributes><ChildElements/><ElementName>limit</ElementName><required>true</required><EffortAttribute z:Ref="i118"/><LowerAttribute z:Ref="i116"/><UpperAttribute z:Ref="i117"/><VelocityAttribute z:Ref="i119"/></URDFElement><URDFElement z:Id="i120" i:type="Calibration"><Attributes><Attribute z:Id="i121"><AttributeType>rising</AttributeType><IsRequired>false</IsRequired><Value i:nil="true"/></Attribute><Attribute z:Id="i122"><AttributeType>falling</AttributeType><IsRequired>false</IsRequired><Value i:nil="true"/></Attribute></Attributes><ChildElements/><ElementName>calibration</ElementName><required>false</required><FallingAttribute z:Ref="i122"/><RisingAttribute z:Ref="i121"/></URDFElement><URDFElement z:Id="i123" i:type="Dynamics"><Attributes><Attribute z:Id="i124"><AttributeType>damping</AttributeType><IsRequired>false</IsRequired><Value i:nil="true"/></Attribute><Attribute z:Id="i125"><AttributeType>friction</AttributeType><IsRequired>false</IsRequired><Value i:nil="true"/></Attribute></Attributes><ChildElements/><ElementName>dynamics</ElementName><required>false</required><DampingAttribute z:Ref="i124"/><FrictionAttribute z:Ref="i125"/></URDFElement><URDFElement z:Id="i126" i:type="SafetyController"><Attributes><Attribute z:Id="i127"><AttributeType>soft_upper</AttributeType><IsRequired>false</IsRequired><Value i:nil="true"/></Attribute><Attribute z:Id="i128"><AttributeType>soft_lower</AttributeType><IsRequired>false</IsRequired><Value i:nil="true"/></Attribute><Attribute z:Id="i129"><AttributeType>k_position</AttributeType><IsRequired>false</IsRequired><Value i:nil="true"/></Attribute><Attribute z:Id="i130"><AttributeType>k_velocity</AttributeType><IsRequired>true</IsRequired><Value i:nil="true"/></Attribute></Attributes><ChildElements/><ElementName>safety_controller</ElementName><required>false</required><KPositionAttribute z:Ref="i129"/><KVelocityAttribute z:Ref="i130"/><SoftLowerAttribute z:Ref="i128"/><SoftUpperAttribute z:Ref="i127"/></URDFElement><URDFElement z:Id="i131" i:type="Mimic"><Attributes><Attribute z:Id="i132"><AttributeType>joint</AttributeType><IsRequired>true</IsRequired><Value i:nil="true"/></Attribute><Attribute z:Id="i133"><AttributeType>multiplier</AttributeType><IsRequired>false</IsRequired><Value i:nil="true"/></Attribute><Attribute z:Id="i134"><AttributeType>offset</AttributeType><IsRequired>false</IsRequired><Value i:nil="true"/></Attribute></Attributes><ChildElements/><ElementName>mimic</ElementName><required>false</required><JointNameAttribute z:Ref="i132"/><MultiplierAttribute z:Ref="i133"/><OffsetAttribute z:Ref="i134"/></URDFElement></ChildElements><ElementName>joint</ElementName><required>false</required><Axis z:Ref="i113"/><AxisName>Axis21</AxisName><Calibration z:Ref="i120"/><Child z:Ref="i111"/><CoordinateSystemName>Origin_joint-12</CoordinateSystemName><Dynamics z:Ref="i123"/><Limit z:Ref="i115"/><Mimic z:Ref="i131"/><NameAttribute z:Ref="i104"/><Origin z:Ref="i106"/><Parent z:Ref="i109"/><Safety z:Ref="i126"/><TypeAttribute z:Ref="i105"/></URDFElement></ChildElements><ElementName>link</ElementName><required>true</required><Children><Link z:Id="i135"><Attributes><Attribute z:Id="i136"><AttributeType>name</AttributeType><IsRequired>true</IsRequired><Value i:type="a:string" xmlns:a="http://www.w3.org/2001/XMLSchema">link-2</Value></Attribute></Attributes><ChildElements><URDFElement z:Id="i137" i:type="Inertial"><Attributes/><ChildElements><URDFElement z:Id="i138" i:type="Origin"><Attributes><Attribute z:Id="i139"><AttributeType>xyz</AttributeType><IsRequired>true</IsRequired><Value i:type="a:ArrayOfdouble" xmlns:a="http://schemas.microsoft.com/2003/10/Serialization/Arrays"><a:double>0.019579</a:double><a:double>0.18024</a:double><a:double>-0.028579</a:double></Value></Attribute><Attribute z:Id="i140"><AttributeType>rpy</AttributeType><IsRequired>true</IsRequired><Value i:type="a:ArrayOfdouble" xmlns:a="http://schemas.microsoft.com/2003/10/Serialization/Arrays"><a:double>0</a:double><a:double>0</a:double><a:double>0</a:double></Value></Attribute></Attributes><ChildElements/><ElementName>origin</ElementName><required>false</required><RPYAttribute z:Ref="i140"/><XYZAttribute z:Ref="i139"/><isCustomized>false</isCustomized></URDFElement><URDFElement z:Id="i141" i:type="Mass"><Attributes><Attribute z:Id="i142"><AttributeType>value</AttributeType><IsRequired>true</IsRequired><Value i:type="a:double" xmlns:a="http://www.w3.org/2001/XMLSchema">0.54911</Value></Attribute></Attributes><ChildElements/><ElementName>mass</ElementName><required>false</required><ValueAttribute z:Ref="i142"/></URDFElement><URDFElement z:Id="i143" i:type="Inertia"><Attributes><Attribute z:Id="i144"><AttributeType>ixx</AttributeType><IsRequired>true</IsRequired><Value i:type="a:double" xmlns:a="http://www.w3.org/2001/XMLSchema">0.0050981</Value></Attribute><Attribute z:Id="i145"><AttributeType>ixy</AttributeType><IsRequired>true</IsRequired><Value i:type="a:double" xmlns:a="http://www.w3.org/2001/XMLSchema">-5.3755E-06</Value></Attribute><Attribute z:Id="i146"><AttributeType>ixz</AttributeType><IsRequired>true</IsRequired><Value i:type="a:double" xmlns:a="http://www.w3.org/2001/XMLSchema">-3.1722E-07</Value></Attribute><Attribute z:Id="i147"><AttributeType>iyy</AttributeType><IsRequired>true</IsRequired><Value i:type="a:double" xmlns:a="http://www.w3.org/2001/XMLSchema">0.00027681</Value></Attribute><Attribute z:Id="i148"><AttributeType>iyz</AttributeType><IsRequired>true</IsRequired><Value i:type="a:double" xmlns:a="http://www.w3.org/2001/XMLSchema">2.4098E-05</Value></Attribute><Attribute z:Id="i149"><AttributeType>izz</AttributeType><IsRequired>true</IsRequired><Value i:type="a:double" xmlns:a="http://www.w3.org/2001/XMLSchema">0.0049153</Value></Attribute></Attributes><ChildElements/><ElementName>inertia</ElementName><required>false</required><IxxAttribute z:Ref="i144"/><IxyAttribute z:Ref="i145"/><IxzAttribute z:Ref="i146"/><IyyAttribute z:Ref="i147"/><IyzAttribute z:Ref="i148"/><IzzAttribute z:Ref="i149"/></URDFElement></ChildElements><ElementName>inertial</ElementName><required>false</required><Inertia z:Ref="i143"/><Mass z:Ref="i141"/><Origin z:Ref="i138"/></URDFElement><URDFElement z:Id="i150" i:type="Visual"><Attributes/><ChildElements><URDFElement z:Id="i151" i:type="Origin"><Attributes><Attribute z:Id="i152"><AttributeType>xyz</AttributeType><IsRequired>true</IsRequired><Value i:type="a:ArrayOfdouble" xmlns:a="http://schemas.microsoft.com/2003/10/Serialization/Arrays"><a:double>0</a:double><a:double>0</a:double><a:double>0</a:double></Value></Attribute><Attribute z:Id="i153"><AttributeType>rpy</AttributeType><IsRequired>true</IsRequired><Value i:type="a:ArrayOfdouble" xmlns:a="http://schemas.microsoft.com/2003/10/Serialization/Arrays"><a:double>0</a:double><a:double>0</a:double><a:double>0</a:double></Value></Attribute></Attributes><ChildElements/><ElementName>origin</ElementName><required>false</required><RPYAttribute z:Ref="i153"/><XYZAttribute z:Ref="i152"/><isCustomized>false</isCustomized></URDFElement><URDFElement z:Id="i154" i:type="Geometry"><Attributes/><ChildElements><URDFElement z:Id="i155" i:type="Mesh"><Attributes><Attribute z:Id="i156"><AttributeType>filename</AttributeType><IsRequired>true</IsRequired><Value i:nil="true"/></Attribute></Attributes><ChildElements/><ElementName>mesh</ElementName><required>false</required><FilenameAttribute z:Ref="i156"/></URDFElement></ChildElements><ElementName>geometry</ElementName><required>true</required><Mesh z:Ref="i155"/></URDFElement><URDFElement z:Id="i157" i:type="Material"><Attributes><Attribute z:Id="i158"><AttributeType>name</AttributeType><IsRequired>true</IsRequired><Value i:type="a:string" xmlns:a="http://www.w3.org/2001/XMLSchema"/></Attribute></Attributes><ChildElements><URDFElement z:Id="i159" i:type="Color"><Attributes><Attribute z:Id="i160"><AttributeType>rgba</AttributeType><IsRequired>true</IsRequired><Value i:type="a:ArrayOfdouble" xmlns:a="http://schemas.microsoft.com/2003/10/Serialization/Arrays"><a:double>0.79216</a:double><a:double>0.81961</a:double><a:double>0.93333</a:double><a:double>1</a:double></Value></Attribute></Attributes><ChildElements/><ElementName>color</ElementName><required>false</required><RGBAAttribute z:Ref="i160"/></URDFElement><URDFElement z:Id="i161" i:type="Texture"><Attributes><Attribute z:Id="i162"><AttributeType>filename</AttributeType><IsRequired>true</IsRequired><Value i:nil="true"/></Attribute></Attributes><ChildElements/><ElementName>texture</ElementName><required>false</required><FilenameAttribute z:Ref="i162"/><wFilename/></URDFElement></ChildElements><ElementName>material</ElementName><required>false</required><Color z:Ref="i159"/><NameAttribute z:Ref="i158"/><Texture z:Ref="i161"/></URDFElement></ChildElements><ElementName>visual</ElementName><required>false</required><Geometry z:Ref="i154"/><Material z:Ref="i157"/><Origin z:Ref="i151"/></URDFElement><URDFElement z:Id="i163" i:type="Collision"><Attributes/><ChildElements><URDFElement z:Id="i164" i:type="Origin"><Attributes><Attribute z:Id="i165"><AttributeType>xyz</AttributeType><IsRequired>true</IsRequired><Value i:type="a:ArrayOfdouble" xmlns:a="http://schemas.microsoft.com/2003/10/Serialization/Arrays"><a:double>0</a:double><a:double>0</a:double><a:double>0</a:double></Value></Attribute><Attribute z:Id="i166"><AttributeType>rpy</AttributeType><IsRequired>true</IsRequired><Value i:type="a:ArrayOfdouble" xmlns:a="http://schemas.microsoft.com/2003/10/Serialization/Arrays"><a:double>0</a:double><a:double>0</a:double><a:double>0</a:double></Value></Attribute></Attributes><ChildElements/><ElementName>origin</ElementName><required>false</required><RPYAttribute z:Ref="i166"/><XYZAttribute z:Ref="i165"/><isCustomized>false</isCustomized></URDFElement><URDFElement z:Id="i167" i:type="Geometry"><Attributes/><ChildElements><URDFElement z:Id="i168" i:type="Mesh"><Attributes><Attribute z:Id="i169"><AttributeType>filename</AttributeType><IsRequired>true</IsRequired><Value i:nil="true"/></Attribute></Attributes><ChildElements/><ElementName>mesh</ElementName><required>false</required><FilenameAttribute z:Ref="i169"/></URDFElement></ChildElements><ElementName>geometry</ElementName><required>true</required><Mesh z:Ref="i168"/></URDFElement></ChildElements><ElementName>collision</ElementName><required>false</required><Geometry z:Ref="i167"/><Origin z:Ref="i164"/></URDFElement><URDFElement z:Id="i170" i:type="Joint"><Attributes><Attribute z:Id="i171"><AttributeType>name</AttributeType><IsRequired>true</IsRequired><Value i:type="a:string" xmlns:a="http://www.w3.org/2001/XMLSchema">joint-2</Value></Attribute><Attribute z:Id="i172"><AttributeType>type</AttributeType><IsRequired>true</IsRequired><Value i:type="a:string" xmlns:a="http://www.w3.org/2001/XMLSchema">revolute</Value></Attribute></Attributes><ChildElements><URDFElement z:Id="i173" i:type="Origin"><Attributes><Attribute z:Id="i174"><AttributeType>xyz</AttributeType><IsRequired>true</IsRequired><Value i:type="a:ArrayOfdouble" xmlns:a="http://schemas.microsoft.com/2003/10/Serialization/Arrays"><a:double>0.0195</a:double><a:double>0.0077</a:double><a:double>-0.0345</a:double></Value></Attribute><Attribute z:Id="i175"><AttributeType>rpy</AttributeType><IsRequired>true</IsRequired><Value i:type="a:ArrayOfdouble" xmlns:a="http://schemas.microsoft.com/2003/10/Serialization/Arrays"><a:double>1.5708</a:double><a:double>-1.5708</a:double><a:double>0</a:double></Value></Attribute></Attributes><ChildElements/><ElementName>origin</ElementName><required>false</required><RPYAttribute z:Ref="i175"/><XYZAttribute z:Ref="i174"/><isCustomized>false</isCustomized></URDFElement><URDFElement z:Id="i176" i:type="ParentLink"><Attributes><Attribute z:Id="i177"><AttributeType>link</AttributeType><IsRequired>true</IsRequired><Value i:type="a:string" xmlns:a="http://www.w3.org/2001/XMLSchema">link-1</Value></Attribute></Attributes><ChildElements/><ElementName>parent</ElementName><required>true</required><NameAttribute z:Ref="i177"/></URDFElement><URDFElement z:Id="i178" i:type="ChildLink"><Attributes><Attribute z:Id="i179"><AttributeType>link</AttributeType><IsRequired>true</IsRequired><Value i:type="a:string" xmlns:a="http://www.w3.org/2001/XMLSchema">link-2</Value></Attribute></Attributes><ChildElements/><ElementName>child</ElementName><required>true</required><NameAttribute z:Ref="i179"/></URDFElement><URDFElement z:Id="i180" i:type="Axis"><Attributes><Attribute z:Id="i181"><AttributeType>xyz</AttributeType><IsRequired>true</IsRequired><Value i:type="a:ArrayOfdouble" xmlns:a="http://schemas.microsoft.com/2003/10/Serialization/Arrays"><a:double>0</a:double><a:double>0</a:double><a:double>0</a:double></Value></Attribute></Attributes><ChildElements/><ElementName>axis</ElementName><required>false</required><XYZAttribute z:Ref="i181"/></URDFElement><URDFElement z:Id="i182" i:type="Limit"><Attributes><Attribute z:Id="i183"><AttributeType>lower</AttributeType><IsRequired>true</IsRequired><Value i:type="a:double" xmlns:a="http://www.w3.org/2001/XMLSchema">-1.57</Value></Attribute><Attribute z:Id="i184"><AttributeType>upper</AttributeType><IsRequired>true</IsRequired><Value i:type="a:double" xmlns:a="http://www.w3.org/2001/XMLSchema">1.57</Value></Attribute><Attribute z:Id="i185"><AttributeType>effort</AttributeType><IsRequired>true</IsRequired><Value i:type="a:double" xmlns:a="http://www.w3.org/2001/XMLSchema">1617</Value></Attribute><Attribute z:Id="i186"><AttributeType>velocity</AttributeType><IsRequired>true</IsRequired><Value i:type="a:double" xmlns:a="http://www.w3.org/2001/XMLSchema">2</Value></Attribute></Attributes><ChildElements/><ElementName>limit</ElementName><required>true</required><EffortAttribute z:Ref="i185"/><LowerAttribute z:Ref="i183"/><UpperAttribute z:Ref="i184"/><VelocityAttribute z:Ref="i186"/></URDFElement><URDFElement z:Id="i187" i:type="Calibration"><Attributes><Attribute z:Id="i188"><AttributeType>rising</AttributeType><IsRequired>false</IsRequired><Value i:nil="true"/></Attribute><Attribute z:Id="i189"><AttributeType>falling</AttributeType><IsRequired>false</IsRequired><Value i:nil="true"/></Attribute></Attributes><ChildElements/><ElementName>calibration</ElementName><required>false</required><FallingAttribute z:Ref="i189"/><RisingAttribute z:Ref="i188"/></URDFElement><URDFElement z:Id="i190" i:type="Dynamics"><Attributes><Attribute z:Id="i191"><AttributeType>damping</AttributeType><IsRequired>false</IsRequired><Value i:nil="true"/></Attribute><Attribute z:Id="i192"><AttributeType>friction</AttributeType><IsRequired>false</IsRequired><Value i:nil="true"/></Attribute></Attributes><ChildElements/><ElementName>dynamics</ElementName><required>false</required><DampingAttribute z:Ref="i191"/><FrictionAttribute z:Ref="i192"/></URDFElement><URDFElement z:Id="i193" i:type="SafetyController"><Attributes><Attribute z:Id="i194"><AttributeType>soft_upper</AttributeType><IsRequired>false</IsRequired><Value i:nil="true"/></Attribute><Attribute z:Id="i195"><AttributeType>soft_lower</AttributeType><IsRequired>false</IsRequired><Value i:nil="true"/></Attribute><Attribute z:Id="i196"><AttributeType>k_position</AttributeType><IsRequired>false</IsRequired><Value i:nil="true"/></Attribute><Attribute z:Id="i197"><AttributeType>k_velocity</AttributeType><IsRequired>true</IsRequired><Value i:nil="true"/></Attribute></Attributes><ChildElements/><ElementName>safety_controller</ElementName><required>false</required><KPositionAttribute z:Ref="i196"/><KVelocityAttribute z:Ref="i197"/><SoftLowerAttribute z:Ref="i195"/><SoftUpperAttribute z:Ref="i194"/></URDFElement><URDFElement z:Id="i198" i:type="Mimic"><Attributes><Attribute z:Id="i199"><AttributeType>joint</AttributeType><IsRequired>true</IsRequired><Value i:nil="true"/></Attribute><Attribute z:Id="i200"><AttributeType>multiplier</AttributeType><IsRequired>false</IsRequired><Value i:nil="true"/></Attribute><Attribute z:Id="i201"><AttributeType>offset</AttributeType><IsRequired>false</IsRequired><Value i:nil="true"/></Attribute></Attributes><ChildElements/><ElementName>mimic</ElementName><required>false</required><JointNameAttribute z:Ref="i199"/><MultiplierAttribute z:Ref="i200"/><OffsetAttribute z:Ref="i201"/></URDFElement></ChildElements><ElementName>joint</ElementName><required>false</required><Axis z:Ref="i180"/><AxisName>Axis22</AxisName><Calibration z:Ref="i187"/><Child z:Ref="i178"/><CoordinateSystemName>Origin_joint-22</CoordinateSystemName><Dynamics z:Ref="i190"/><Limit z:Ref="i182"/><Mimic z:Ref="i198"/><NameAttribute z:Ref="i171"/><Origin z:Ref="i173"/><Parent z:Ref="i176"/><Safety z:Ref="i193"/><TypeAttribute z:Ref="i172"/></URDFElement></ChildElements><ElementName>link</ElementName><required>true</required><Children><Link z:Id="i202"><Attributes><Attribute z:Id="i203"><AttributeType>name</AttributeType><IsRequired>true</IsRequired><Value i:type="a:string" xmlns:a="http://www.w3.org/2001/XMLSchema">link-3</Value></Attribute></Attributes><ChildElements><URDFElement z:Id="i204" i:type="Inertial"><Attributes/><ChildElements><URDFElement z:Id="i205" i:type="Origin"><Attributes><Attribute z:Id="i206"><AttributeType>xyz</AttributeType><IsRequired>true</IsRequired><Value i:type="a:ArrayOfdouble" xmlns:a="http://schemas.microsoft.com/2003/10/Serialization/Arrays"><a:double>0.018903</a:double><a:double>-0.038544</a:double><a:double>0.06058</a:double></Value></Attribute><Attribute z:Id="i207"><AttributeType>rpy</AttributeType><IsRequired>true</IsRequired><Value i:type="a:ArrayOfdouble" xmlns:a="http://schemas.microsoft.com/2003/10/Serialization/Arrays"><a:double>0</a:double><a:double>0</a:double><a:double>0</a:double></Value></Attribute></Attributes><ChildElements/><ElementName>origin</ElementName><required>false</required><RPYAttribute z:Ref="i207"/><XYZAttribute z:Ref="i206"/><isCustomized>false</isCustomized></URDFElement><URDFElement z:Id="i208" i:type="Mass"><Attributes><Attribute z:Id="i209"><AttributeType>value</AttributeType><IsRequired>true</IsRequired><Value i:type="a:double" xmlns:a="http://www.w3.org/2001/XMLSchema">0.23232</Value></Attribute></Attributes><ChildElements/><ElementName>mass</ElementName><required>false</required><ValueAttribute z:Ref="i209"/></URDFElement><URDFElement z:Id="i210" i:type="Inertia"><Attributes><Attribute z:Id="i211"><AttributeType>ixx</AttributeType><IsRequired>true</IsRequired><Value i:type="a:double" xmlns:a="http://www.w3.org/2001/XMLSchema">0.0022473</Value></Attribute><Attribute z:Id="i212"><AttributeType>ixy</AttributeType><IsRequired>true</IsRequired><Value i:type="a:double" xmlns:a="http://www.w3.org/2001/XMLSchema">-3.5716E-06</Value></Attribute><Attribute z:Id="i213"><AttributeType>ixz</AttributeType><IsRequired>true</IsRequired><Value i:type="a:double" xmlns:a="http://www.w3.org/2001/XMLSchema">2.545E-06</Value></Attribute><Attribute z:Id="i214"><AttributeType>iyy</AttributeType><IsRequired>true</IsRequired><Value i:type="a:double" xmlns:a="http://www.w3.org/2001/XMLSchema">0.00029274</Value></Attribute><Attribute z:Id="i215"><AttributeType>iyz</AttributeType><IsRequired>true</IsRequired><Value i:type="a:double" xmlns:a="http://www.w3.org/2001/XMLSchema">-6.4257E-05</Value></Attribute><Attribute z:Id="i216"><AttributeType>izz</AttributeType><IsRequired>true</IsRequired><Value i:type="a:double" xmlns:a="http://www.w3.org/2001/XMLSchema">0.001993</Value></Attribute></Attributes><ChildElements/><ElementName>inertia</ElementName><required>false</required><IxxAttribute z:Ref="i211"/><IxyAttribute z:Ref="i212"/><IxzAttribute z:Ref="i213"/><IyyAttribute z:Ref="i214"/><IyzAttribute z:Ref="i215"/><IzzAttribute z:Ref="i216"/></URDFElement></ChildElements><ElementName>inertial</ElementName><required>false</required><Inertia z:Ref="i210"/><Mass z:Ref="i208"/><Origin z:Ref="i205"/></URDFElement><URDFElement z:Id="i217" i:type="Visual"><Attributes/><ChildElements><URDFElement z:Id="i218" i:type="Origin"><Attributes><Attribute z:Id="i219"><AttributeType>xyz</AttributeType><IsRequired>true</IsRequired><Value i:type="a:ArrayOfdouble" xmlns:a="http://schemas.microsoft.com/2003/10/Serialization/Arrays"><a:double>0</a:double><a:double>0</a:double><a:double>0</a:double></Value></Attribute><Attribute z:Id="i220"><AttributeType>rpy</AttributeType><IsRequired>true</IsRequired><Value i:type="a:ArrayOfdouble" xmlns:a="http://schemas.microsoft.com/2003/10/Serialization/Arrays"><a:double>0</a:double><a:double>0</a:double><a:double>0</a:double></Value></Attribute></Attributes><ChildElements/><ElementName>origin</ElementName><required>false</required><RPYAttribute z:Ref="i220"/><XYZAttribute z:Ref="i219"/><isCustomized>false</isCustomized></URDFElement><URDFElement z:Id="i221" i:type="Geometry"><Attributes/><ChildElements><URDFElement z:Id="i222" i:type="Mesh"><Attributes><Attribute z:Id="i223"><AttributeType>filename</AttributeType><IsRequired>true</IsRequired><Value i:nil="true"/></Attribute></Attributes><ChildElements/><ElementName>mesh</ElementName><required>false</required><FilenameAttribute z:Ref="i223"/></URDFElement></ChildElements><ElementName>geometry</ElementName><required>true</required><Mesh z:Ref="i222"/></URDFElement><URDFElement z:Id="i224" i:type="Material"><Attributes><Attribute z:Id="i225"><AttributeType>name</AttributeType><IsRequired>true</IsRequired><Value i:type="a:string" xmlns:a="http://www.w3.org/2001/XMLSchema"/></Attribute></Attributes><ChildElements><URDFElement z:Id="i226" i:type="Color"><Attributes><Attribute z:Id="i227"><AttributeType>rgba</AttributeType><IsRequired>true</IsRequired><Value i:type="a:ArrayOfdouble" xmlns:a="http://schemas.microsoft.com/2003/10/Serialization/Arrays"><a:double>0.79216</a:double><a:double>0.81961</a:double><a:double>0.93333</a:double><a:double>1</a:double></Value></Attribute></Attributes><ChildElements/><ElementName>color</ElementName><required>false</required><RGBAAttribute z:Ref="i227"/></URDFElement><URDFElement z:Id="i228" i:type="Texture"><Attributes><Attribute z:Id="i229"><AttributeType>filename</AttributeType><IsRequired>true</IsRequired><Value i:nil="true"/></Attribute></Attributes><ChildElements/><ElementName>texture</ElementName><required>false</required><FilenameAttribute z:Ref="i229"/><wFilename/></URDFElement></ChildElements><ElementName>material</ElementName><required>false</required><Color z:Ref="i226"/><NameAttribute z:Ref="i225"/><Texture z:Ref="i228"/></URDFElement></ChildElements><ElementName>visual</ElementName><required>false</required><Geometry z:Ref="i221"/><Material z:Ref="i224"/><Origin z:Ref="i218"/></URDFElement><URDFElement z:Id="i230" i:type="Collision"><Attributes/><ChildElements><URDFElement z:Id="i231" i:type="Origin"><Attributes><Attribute z:Id="i232"><AttributeType>xyz</AttributeType><IsRequired>true</IsRequired><Value i:type="a:ArrayOfdouble" xmlns:a="http://schemas.microsoft.com/2003/10/Serialization/Arrays"><a:double>0</a:double><a:double>0</a:double><a:double>0</a:double></Value></Attribute><Attribute z:Id="i233"><AttributeType>rpy</AttributeType><IsRequired>true</IsRequired><Value i:type="a:ArrayOfdouble" xmlns:a="http://schemas.microsoft.com/2003/10/Serialization/Arrays"><a:double>0</a:double><a:double>0</a:double><a:double>0</a:double></Value></Attribute></Attributes><ChildElements/><ElementName>origin</ElementName><required>false</required><RPYAttribute z:Ref="i233"/><XYZAttribute z:Ref="i232"/><isCustomized>false</isCustomized></URDFElement><URDFElement z:Id="i234" i:type="Geometry"><Attributes/><ChildElements><URDFElement z:Id="i235" i:type="Mesh"><Attributes><Attribute z:Id="i236"><AttributeType>filename</AttributeType><IsRequired>true</IsRequired><Value i:nil="true"/></Attribute></Attributes><ChildElements/><ElementName>mesh</ElementName><required>false</required><FilenameAttribute z:Ref="i236"/></URDFElement></ChildElements><ElementName>geometry</ElementName><required>true</required><Mesh z:Ref="i235"/></URDFElement></ChildElements><ElementName>collision</ElementName><required>false</required><Geometry z:Ref="i234"/><Origin z:Ref="i231"/></URDFElement><URDFElement z:Id="i237" i:type="Joint"><Attributes><Attribute z:Id="i238"><AttributeType>name</AttributeType><IsRequired>true</IsRequired><Value i:type="a:string" xmlns:a="http://www.w3.org/2001/XMLSchema">joint-3</Value></Attribute><Attribute z:Id="i239"><AttributeType>type</AttributeType><IsRequired>true</IsRequired><Value i:type="a:string" xmlns:a="http://www.w3.org/2001/XMLSchema">revolute</Value></Attribute></Attributes><ChildElements><URDFElement z:Id="i240" i:type="Origin"><Attributes><Attribute z:Id="i241"><AttributeType>xyz</AttributeType><IsRequired>true</IsRequired><Value i:type="a:ArrayOfdouble" xmlns:a="http://schemas.microsoft.com/2003/10/Serialization/Arrays"><a:double>-0.11402</a:double><a:double>0.29337</a:double><a:double>0.0305</a:double></Value></Attribute><Attribute z:Id="i242"><AttributeType>rpy</AttributeType><IsRequired>true</IsRequired><Value i:type="a:ArrayOfdouble" xmlns:a="http://schemas.microsoft.com/2003/10/Serialization/Arrays"><a:double>3.1416</a:double><a:double>0</a:double><a:double>1.5699</a:double></Value></Attribute></Attributes><ChildElements/><ElementName>origin</ElementName><required>false</required><RPYAttribute z:Ref="i242"/><XYZAttribute z:Ref="i241"/><isCustomized>false</isCustomized></URDFElement><URDFElement z:Id="i243" i:type="ParentLink"><Attributes><Attribute z:Id="i244"><AttributeType>link</AttributeType><IsRequired>true</IsRequired><Value i:type="a:string" xmlns:a="http://www.w3.org/2001/XMLSchema">link-2</Value></Attribute></Attributes><ChildElements/><ElementName>parent</ElementName><required>true</required><NameAttribute z:Ref="i244"/></URDFElement><URDFElement z:Id="i245" i:type="ChildLink"><Attributes><Attribute z:Id="i246"><AttributeType>link</AttributeType><IsRequired>true</IsRequired><Value i:type="a:string" xmlns:a="http://www.w3.org/2001/XMLSchema">link-3</Value></Attribute></Attributes><ChildElements/><ElementName>child</ElementName><required>true</required><NameAttribute z:Ref="i246"/></URDFElement><URDFElement z:Id="i247" i:type="Axis"><Attributes><Attribute z:Id="i248"><AttributeType>xyz</AttributeType><IsRequired>true</IsRequired><Value i:type="a:ArrayOfdouble" xmlns:a="http://schemas.microsoft.com/2003/10/Serialization/Arrays"><a:double>0</a:double><a:double>0</a:double><a:double>0</a:double></Value></Attribute></Attributes><ChildElements/><ElementName>axis</ElementName><required>false</required><XYZAttribute z:Ref="i248"/></URDFElement><URDFElement z:Id="i249" i:type="Limit"><Attributes><Attribute z:Id="i250"><AttributeType>lower</AttributeType><IsRequired>true</IsRequired><Value i:type="a:double" xmlns:a="http://www.w3.org/2001/XMLSchema">0</Value></Attribute><Attribute z:Id="i251"><AttributeType>upper</AttributeType><IsRequired>true</IsRequired><Value i:type="a:double" xmlns:a="http://www.w3.org/2001/XMLSchema">3.142</Value></Attribute><Attribute z:Id="i252"><AttributeType>effort</AttributeType><IsRequired>true</IsRequired><Value i:type="a:double" xmlns:a="http://www.w3.org/2001/XMLSchema">16.17</Value></Attribute><Attribute z:Id="i253"><AttributeType>velocity</AttributeType><IsRequired>true</IsRequired><Value i:type="a:double" xmlns:a="http://www.w3.org/2001/XMLSchema">2</Value></Attribute></Attributes><ChildElements/><ElementName>limit</ElementName><required>true</required><EffortAttribute z:Ref="i252"/><LowerAttribute z:Ref="i250"/><UpperAttribute z:Ref="i251"/><VelocityAttribute z:Ref="i253"/></URDFElement><URDFElement z:Id="i254" i:type="Calibration"><Attributes><Attribute z:Id="i255"><AttributeType>rising</AttributeType><IsRequired>false</IsRequired><Value i:nil="true"/></Attribute><Attribute z:Id="i256"><AttributeType>falling</AttributeType><IsRequired>false</IsRequired><Value i:nil="true"/></Attribute></Attributes><ChildElements/><ElementName>calibration</ElementName><required>false</required><FallingAttribute z:Ref="i256"/><RisingAttribute z:Ref="i255"/></URDFElement><URDFElement z:Id="i257" i:type="Dynamics"><Attributes><Attribute z:Id="i258"><AttributeType>damping</AttributeType><IsRequired>false</IsRequired><Value i:nil="true"/></Attribute><Attribute z:Id="i259"><AttributeType>friction</AttributeType><IsRequired>false</IsRequired><Value i:nil="true"/></Attribute></Attributes><ChildElements/><ElementName>dynamics</ElementName><required>false</required><DampingAttribute z:Ref="i258"/><FrictionAttribute z:Ref="i259"/></URDFElement><URDFElement z:Id="i260" i:type="SafetyController"><Attributes><Attribute z:Id="i261"><AttributeType>soft_upper</AttributeType><IsRequired>false</IsRequired><Value i:nil="true"/></Attribute><Attribute z:Id="i262"><AttributeType>soft_lower</AttributeType><IsRequired>false</IsRequired><Value i:nil="true"/></Attribute><Attribute z:Id="i263"><AttributeType>k_position</AttributeType><IsRequired>false</IsRequired><Value i:nil="true"/></Attribute><Attribute z:Id="i264"><AttributeType>k_velocity</AttributeType><IsRequired>true</IsRequired><Value i:nil="true"/></Attribute></Attributes><ChildElements/><ElementName>safety_controller</ElementName><required>false</required><KPositionAttribute z:Ref="i263"/><KVelocityAttribute z:Ref="i264"/><SoftLowerAttribute z:Ref="i262"/><SoftUpperAttribute z:Ref="i261"/></URDFElement><URDFElement z:Id="i265" i:type="Mimic"><Attributes><Attribute z:Id="i266"><AttributeType>joint</AttributeType><IsRequired>true</IsRequired><Value i:nil="true"/></Attribute><Attribute z:Id="i267"><AttributeType>multiplier</AttributeType><IsRequired>false</IsRequired><Value i:nil="true"/></Attribute><Attribute z:Id="i268"><AttributeType>offset</AttributeType><IsRequired>false</IsRequired><Value i:nil="true"/></Attribute></Attributes><ChildElements/><ElementName>mimic</ElementName><required>false</required><JointNameAttribute z:Ref="i266"/><MultiplierAttribute z:Ref="i267"/><OffsetAttribute z:Ref="i268"/></URDFElement></ChildElements><ElementName>joint</ElementName><required>false</required><Axis z:Ref="i247"/><AxisName>Axis23</AxisName><Calibration z:Ref="i254"/><Child z:Ref="i245"/><CoordinateSystemName>Origin_joint-32</CoordinateSystemName><Dynamics z:Ref="i257"/><Limit z:Ref="i249"/><Mimic z:Ref="i265"/><NameAttribute z:Ref="i238"/><Origin z:Ref="i240"/><Parent z:Ref="i243"/><Safety z:Ref="i260"/><TypeAttribute z:Ref="i239"/></URDFElement></ChildElements><ElementName>link</ElementName><required>true</required><Children><Link z:Id="i269"><Attributes><Attribute z:Id="i270"><AttributeType>name</AttributeType><IsRequired>true</IsRequired><Value i:type="a:string" xmlns:a="http://www.w3.org/2001/XMLSchema">link-4</Value></Attribute></Attributes><ChildElements><URDFElement z:Id="i271" i:type="Inertial"><Attributes/><ChildElements><URDFElement z:Id="i272" i:type="Origin"><Attributes><Attribute z:Id="i273"><AttributeType>xyz</AttributeType><IsRequired>true</IsRequired><Value i:type="a:ArrayOfdouble" xmlns:a="http://schemas.microsoft.com/2003/10/Serialization/Arrays"><a:double>0.06173</a:double><a:double>0.00062313</a:double><a:double>-0.018265</a:double></Value></Attribute><Attribute z:Id="i274"><AttributeType>rpy</AttributeType><IsRequired>true</IsRequired><Value i:type="a:ArrayOfdouble" xmlns:a="http://schemas.microsoft.com/2003/10/Serialization/Arrays"><a:double>0</a:double><a:double>0</a:double><a:double>0</a:double></Value></Attribute></Attributes><ChildElements/><ElementName>origin</ElementName><required>false</required><RPYAttribute z:Ref="i274"/><XYZAttribute z:Ref="i273"/><isCustomized>false</isCustomized></URDFElement><URDFElement z:Id="i275" i:type="Mass"><Attributes><Attribute z:Id="i276"><AttributeType>value</AttributeType><IsRequired>true</IsRequired><Value i:type="a:double" xmlns:a="http://www.w3.org/2001/XMLSchema">0.087154</Value></Attribute></Attributes><ChildElements/><ElementName>mass</ElementName><required>false</required><ValueAttribute z:Ref="i276"/></URDFElement><URDFElement z:Id="i277" i:type="Inertia"><Attributes><Attribute z:Id="i278"><AttributeType>ixx</AttributeType><IsRequired>true</IsRequired><Value i:type="a:double" xmlns:a="http://www.w3.org/2001/XMLSchema">5.7011E-05</Value></Attribute><Attribute z:Id="i279"><AttributeType>ixy</AttributeType><IsRequired>true</IsRequired><Value i:type="a:double" xmlns:a="http://www.w3.org/2001/XMLSchema">-6.4507E-07</Value></Attribute><Attribute z:Id="i280"><AttributeType>ixz</AttributeType><IsRequired>true</IsRequired><Value i:type="a:double" xmlns:a="http://www.w3.org/2001/XMLSchema">-4.2547E-06</Value></Attribute><Attribute z:Id="i281"><AttributeType>iyy</AttributeType><IsRequired>true</IsRequired><Value i:type="a:double" xmlns:a="http://www.w3.org/2001/XMLSchema">8.8082E-05</Value></Attribute><Attribute z:Id="i282"><AttributeType>iyz</AttributeType><IsRequired>true</IsRequired><Value i:type="a:double" xmlns:a="http://www.w3.org/2001/XMLSchema">-6.5777E-08</Value></Attribute><Attribute z:Id="i283"><AttributeType>izz</AttributeType><IsRequired>true</IsRequired><Value i:type="a:double" xmlns:a="http://www.w3.org/2001/XMLSchema">4.2676E-05</Value></Attribute></Attributes><ChildElements/><ElementName>inertia</ElementName><required>false</required><IxxAttribute z:Ref="i278"/><IxyAttribute z:Ref="i279"/><IxzAttribute z:Ref="i280"/><IyyAttribute z:Ref="i281"/><IyzAttribute z:Ref="i282"/><IzzAttribute z:Ref="i283"/></URDFElement></ChildElements><ElementName>inertial</ElementName><required>false</required><Inertia z:Ref="i277"/><Mass z:Ref="i275"/><Origin z:Ref="i272"/></URDFElement><URDFElement z:Id="i284" i:type="Visual"><Attributes/><ChildElements><URDFElement z:Id="i285" i:type="Origin"><Attributes><Attribute z:Id="i286"><AttributeType>xyz</AttributeType><IsRequired>true</IsRequired><Value i:type="a:ArrayOfdouble" xmlns:a="http://schemas.microsoft.com/2003/10/Serialization/Arrays"><a:double>0</a:double><a:double>0</a:double><a:double>0</a:double></Value></Attribute><Attribute z:Id="i287"><AttributeType>rpy</AttributeType><IsRequired>true</IsRequired><Value i:type="a:ArrayOfdouble" xmlns:a="http://schemas.microsoft.com/2003/10/Serialization/Arrays"><a:double>0</a:double><a:double>0</a:double><a:double>0</a:double></Value></Attribute></Attributes><ChildElements/><ElementName>origin</ElementName><required>false</required><RPYAttribute z:Ref="i287"/><XYZAttribute z:Ref="i286"/><isCustomized>false</isCustomized></URDFElement><URDFElement z:Id="i288" i:type="Geometry"><Attributes/><ChildElements><URDFElement z:Id="i289" i:type="Mesh"><Attributes><Attribute z:Id="i290"><AttributeType>filename</AttributeType><IsRequired>true</IsRequired><Value i:nil="true"/></Attribute></Attributes><ChildElements/><ElementName>mesh</ElementName><required>false</required><FilenameAttribute z:Ref="i290"/></URDFElement></ChildElements><ElementName>geometry</ElementName><required>true</required><Mesh z:Ref="i289"/></URDFElement><URDFElement z:Id="i291" i:type="Material"><Attributes><Attribute z:Id="i292"><AttributeType>name</AttributeType><IsRequired>true</IsRequired><Value i:type="a:string" xmlns:a="http://www.w3.org/2001/XMLSchema"/></Attribute></Attributes><ChildElements><URDFElement z:Id="i293" i:type="Color"><Attributes><Attribute z:Id="i294"><AttributeType>rgba</AttributeType><IsRequired>true</IsRequired><Value i:type="a:ArrayOfdouble" xmlns:a="http://schemas.microsoft.com/2003/10/Serialization/Arrays"><a:double>0.79216</a:double><a:double>0.81961</a:double><a:double>0.93333</a:double><a:double>1</a:double></Value></Attribute></Attributes><ChildElements/><ElementName>color</ElementName><required>false</required><RGBAAttribute z:Ref="i294"/></URDFElement><URDFElement z:Id="i295" i:type="Texture"><Attributes><Attribute z:Id="i296"><AttributeType>filename</AttributeType><IsRequired>true</IsRequired><Value i:nil="true"/></Attribute></Attributes><ChildElements/><ElementName>texture</ElementName><required>false</required><FilenameAttribute z:Ref="i296"/><wFilename/></URDFElement></ChildElements><ElementName>material</ElementName><required>false</required><Color z:Ref="i293"/><NameAttribute z:Ref="i292"/><Texture z:Ref="i295"/></URDFElement></ChildElements><ElementName>visual</ElementName><required>false</required><Geometry z:Ref="i288"/><Material z:Ref="i291"/><Origin z:Ref="i285"/></URDFElement><URDFElement z:Id="i297" i:type="Collision"><Attributes/><ChildElements><URDFElement z:Id="i298" i:type="Origin"><Attributes><Attribute z:Id="i299"><AttributeType>xyz</AttributeType><IsRequired>true</IsRequired><Value i:type="a:ArrayOfdouble" xmlns:a="http://schemas.microsoft.com/2003/10/Serialization/Arrays"><a:double>0</a:double><a:double>0</a:double><a:double>0</a:double></Value></Attribute><Attribute z:Id="i300"><AttributeType>rpy</AttributeType><IsRequired>true</IsRequired><Value i:type="a:ArrayOfdouble" xmlns:a="http://schemas.microsoft.com/2003/10/Serialization/Arrays"><a:double>0</a:double><a:double>0</a:double><a:double>0</a:double></Value></Attribute></Attributes><ChildElements/><ElementName>origin</ElementName><required>false</required><RPYAttribute z:Ref="i300"/><XYZAttribute z:Ref="i299"/><isCustomized>false</isCustomized></URDFElement><URDFElement z:Id="i301" i:type="Geometry"><Attributes/><ChildElements><URDFElement z:Id="i302" i:type="Mesh"><Attributes><Attribute z:Id="i303"><AttributeType>filename</AttributeType><IsRequired>true</IsRequired><Value i:nil="true"/></Attribute></Attributes><ChildElements/><ElementName>mesh</ElementName><required>false</required><FilenameAttribute z:Ref="i303"/></URDFElement></ChildElements><ElementName>geometry</ElementName><required>true</required><Mesh z:Ref="i302"/></URDFElement></ChildElements><ElementName>collision</ElementName><required>false</required><Geometry z:Ref="i301"/><Origin z:Ref="i298"/></URDFElement><URDFElement z:Id="i304" i:type="Joint"><Attributes><Attribute z:Id="i305"><AttributeType>name</AttributeType><IsRequired>true</IsRequired><Value i:type="a:string" xmlns:a="http://www.w3.org/2001/XMLSchema">joint-4</Value></Attribute><Attribute z:Id="i306"><AttributeType>type</AttributeType><IsRequired>true</IsRequired><Value i:type="a:string" xmlns:a="http://www.w3.org/2001/XMLSchema">revolute</Value></Attribute></Attributes><ChildElements><URDFElement z:Id="i307" i:type="Origin"><Attributes><Attribute z:Id="i308"><AttributeType>xyz</AttributeType><IsRequired>true</IsRequired><Value i:type="a:ArrayOfdouble" xmlns:a="http://schemas.microsoft.com/2003/10/Serialization/Arrays"><a:double>0.038</a:double><a:double>-0.14302</a:double><a:double>0.02996</a:double></Value></Attribute><Attribute z:Id="i309"><AttributeType>rpy</AttributeType><IsRequired>true</IsRequired><Value i:type="a:ArrayOfdouble" xmlns:a="http://schemas.microsoft.com/2003/10/Serialization/Arrays"><a:double>-3.1416</a:double><a:double>0</a:double><a:double>3.1407</a:double></Value></Attribute></Attributes><ChildElements/><ElementName>origin</ElementName><required>false</required><RPYAttribute z:Ref="i309"/><XYZAttribute z:Ref="i308"/><isCustomized>false</isCustomized></URDFElement><URDFElement z:Id="i310" i:type="ParentLink"><Attributes><Attribute z:Id="i311"><AttributeType>link</AttributeType><IsRequired>true</IsRequired><Value i:type="a:string" xmlns:a="http://www.w3.org/2001/XMLSchema">link-3</Value></Attribute></Attributes><ChildElements/><ElementName>parent</ElementName><required>true</required><NameAttribute z:Ref="i311"/></URDFElement><URDFElement z:Id="i312" i:type="ChildLink"><Attributes><Attribute z:Id="i313"><AttributeType>link</AttributeType><IsRequired>true</IsRequired><Value i:type="a:string" xmlns:a="http://www.w3.org/2001/XMLSchema">link-4</Value></Attribute></Attributes><ChildElements/><ElementName>child</ElementName><required>true</required><NameAttribute z:Ref="i313"/></URDFElement><URDFElement z:Id="i314" i:type="Axis"><Attributes><Attribute z:Id="i315"><AttributeType>xyz</AttributeType><IsRequired>true</IsRequired><Value i:type="a:ArrayOfdouble" xmlns:a="http://schemas.microsoft.com/2003/10/Serialization/Arrays"><a:double>0</a:double><a:double>0</a:double><a:double>0</a:double></Value></Attribute></Attributes><ChildElements/><ElementName>axis</ElementName><required>false</required><XYZAttribute z:Ref="i315"/></URDFElement><URDFElement z:Id="i316" i:type="Limit"><Attributes><Attribute z:Id="i317"><AttributeType>lower</AttributeType><IsRequired>true</IsRequired><Value i:type="a:double" xmlns:a="http://www.w3.org/2001/XMLSchema">0</Value></Attribute><Attribute z:Id="i318"><AttributeType>upper</AttributeType><IsRequired>true</IsRequired><Value i:type="a:double" xmlns:a="http://www.w3.org/2001/XMLSchema">-3.142</Value></Attribute><Attribute z:Id="i319"><AttributeType>effort</AttributeType><IsRequired>true</IsRequired><Value i:type="a:double" xmlns:a="http://www.w3.org/2001/XMLSchema">16.17</Value></Attribute><Attribute z:Id="i320"><AttributeType>velocity</AttributeType><IsRequired>true</IsRequired><Value i:type="a:double" xmlns:a="http://www.w3.org/2001/XMLSchema">2</Value></Attribute></Attributes><ChildElements/><ElementName>limit</ElementName><required>true</required><EffortAttribute z:Ref="i319"/><LowerAttribute z:Ref="i317"/><UpperAttribute z:Ref="i318"/><VelocityAttribute z:Ref="i320"/></URDFElement><URDFElement z:Id="i321" i:type="Calibration"><Attributes><Attribute z:Id="i322"><AttributeType>rising</AttributeType><IsRequired>false</IsRequired><Value i:nil="true"/></Attribute><Attribute z:Id="i323"><AttributeType>falling</AttributeType><IsRequired>false</IsRequired><Value i:nil="true"/></Attribute></Attributes><ChildElements/><ElementName>calibration</ElementName><required>false</required><FallingAttribute z:Ref="i323"/><RisingAttribute z:Ref="i322"/></URDFElement><URDFElement z:Id="i324" i:type="Dynamics"><Attributes><Attribute z:Id="i325"><AttributeType>damping</AttributeType><IsRequired>false</IsRequired><Value i:nil="true"/></Attribute><Attribute z:Id="i326"><AttributeType>friction</AttributeType><IsRequired>false</IsRequired><Value i:nil="true"/></Attribute></Attributes><ChildElements/><ElementName>dynamics</ElementName><required>false</required><DampingAttribute z:Ref="i325"/><FrictionAttribute z:Ref="i326"/></URDFElement><URDFElement z:Id="i327" i:type="SafetyController"><Attributes><Attribute z:Id="i328"><AttributeType>soft_upper</AttributeType><IsRequired>false</IsRequired><Value i:nil="true"/></Attribute><Attribute z:Id="i329"><AttributeType>soft_lower</AttributeType><IsRequired>false</IsRequired><Value i:nil="true"/></Attribute><Attribute z:Id="i330"><AttributeType>k_position</AttributeType><IsRequired>false</IsRequired><Value i:nil="true"/></Attribute><Attribute z:Id="i331"><AttributeType>k_velocity</AttributeType><IsRequired>true</IsRequired><Value i:nil="true"/></Attribute></Attributes><ChildElements/><ElementName>safety_controller</ElementName><required>false</required><KPositionAttribute z:Ref="i330"/><KVelocityAttribute z:Ref="i331"/><SoftLowerAttribute z:Ref="i329"/><SoftUpperAttribute z:Ref="i328"/></URDFElement><URDFElement z:Id="i332" i:type="Mimic"><Attributes><Attribute z:Id="i333"><AttributeType>joint</AttributeType><IsRequired>true</IsRequired><Value i:nil="true"/></Attribute><Attribute z:Id="i334"><AttributeType>multiplier</AttributeType><IsRequired>false</IsRequired><Value i:nil="true"/></Attribute><Attribute z:Id="i335"><AttributeType>offset</AttributeType><IsRequired>false</IsRequired><Value i:nil="true"/></Attribute></Attributes><ChildElements/><ElementName>mimic</ElementName><required>false</required><JointNameAttribute z:Ref="i333"/><MultiplierAttribute z:Ref="i334"/><OffsetAttribute z:Ref="i335"/></URDFElement></ChildElements><ElementName>joint</ElementName><required>false</required><Axis z:Ref="i314"/><AxisName>Axis24</AxisName><Calibration z:Ref="i321"/><Child z:Ref="i312"/><CoordinateSystemName>Origin_joint-42</CoordinateSystemName><Dynamics z:Ref="i324"/><Limit z:Ref="i316"/><Mimic z:Ref="i332"/><NameAttribute z:Ref="i305"/><Origin z:Ref="i307"/><Parent z:Ref="i310"/><Safety z:Ref="i327"/><TypeAttribute z:Ref="i306"/></URDFElement></ChildElements><ElementName>link</ElementName><required>true</required><Children><Link z:Id="i336"><Attributes><Attribute z:Id="i337"><AttributeType>name</AttributeType><IsRequired>true</IsRequired><Value i:type="a:string" xmlns:a="http://www.w3.org/2001/XMLSchema">link-5</Value></Attribute></Attributes><ChildElements><URDFElement z:Id="i338" i:type="Inertial"><Attributes/><ChildElements><URDFElement z:Id="i339" i:type="Origin"><Attributes><Attribute z:Id="i340"><AttributeType>xyz</AttributeType><IsRequired>true</IsRequired><Value i:type="a:ArrayOfdouble" xmlns:a="http://schemas.microsoft.com/2003/10/Serialization/Arrays"><a:double>0.061816</a:double><a:double>-0.0050095</a:double><a:double>0.009819</a:double></Value></Attribute><Attribute z:Id="i341"><AttributeType>rpy</AttributeType><IsRequired>true</IsRequired><Value i:type="a:ArrayOfdouble" xmlns:a="http://schemas.microsoft.com/2003/10/Serialization/Arrays"><a:double>0</a:double><a:double>0</a:double><a:double>0</a:double></Value></Attribute></Attributes><ChildElements/><ElementName>origin</ElementName><required>false</required><RPYAttribute z:Ref="i341"/><XYZAttribute z:Ref="i340"/><isCustomized>false</isCustomized></URDFElement><URDFElement z:Id="i342" i:type="Mass"><Attributes><Attribute z:Id="i343"><AttributeType>value</AttributeType><IsRequired>true</IsRequired><Value i:type="a:double" xmlns:a="http://www.w3.org/2001/XMLSchema">0.026792</Value></Attribute></Attributes><ChildElements/><ElementName>mass</ElementName><required>false</required><ValueAttribute z:Ref="i343"/></URDFElement><URDFElement z:Id="i344" i:type="Inertia"><Attributes><Attribute z:Id="i345"><AttributeType>ixx</AttributeType><IsRequired>true</IsRequired><Value i:type="a:double" xmlns:a="http://www.w3.org/2001/XMLSchema">2.5766E-06</Value></Attribute><Attribute z:Id="i346"><AttributeType>ixy</AttributeType><IsRequired>true</IsRequired><Value i:type="a:double" xmlns:a="http://www.w3.org/2001/XMLSchema">3.494E-21</Value></Attribute><Attribute z:Id="i347"><AttributeType>ixz</AttributeType><IsRequired>true</IsRequired><Value i:type="a:double" xmlns:a="http://www.w3.org/2001/XMLSchema">2.045E-19</Value></Attribute><Attribute z:Id="i348"><AttributeType>iyy</AttributeType><IsRequired>true</IsRequired><Value i:type="a:double" xmlns:a="http://www.w3.org/2001/XMLSchema">9.5895E-06</Value></Attribute><Attribute z:Id="i349"><AttributeType>iyz</AttributeType><IsRequired>true</IsRequired><Value i:type="a:double" xmlns:a="http://www.w3.org/2001/XMLSchema">-2.2452E-09</Value></Attribute><Attribute z:Id="i350"><AttributeType>izz</AttributeType><IsRequired>true</IsRequired><Value i:type="a:double" xmlns:a="http://www.w3.org/2001/XMLSchema">1.0548E-05</Value></Attribute></Attributes><ChildElements/><ElementName>inertia</ElementName><required>false</required><IxxAttribute z:Ref="i345"/><IxyAttribute z:Ref="i346"/><IxzAttribute z:Ref="i347"/><IyyAttribute z:Ref="i348"/><IyzAttribute z:Ref="i349"/><IzzAttribute z:Ref="i350"/></URDFElement></ChildElements><ElementName>inertial</ElementName><required>false</required><Inertia z:Ref="i344"/><Mass z:Ref="i342"/><Origin z:Ref="i339"/></URDFElement><URDFElement z:Id="i351" i:type="Visual"><Attributes/><ChildElements><URDFElement z:Id="i352" i:type="Origin"><Attributes><Attribute z:Id="i353"><AttributeType>xyz</AttributeType><IsRequired>true</IsRequired><Value i:type="a:ArrayOfdouble" xmlns:a="http://schemas.microsoft.com/2003/10/Serialization/Arrays"><a:double>0</a:double><a:double>0</a:double><a:double>0</a:double></Value></Attribute><Attribute z:Id="i354"><AttributeType>rpy</AttributeType><IsRequired>true</IsRequired><Value i:type="a:ArrayOfdouble" xmlns:a="http://schemas.microsoft.com/2003/10/Serialization/Arrays"><a:double>0</a:double><a:double>0</a:double><a:double>0</a:double></Value></Attribute></Attributes><ChildElements/><ElementName>origin</ElementName><required>false</required><RPYAttribute z:Ref="i354"/><XYZAttribute z:Ref="i353"/><isCustomized>false</isCustomized></URDFElement><URDFElement z:Id="i355" i:type="Geometry"><Attributes/><ChildElements><URDFElement z:Id="i356" i:type="Mesh"><Attributes><Attribute z:Id="i357"><AttributeType>filename</AttributeType><IsRequired>true</IsRequired><Value i:nil="true"/></Attribute></Attributes><ChildElements/><ElementName>mesh</ElementName><required>false</required><FilenameAttribute z:Ref="i357"/></URDFElement></ChildElements><ElementName>geometry</ElementName><required>true</required><Mesh z:Ref="i356"/></URDFElement><URDFElement z:Id="i358" i:type="Material"><Attributes><Attribute z:Id="i359"><AttributeType>name</AttributeType><IsRequired>true</IsRequired><Value i:type="a:string" xmlns:a="http://www.w3.org/2001/XMLSchema"/></Attribute></Attributes><ChildElements><URDFElement z:Id="i360" i:type="Color"><Attributes><Attribute z:Id="i361"><AttributeType>rgba</AttributeType><IsRequired>true</IsRequired><Value i:type="a:ArrayOfdouble" xmlns:a="http://schemas.microsoft.com/2003/10/Serialization/Arrays"><a:double>0.79216</a:double><a:double>0.81961</a:double><a:double>0.93333</a:double><a:double>1</a:double></Value></Attribute></Attributes><ChildElements/><ElementName>color</ElementName><required>false</required><RGBAAttribute z:Ref="i361"/></URDFElement><URDFElement z:Id="i362" i:type="Texture"><Attributes><Attribute z:Id="i363"><AttributeType>filename</AttributeType><IsRequired>true</IsRequired><Value i:nil="true"/></Attribute></Attributes><ChildElements/><ElementName>texture</ElementName><required>false</required><FilenameAttribute z:Ref="i363"/><wFilename/></URDFElement></ChildElements><ElementName>material</ElementName><required>false</required><Color z:Ref="i360"/><NameAttribute z:Ref="i359"/><Texture z:Ref="i362"/></URDFElement></ChildElements><ElementName>visual</ElementName><required>false</required><Geometry z:Ref="i355"/><Material z:Ref="i358"/><Origin z:Ref="i352"/></URDFElement><URDFElement z:Id="i364" i:type="Collision"><Attributes/><ChildElements><URDFElement z:Id="i365" i:type="Origin"><Attributes><Attribute z:Id="i366"><AttributeType>xyz</AttributeType><IsRequired>true</IsRequired><Value i:type="a:ArrayOfdouble" xmlns:a="http://schemas.microsoft.com/2003/10/Serialization/Arrays"><a:double>0</a:double><a:double>0</a:double><a:double>0</a:double></Value></Attribute><Attribute z:Id="i367"><AttributeType>rpy</AttributeType><IsRequired>true</IsRequired><Value i:type="a:ArrayOfdouble" xmlns:a="http://schemas.microsoft.com/2003/10/Serialization/Arrays"><a:double>0</a:double><a:double>0</a:double><a:double>0</a:double></Value></Attribute></Attributes><ChildElements/><ElementName>origin</ElementName><required>false</required><RPYAttribute z:Ref="i367"/><XYZAttribute z:Ref="i366"/><isCustomized>false</isCustomized></URDFElement><URDFElement z:Id="i368" i:type="Geometry"><Attributes/><ChildElements><URDFElement z:Id="i369" i:type="Mesh"><Attributes><Attribute z:Id="i370"><AttributeType>filename</AttributeType><IsRequired>true</IsRequired><Value i:nil="true"/></Attribute></Attributes><ChildElements/><ElementName>mesh</ElementName><required>false</required><FilenameAttribute z:Ref="i370"/></URDFElement></ChildElements><ElementName>geometry</ElementName><required>true</required><Mesh z:Ref="i369"/></URDFElement></ChildElements><ElementName>collision</ElementName><required>false</required><Geometry z:Ref="i368"/><Origin z:Ref="i365"/></URDFElement><URDFElement z:Id="i371" i:type="Joint"><Attributes><Attribute z:Id="i372"><AttributeType>name</AttributeType><IsRequired>true</IsRequired><Value i:type="a:string" xmlns:a="http://www.w3.org/2001/XMLSchema">joint-5</Value></Attribute><Attribute z:Id="i373"><AttributeType>type</AttributeType><IsRequired>true</IsRequired><Value i:type="a:string" xmlns:a="http://www.w3.org/2001/XMLSchema">revolute</Value></Attribute></Attributes><ChildElements><URDFElement z:Id="i374" i:type="Origin"><Attributes><Attribute z:Id="i375"><AttributeType>xyz</AttributeType><IsRequired>true</IsRequired><Value i:type="a:ArrayOfdouble" xmlns:a="http://schemas.microsoft.com/2003/10/Serialization/Arrays"><a:double>0.093</a:double><a:double>-0.0029078</a:double><a:double>-0.086836</a:double></Value></Attribute><Attribute z:Id="i376"><AttributeType>rpy</AttributeType><IsRequired>true</IsRequired><Value i:type="a:ArrayOfdouble" xmlns:a="http://schemas.microsoft.com/2003/10/Serialization/Arrays"><a:double>0</a:double><a:double>-1.5708</a:double><a:double>0</a:double></Value></Attribute></Attributes><ChildElements/><ElementName>origin</ElementName><required>false</required><RPYAttribute z:Ref="i376"/><XYZAttribute z:Ref="i375"/><isCustomized>false</isCustomized></URDFElement><URDFElement z:Id="i377" i:type="ParentLink"><Attributes><Attribute z:Id="i378"><AttributeType>link</AttributeType><IsRequired>true</IsRequired><Value i:type="a:string" xmlns:a="http://www.w3.org/2001/XMLSchema">link-4</Value></Attribute></Attributes><ChildElements/><ElementName>parent</ElementName><required>true</required><NameAttribute z:Ref="i378"/></URDFElement><URDFElement z:Id="i379" i:type="ChildLink"><Attributes><Attribute z:Id="i380"><AttributeType>link</AttributeType><IsRequired>true</IsRequired><Value i:type="a:string" xmlns:a="http://www.w3.org/2001/XMLSchema">link-5</Value></Attribute></Attributes><ChildElements/><ElementName>child</ElementName><required>true</required><NameAttribute z:Ref="i380"/></URDFElement><URDFElement z:Id="i381" i:type="Axis"><Attributes><Attribute z:Id="i382"><AttributeType>xyz</AttributeType><IsRequired>true</IsRequired><Value i:type="a:ArrayOfdouble" xmlns:a="http://schemas.microsoft.com/2003/10/Serialization/Arrays"><a:double>0</a:double><a:double>0</a:double><a:double>0</a:double></Value></Attribute></Attributes><ChildElements/><ElementName>axis</ElementName><required>false</required><XYZAttribute z:Ref="i382"/></URDFElement><URDFElement z:Id="i383" i:type="Limit"><Attributes><Attribute z:Id="i384"><AttributeType>lower</AttributeType><IsRequired>true</IsRequired><Value i:type="a:double" xmlns:a="http://www.w3.org/2001/XMLSchema">0</Value></Attribute><Attribute z:Id="i385"><AttributeType>upper</AttributeType><IsRequired>true</IsRequired><Value i:type="a:double" xmlns:a="http://www.w3.org/2001/XMLSchema">3.142</Value></Attribute><Attribute z:Id="i386"><AttributeType>effort</AttributeType><IsRequired>true</IsRequired><Value i:type="a:double" xmlns:a="http://www.w3.org/2001/XMLSchema">2.45</Value></Attribute><Attribute z:Id="i387"><AttributeType>velocity</AttributeType><IsRequired>true</IsRequired><Value i:type="a:double" xmlns:a="http://www.w3.org/2001/XMLSchema">2</Value></Attribute></Attributes><ChildElements/><ElementName>limit</ElementName><required>true</required><EffortAttribute z:Ref="i386"/><LowerAttribute z:Ref="i384"/><UpperAttribute z:Ref="i385"/><VelocityAttribute z:Ref="i387"/></URDFElement><URDFElement z:Id="i388" i:type="Calibration"><Attributes><Attribute z:Id="i389"><AttributeType>rising</AttributeType><IsRequired>false</IsRequired><Value i:nil="true"/></Attribute><Attribute z:Id="i390"><AttributeType>falling</AttributeType><IsRequired>false</IsRequired><Value i:nil="true"/></Attribute></Attributes><ChildElements/><ElementName>calibration</ElementName><required>false</required><FallingAttribute z:Ref="i390"/><RisingAttribute z:Ref="i389"/></URDFElement><URDFElement z:Id="i391" i:type="Dynamics"><Attributes><Attribute z:Id="i392"><AttributeType>damping</AttributeType><IsRequired>false</IsRequired><Value i:nil="true"/></Attribute><Attribute z:Id="i393"><AttributeType>friction</AttributeType><IsRequired>false</IsRequired><Value i:nil="true"/></Attribute></Attributes><ChildElements/><ElementName>dynamics</ElementName><required>false</required><DampingAttribute z:Ref="i392"/><FrictionAttribute z:Ref="i393"/></URDFElement><URDFElement z:Id="i394" i:type="SafetyController"><Attributes><Attribute z:Id="i395"><AttributeType>soft_upper</AttributeType><IsRequired>false</IsRequired><Value i:nil="true"/></Attribute><Attribute z:Id="i396"><AttributeType>soft_lower</AttributeType><IsRequired>false</IsRequired><Value i:nil="true"/></Attribute><Attribute z:Id="i397"><AttributeType>k_position</AttributeType><IsRequired>false</IsRequired><Value i:nil="true"/></Attribute><Attribute z:Id="i398"><AttributeType>k_velocity</AttributeType><IsRequired>true</IsRequired><Value i:nil="true"/></Attribute></Attributes><ChildElements/><ElementName>safety_controller</ElementName><required>false</required><KPositionAttribute z:Ref="i397"/><KVelocityAttribute z:Ref="i398"/><SoftLowerAttribute z:Ref="i396"/><SoftUpperAttribute z:Ref="i395"/></URDFElement><URDFElement z:Id="i399" i:type="Mimic"><Attributes><Attribute z:Id="i400"><AttributeType>joint</AttributeType><IsRequired>true</IsRequired><Value i:nil="true"/></Attribute><Attribute z:Id="i401"><AttributeType>multiplier</AttributeType><IsRequired>false</IsRequired><Value i:nil="true"/></Attribute><Attribute z:Id="i402"><AttributeType>offset</AttributeType><IsRequired>false</IsRequired><Value i:nil="true"/></Attribute></Attributes><ChildElements/><ElementName>mimic</ElementName><required>false</required><JointNameAttribute z:Ref="i400"/><MultiplierAttribute z:Ref="i401"/><OffsetAttribute z:Ref="i402"/></URDFElement></ChildElements><ElementName>joint</ElementName><required>false</required><Axis z:Ref="i381"/><AxisName>Axis25</AxisName><Calibration z:Ref="i388"/><Child z:Ref="i379"/><CoordinateSystemName>Origin_joint-52</CoordinateSystemName><Dynamics z:Ref="i391"/><Limit z:Ref="i383"/><Mimic z:Ref="i399"/><NameAttribute z:Ref="i372"/><Origin z:Ref="i374"/><Parent z:Ref="i377"/><Safety z:Ref="i394"/><TypeAttribute z:Ref="i373"/></URDFElement></ChildElements><ElementName>link</ElementName><required>true</required><Children><Link z:Id="i403"><Attributes><Attribute z:Id="i404"><AttributeType>name</AttributeType><IsRequired>true</IsRequired><Value i:type="a:string" xmlns:a="http://www.w3.org/2001/XMLSchema">gripper-palm</Value></Attribute></Attributes><ChildElements><URDFElement z:Id="i405" i:type="Inertial"><Attributes/><ChildElements><URDFElement z:Id="i406" i:type="Origin"><Attributes><Attribute z:Id="i407"><AttributeType>xyz</AttributeType><IsRequired>true</IsRequired><Value i:type="a:ArrayOfdouble" xmlns:a="http://schemas.microsoft.com/2003/10/Serialization/Arrays"><a:double>0.0060026</a:double><a:double>-0.01055</a:double><a:double>0.019859</a:double></Value></Attribute><Attribute z:Id="i408"><AttributeType>rpy</AttributeType><IsRequired>true</IsRequired><Value i:type="a:ArrayOfdouble" xmlns:a="http://schemas.microsoft.com/2003/10/Serialization/Arrays"><a:double>0</a:double><a:double>0</a:double><a:double>0</a:double></Value></Attribute></Attributes><ChildElements/><ElementName>origin</ElementName><required>false</required><RPYAttribute z:Ref="i408"/><XYZAttribute z:Ref="i407"/><isCustomized>false</isCustomized></URDFElement><URDFElement z:Id="i409" i:type="Mass"><Attributes><Attribute z:Id="i410"><AttributeType>value</AttributeType><IsRequired>true</IsRequired><Value i:type="a:double" xmlns:a="http://www.w3.org/2001/XMLSchema">0.081485</Value></Attribute></Attributes><ChildElements/><ElementName>mass</ElementName><required>false</required><ValueAttribute z:Ref="i410"/></URDFElement><URDFElement z:Id="i411" i:type="Inertia"><Attributes><Attribute z:Id="i412"><AttributeType>ixx</AttributeType><IsRequired>true</IsRequired><Value i:type="a:double" xmlns:a="http://www.w3.org/2001/XMLSchema">5.0674E-05</Value></Attribute><Attribute z:Id="i413"><AttributeType>ixy</AttributeType><IsRequired>true</IsRequired><Value i:type="a:double" xmlns:a="http://www.w3.org/2001/XMLSchema">7.9164E-06</Value></Attribute><Attribute z:Id="i414"><AttributeType>ixz</AttributeType><IsRequired>true</IsRequired><Value i:type="a:double" xmlns:a="http://www.w3.org/2001/XMLSchema">-5.3733E-06</Value></Attribute><Attribute z:Id="i415"><AttributeType>iyy</AttributeType><IsRequired>true</IsRequired><Value i:type="a:double" xmlns:a="http://www.w3.org/2001/XMLSchema">6.2358E-05</Value></Attribute><Attribute z:Id="i416"><AttributeType>iyz</AttributeType><IsRequired>true</IsRequired><Value i:type="a:double" xmlns:a="http://www.w3.org/2001/XMLSchema">9.4438E-06</Value></Attribute><Attribute z:Id="i417"><AttributeType>izz</AttributeType><IsRequired>true</IsRequired><Value i:type="a:double" xmlns:a="http://www.w3.org/2001/XMLSchema">5.0168E-05</Value></Attribute></Attributes><ChildElements/><ElementName>inertia</ElementName><required>false</required><IxxAttribute z:Ref="i412"/><IxyAttribute z:Ref="i413"/><IxzAttribute z:Ref="i414"/><IyyAttribute z:Ref="i415"/><IyzAttribute z:Ref="i416"/><IzzAttribute z:Ref="i417"/></URDFElement></ChildElements><ElementName>inertial</ElementName><required>false</required><Inertia z:Ref="i411"/><Mass z:Ref="i409"/><Origin z:Ref="i406"/></URDFElement><URDFElement z:Id="i418" i:type="Visual"><Attributes/><ChildElements><URDFElement z:Id="i419" i:type="Origin"><Attributes><Attribute z:Id="i420"><AttributeType>xyz</AttributeType><IsRequired>true</IsRequired><Value i:type="a:ArrayOfdouble" xmlns:a="http://schemas.microsoft.com/2003/10/Serialization/Arrays"><a:double>0</a:double><a:double>0</a:double><a:double>0</a:double></Value></Attribute><Attribute z:Id="i421"><AttributeType>rpy</AttributeType><IsRequired>true</IsRequired><Value i:type="a:ArrayOfdouble" xmlns:a="http://schemas.microsoft.com/2003/10/Serialization/Arrays"><a:double>0</a:double><a:double>0</a:double><a:double>0</a:double></Value></Attribute></Attributes><ChildElements/><ElementName>origin</ElementName><required>false</required><RPYAttribute z:Ref="i421"/><XYZAttribute z:Ref="i420"/><isCustomized>false</isCustomized></URDFElement><URDFElement z:Id="i422" i:type="Geometry"><Attributes/><ChildElements><URDFElement z:Id="i423" i:type="Mesh"><Attributes><Attribute z:Id="i424"><AttributeType>filename</AttributeType><IsRequired>true</IsRequired><Value i:nil="true"/></Attribute></Attributes><ChildElements/><ElementName>mesh</ElementName><required>false</required><FilenameAttribute z:Ref="i424"/></URDFElement></ChildElements><ElementName>geometry</ElementName><required>true</required><Mesh z:Ref="i423"/></URDFElement><URDFElement z:Id="i425" i:type="Material"><Attributes><Attribute z:Id="i426"><AttributeType>name</AttributeType><IsRequired>true</IsRequired><Value i:type="a:string" xmlns:a="http://www.w3.org/2001/XMLSchema"/></Attribute></Attributes><ChildElements><URDFElement z:Id="i427" i:type="Color"><Attributes><Attribute z:Id="i428"><AttributeType>rgba</AttributeType><IsRequired>true</IsRequired><Value i:type="a:ArrayOfdouble" xmlns:a="http://schemas.microsoft.com/2003/10/Serialization/Arrays"><a:double>1</a:double><a:double>1</a:double><a:double>1</a:double><a:double>1</a:double></Value></Attribute></Attributes><ChildElements/><ElementName>color</ElementName><required>false</required><RGBAAttribute z:Ref="i428"/></URDFElement><URDFElement z:Id="i429" i:type="Texture"><Attributes><Attribute z:Id="i430"><AttributeType>filename</AttributeType><IsRequired>true</IsRequired><Value i:nil="true"/></Attribute></Attributes><ChildElements/><ElementName>texture</ElementName><required>false</required><FilenameAttribute z:Ref="i430"/><wFilename/></URDFElement></ChildElements><ElementName>material</ElementName><required>false</required><Color z:Ref="i427"/><NameAttribute z:Ref="i426"/><Texture z:Ref="i429"/></URDFElement></ChildElements><ElementName>visual</ElementName><required>false</required><Geometry z:Ref="i422"/><Material z:Ref="i425"/><Origin z:Ref="i419"/></URDFElement><URDFElement z:Id="i431" i:type="Collision"><Attributes/><ChildElements><URDFElement z:Id="i432" i:type="Origin"><Attributes><Attribute z:Id="i433"><AttributeType>xyz</AttributeType><IsRequired>true</IsRequired><Value i:type="a:ArrayOfdouble" xmlns:a="http://schemas.microsoft.com/2003/10/Serialization/Arrays"><a:double>0</a:double><a:double>0</a:double><a:double>0</a:double></Value></Attribute><Attribute z:Id="i434"><AttributeType>rpy</AttributeType><IsRequired>true</IsRequired><Value i:type="a:ArrayOfdouble" xmlns:a="http://schemas.microsoft.com/2003/10/Serialization/Arrays"><a:double>0</a:double><a:double>0</a:double><a:double>0</a:double></Value></Attribute></Attributes><ChildElements/><ElementName>origin</ElementName><required>false</required><RPYAttribute z:Ref="i434"/><XYZAttribute z:Ref="i433"/><isCustomized>false</isCustomized></URDFElement><URDFElement z:Id="i435" i:type="Geometry"><Attributes/><ChildElements><URDFElement z:Id="i436" i:type="Mesh"><Attributes><Attribute z:Id="i437"><AttributeType>filename</AttributeType><IsRequired>true</IsRequired><Value i:nil="true"/></Attribute></Attributes><ChildElements/><ElementName>mesh</ElementName><required>false</required><FilenameAttribute z:Ref="i437"/></URDFElement></ChildElements><ElementName>geometry</ElementName><required>true</required><Mesh z:Ref="i436"/></URDFElement></ChildElements><ElementName>collision</ElementName><required>false</required><Geometry z:Ref="i435"/><Origin z:Ref="i432"/></URDFElement><URDFElement z:Id="i438" i:type="Joint"><Attributes><Attribute z:Id="i439"><AttributeType>name</AttributeType><IsRequired>true</IsRequired><Value i:type="a:string" xmlns:a="http://www.w3.org/2001/XMLSchema">gripper-palm-joint</Value></Attribute><Attribute z:Id="i440"><AttributeType>type</AttributeType><IsRequired>true</IsRequired><Value i:type="a:string" xmlns:a="http://www.w3.org/2001/XMLSchema">fixed</Value></Attribute></Attributes><ChildElements><URDFElement z:Id="i441" i:type="Origin"><Attributes><Attribute z:Id="i442"><AttributeType>xyz</AttributeType><IsRequired>true</IsRequired><Value i:type="a:ArrayOfdouble" xmlns:a="http://schemas.microsoft.com/2003/10/Serialization/Arrays"><a:double>0.061816</a:double><a:double>-0.009</a:double><a:double>0.03</a:double></Value></Attribute><Attribute z:Id="i443"><AttributeType>rpy</AttributeType><IsRequired>true</IsRequired><Value i:type="a:ArrayOfdouble" xmlns:a="http://schemas.microsoft.com/2003/10/Serialization/Arrays"><a:double>0</a:double><a:double>0</a:double><a:double>3.1416</a:double></Value></Attribute></Attributes><ChildElements/><ElementName>origin</ElementName><required>false</required><RPYAttribute z:Ref="i443"/><XYZAttribute z:Ref="i442"/><isCustomized>false</isCustomized></URDFElement><URDFElement z:Id="i444" i:type="ParentLink"><Attributes><Attribute z:Id="i445"><AttributeType>link</AttributeType><IsRequired>true</IsRequired><Value i:type="a:string" xmlns:a="http://www.w3.org/2001/XMLSchema">link-5</Value></Attribute></Attributes><ChildElements/><ElementName>parent</ElementName><required>true</required><NameAttribute z:Ref="i445"/></URDFElement><URDFElement z:Id="i446" i:type="ChildLink"><Attributes><Attribute z:Id="i447"><AttributeType>link</AttributeType><IsRequired>true</IsRequired><Value i:type="a:string" xmlns:a="http://www.w3.org/2001/XMLSchema">gripper-palm</Value></Attribute></Attributes><ChildElements/><ElementName>child</ElementName><required>true</required><NameAttribute z:Ref="i447"/></URDFElement><URDFElement z:Id="i448" i:type="Axis"><Attributes><Attribute z:Id="i449"><AttributeType>xyz</AttributeType><IsRequired>true</IsRequired><Value i:type="a:ArrayOfdouble" xmlns:a="http://schemas.microsoft.com/2003/10/Serialization/Arrays"><a:double>0</a:double><a:double>0</a:double><a:double>0</a:double></Value></Attribute></Attributes><ChildElements/><ElementName>axis</ElementName><required>false</required><XYZAttribute z:Ref="i449"/></URDFElement><URDFElement z:Id="i450" i:type="Limit"><Attributes><Attribute z:Id="i451"><AttributeType>lower</AttributeType><IsRequired>false</IsRequired><Value i:nil="true"/></Attribute><Attribute z:Id="i452"><AttributeType>upper</AttributeType><IsRequired>false</IsRequired><Value i:nil="true"/></Attribute><Attribute z:Id="i453"><AttributeType>effort</AttributeType><IsRequired>true</IsRequired><Value i:nil="true"/></Attribute><Attribute z:Id="i454"><AttributeType>velocity</AttributeType><IsRequired>true</IsRequired><Value i:nil="true"/></Attribute></Attributes><ChildElements/><ElementName>limit</ElementName><required>false</required><EffortAttribute z:Ref="i453"/><LowerAttribute z:Ref="i451"/><UpperAttribute z:Ref="i452"/><VelocityAttribute z:Ref="i454"/></URDFElement><URDFElement z:Id="i455" i:type="Calibration"><Attributes><Attribute z:Id="i456"><AttributeType>rising</AttributeType><IsRequired>false</IsRequired><Value i:nil="true"/></Attribute><Attribute z:Id="i457"><AttributeType>falling</AttributeType><IsRequired>false</IsRequired><Value i:nil="true"/></Attribute></Attributes><ChildElements/><ElementName>calibration</ElementName><required>false</required><FallingAttribute z:Ref="i457"/><RisingAttribute z:Ref="i456"/></URDFElement><URDFElement z:Id="i458" i:type="Dynamics"><Attributes><Attribute z:Id="i459"><AttributeType>damping</AttributeType><IsRequired>false</IsRequired><Value i:nil="true"/></Attribute><Attribute z:Id="i460"><AttributeType>friction</AttributeType><IsRequired>false</IsRequired><Value i:nil="true"/></Attribute></Attributes><ChildElements/><ElementName>dynamics</ElementName><required>false</required><DampingAttribute z:Ref="i459"/><FrictionAttribute z:Ref="i460"/></URDFElement><URDFElement z:Id="i461" i:type="SafetyController"><Attributes><Attribute z:Id="i462"><AttributeType>soft_upper</AttributeType><IsRequired>false</IsRequired><Value i:nil="true"/></Attribute><Attribute z:Id="i463"><AttributeType>soft_lower</AttributeType><IsRequired>false</IsRequired><Value i:nil="true"/></Attribute><Attribute z:Id="i464"><AttributeType>k_position</AttributeType><IsRequired>false</IsRequired><Value i:nil="true"/></Attribute><Attribute z:Id="i465"><AttributeType>k_velocity</AttributeType><IsRequired>true</IsRequired><Value i:nil="true"/></Attribute></Attributes><ChildElements/><ElementName>safety_controller</ElementName><required>false</required><KPositionAttribute z:Ref="i464"/><KVelocityAttribute z:Ref="i465"/><SoftLowerAttribute z:Ref="i463"/><SoftUpperAttribute z:Ref="i462"/></URDFElement><URDFElement z:Id="i466" i:type="Mimic"><Attributes><Attribute z:Id="i467"><AttributeType>joint</AttributeType><IsRequired>true</IsRequired><Value i:nil="true"/></Attribute><Attribute z:Id="i468"><AttributeType>multiplier</AttributeType><IsRequired>false</IsRequired><Value i:nil="true"/></Attribute><Attribute z:Id="i469"><AttributeType>offset</AttributeType><IsRequired>false</IsRequired><Value i:nil="true"/></Attribute></Attributes><ChildElements/><ElementName>mimic</ElementName><required>false</required><JointNameAttribute z:Ref="i467"/><MultiplierAttribute z:Ref="i468"/><OffsetAttribute z:Ref="i469"/></URDFElement></ChildElements><ElementName>joint</ElementName><required>false</required><Axis z:Ref="i448"/><AxisName>Automatically Generate</AxisName><Calibration z:Ref="i455"/><Child z:Ref="i446"/><CoordinateSystemName>Origin_gripper-palm-joint2</CoordinateSystemName><Dynamics z:Ref="i458"/><Limit z:Ref="i450"/><Mimic z:Ref="i466"/><NameAttribute z:Ref="i439"/><Origin z:Ref="i441"/><Parent z:Ref="i444"/><Safety z:Ref="i461"/><TypeAttribute z:Ref="i440"/></URDFElement></ChildElements><ElementName>link</ElementName><required>true</required><Children><Link z:Id="i470"><Attributes><Attribute z:Id="i471"><AttributeType>name</AttributeType><IsRequired>true</IsRequired><Value i:type="a:string" xmlns:a="http://www.w3.org/2001/XMLSchema">left-jaw</Value></Attribute></Attributes><ChildElements><URDFElement z:Id="i472" i:type="Inertial"><Attributes/><ChildElements><URDFElement z:Id="i473" i:type="Origin"><Attributes><Attribute z:Id="i474"><AttributeType>xyz</AttributeType><IsRequired>true</IsRequired><Value i:type="a:ArrayOfdouble" xmlns:a="http://schemas.microsoft.com/2003/10/Serialization/Arrays"><a:double>-0.028589</a:double><a:double>0.0052053</a:double><a:double>0.031068</a:double></Value></Attribute><Attribute z:Id="i475"><AttributeType>rpy</AttributeType><IsRequired>true</IsRequired><Value i:type="a:ArrayOfdouble" xmlns:a="http://schemas.microsoft.com/2003/10/Serialization/Arrays"><a:double>0</a:double><a:double>0</a:double><a:double>0</a:double></Value></Attribute></Attributes><ChildElements/><ElementName>origin</ElementName><required>false</required><RPYAttribute z:Ref="i475"/><XYZAttribute z:Ref="i474"/><isCustomized>false</isCustomized></URDFElement><URDFElement z:Id="i476" i:type="Mass"><Attributes><Attribute z:Id="i477"><AttributeType>value</AttributeType><IsRequired>true</IsRequired><Value i:type="a:double" xmlns:a="http://www.w3.org/2001/XMLSchema">0.027503</Value></Attribute></Attributes><ChildElements/><ElementName>mass</ElementName><required>false</required><ValueAttribute z:Ref="i477"/></URDFElement><URDFElement z:Id="i478" i:type="Inertia"><Attributes><Attribute z:Id="i479"><AttributeType>ixx</AttributeType><IsRequired>true</IsRequired><Value i:type="a:double" xmlns:a="http://www.w3.org/2001/XMLSchema">4.9094E-05</Value></Attribute><Attribute z:Id="i480"><AttributeType>ixy</AttributeType><IsRequired>true</IsRequired><Value i:type="a:double" xmlns:a="http://www.w3.org/2001/XMLSchema">-1.9586E-08</Value></Attribute><Attribute z:Id="i481"><AttributeType>ixz</AttributeType><IsRequired>true</IsRequired><Value i:type="a:double" xmlns:a="http://www.w3.org/2001/XMLSchema">3.2876E-05</Value></Attribute><Attribute z:Id="i482"><AttributeType>iyy</AttributeType><IsRequired>true</IsRequired><Value i:type="a:double" xmlns:a="http://www.w3.org/2001/XMLSchema">8.0343E-05</Value></Attribute><Attribute z:Id="i483"><AttributeType>iyz</AttributeType><IsRequired>true</IsRequired><Value i:type="a:double" xmlns:a="http://www.w3.org/2001/XMLSchema">6.6402E-09</Value></Attribute><Attribute z:Id="i484"><AttributeType>izz</AttributeType><IsRequired>true</IsRequired><Value i:type="a:double" xmlns:a="http://www.w3.org/2001/XMLSchema">3.1643E-05</Value></Attribute></Attributes><ChildElements/><ElementName>inertia</ElementName><required>false</required><IxxAttribute z:Ref="i479"/><IxyAttribute z:Ref="i480"/><IxzAttribute z:Ref="i481"/><IyyAttribute z:Ref="i482"/><IyzAttribute z:Ref="i483"/><IzzAttribute z:Ref="i484"/></URDFElement></ChildElements><ElementName>inertial</ElementName><required>false</required><Inertia z:Ref="i478"/><Mass z:Ref="i476"/><Origin z:Ref="i473"/></URDFElement><URDFElement z:Id="i485" i:type="Visual"><Attributes/><ChildElements><URDFElement z:Id="i486" i:type="Origin"><Attributes><Attribute z:Id="i487"><AttributeType>xyz</AttributeType><IsRequired>true</IsRequired><Value i:type="a:ArrayOfdouble" xmlns:a="http://schemas.microsoft.com/2003/10/Serialization/Arrays"><a:double>0</a:double><a:double>0</a:double><a:double>0</a:double></Value></Attribute><Attribute z:Id="i488"><AttributeType>rpy</AttributeType><IsRequired>true</IsRequired><Value i:type="a:ArrayOfdouble" xmlns:a="http://schemas.microsoft.com/2003/10/Serialization/Arrays"><a:double>0</a:double><a:double>0</a:double><a:double>0</a:double></Value></Attribute></Attributes><ChildElements/><ElementName>origin</ElementName><required>false</required><RPYAttribute z:Ref="i488"/><XYZAttribute z:Ref="i487"/><isCustomized>false</isCustomized></URDFElement><URDFElement z:Id="i489" i:type="Geometry"><Attributes/><ChildElements><URDFElement z:Id="i490" i:type="Mesh"><Attributes><Attribute z:Id="i491"><AttributeType>filename</AttributeType><IsRequired>true</IsRequired><Value i:nil="true"/></Attribute></Attributes><ChildElements/><ElementName>mesh</ElementName><required>false</required><FilenameAttribute z:Ref="i491"/></URDFElement></ChildElements><ElementName>geometry</ElementName><required>true</required><Mesh z:Ref="i490"/></URDFElement><URDFElement z:Id="i492" i:type="Material"><Attributes><Attribute z:Id="i493"><AttributeType>name</AttributeType><IsRequired>true</IsRequired><Value i:type="a:string" xmlns:a="http://www.w3.org/2001/XMLSchema"/></Attribute></Attributes><ChildElements><URDFElement z:Id="i494" i:type="Color"><Attributes><Attribute z:Id="i495"><AttributeType>rgba</AttributeType><IsRequired>true</IsRequired><Value i:type="a:ArrayOfdouble" xmlns:a="http://schemas.microsoft.com/2003/10/Serialization/Arrays"><a:double>0</a:double><a:double>0.50196</a:double><a:double>1</a:double><a:double>1</a:double></Value></Attribute></Attributes><ChildElements/><ElementName>color</ElementName><required>false</required><RGBAAttribute z:Ref="i495"/></URDFElement><URDFElement z:Id="i496" i:type="Texture"><Attributes><Attribute z:Id="i497"><AttributeType>filename</AttributeType><IsRequired>true</IsRequired><Value i:nil="true"/></Attribute></Attributes><ChildElements/><ElementName>texture</ElementName><required>false</required><FilenameAttribute z:Ref="i497"/><wFilename/></URDFElement></ChildElements><ElementName>material</ElementName><required>false</required><Color z:Ref="i494"/><NameAttribute z:Ref="i493"/><Texture z:Ref="i496"/></URDFElement></ChildElements><ElementName>visual</ElementName><required>false</required><Geometry z:Ref="i489"/><Material z:Ref="i492"/><Origin z:Ref="i486"/></URDFElement><URDFElement z:Id="i498" i:type="Collision"><Attributes/><ChildElements><URDFElement z:Id="i499" i:type="Origin"><Attributes><Attribute z:Id="i500"><AttributeType>xyz</AttributeType><IsRequired>true</IsRequired><Value i:type="a:ArrayOfdouble" xmlns:a="http://schemas.microsoft.com/2003/10/Serialization/Arrays"><a:double>0</a:double><a:double>0</a:double><a:double>0</a:double></Value></Attribute><Attribute z:Id="i501"><AttributeType>rpy</AttributeType><IsRequired>true</IsRequired><Value i:type="a:ArrayOfdouble" xmlns:a="http://schemas.microsoft.com/2003/10/Serialization/Arrays"><a:double>0</a:double><a:double>0</a:double><a:double>0</a:double></Value></Attribute></Attributes><ChildElements/><ElementName>origin</ElementName><required>false</required><RPYAttribute z:Ref="i501"/><XYZAttribute z:Ref="i500"/><isCustomized>false</isCustomized></URDFElement><URDFElement z:Id="i502" i:type="Geometry"><Attributes/><ChildElements><URDFElement z:Id="i503" i:type="Mesh"><Attributes><Attribute z:Id="i504"><AttributeType>filename</AttributeType><IsRequired>true</IsRequired><Value i:nil="true"/></Attribute></Attributes><ChildElements/><ElementName>mesh</ElementName><required>false</required><FilenameAttribute z:Ref="i504"/></URDFElement></ChildElements><ElementName>geometry</ElementName><required>true</required><Mesh z:Ref="i503"/></URDFElement></ChildElements><ElementName>collision</ElementName><required>false</required><Geometry z:Ref="i502"/><Origin z:Ref="i499"/></URDFElement><URDFElement z:Id="i505" i:type="Joint"><Attributes><Attribute z:Id="i506"><AttributeType>name</AttributeType><IsRequired>true</IsRequired><Value i:type="a:string" xmlns:a="http://www.w3.org/2001/XMLSchema">left-jaw-joint</Value></Attribute><Attribute z:Id="i507"><AttributeType>type</AttributeType><IsRequired>true</IsRequired><Value i:type="a:string" xmlns:a="http://www.w3.org/2001/XMLSchema">revolute</Value></Attribute></Attributes><ChildElements><URDFElement z:Id="i508" i:type="Origin"><Attributes><Attribute z:Id="i509"><AttributeType>xyz</AttributeType><IsRequired>true</IsRequired><Value i:type="a:ArrayOfdouble" xmlns:a="http://schemas.microsoft.com/2003/10/Serialization/Arrays"><a:double>-0.022808</a:double><a:double>-0.0032752</a:double><a:double>0.030844</a:double></Value></Attribute><Attribute z:Id="i510"><AttributeType>rpy</AttributeType><IsRequired>true</IsRequired><Value i:type="a:ArrayOfdouble" xmlns:a="http://schemas.microsoft.com/2003/10/Serialization/Arrays"><a:double>0</a:double><a:double>0.62301</a:double><a:double>0</a:double></Value></Attribute></Attributes><ChildElements/><ElementName>origin</ElementName><required>false</required><RPYAttribute z:Ref="i510"/><XYZAttribute z:Ref="i509"/><isCustomized>false</isCustomized></URDFElement><URDFElement z:Id="i511" i:type="ParentLink"><Attributes><Attribute z:Id="i512"><AttributeType>link</AttributeType><IsRequired>true</IsRequired><Value i:type="a:string" xmlns:a="http://www.w3.org/2001/XMLSchema">gripper-palm</Value></Attribute></Attributes><ChildElements/><ElementName>parent</ElementName><required>true</required><NameAttribute z:Ref="i512"/></URDFElement><URDFElement z:Id="i513" i:type="ChildLink"><Attributes><Attribute z:Id="i514"><AttributeType>link</AttributeType><IsRequired>true</IsRequired><Value i:type="a:string" xmlns:a="http://www.w3.org/2001/XMLSchema">left-jaw</Value></Attribute></Attributes><ChildElements/><ElementName>child</ElementName><required>true</required><NameAttribute z:Ref="i514"/></URDFElement><URDFElement z:Id="i515" i:type="Axis"><Attributes><Attribute z:Id="i516"><AttributeType>xyz</AttributeType><IsRequired>true</IsRequired><Value i:type="a:ArrayOfdouble" xmlns:a="http://schemas.microsoft.com/2003/10/Serialization/Arrays"><a:double>0</a:double><a:double>0</a:double><a:double>0</a:double></Value></Attribute></Attributes><ChildElements/><ElementName>axis</ElementName><required>false</required><XYZAttribute z:Ref="i516"/></URDFElement><URDFElement z:Id="i517" i:type="Limit"><Attributes><Attribute z:Id="i518"><AttributeType>lower</AttributeType><IsRequired>true</IsRequired><Value i:type="a:double" xmlns:a="http://www.w3.org/2001/XMLSchema">0</Value></Attribute><Attribute z:Id="i519"><AttributeType>upper</AttributeType><IsRequired>true</IsRequired><Value i:type="a:double" xmlns:a="http://www.w3.org/2001/XMLSchema">7</Value></Attribute><Attribute z:Id="i520"><AttributeType>effort</AttributeType><IsRequired>true</IsRequired><Value i:type="a:double" xmlns:a="http://www.w3.org/2001/XMLSchema">2.45</Value></Attribute><Attribute z:Id="i521"><AttributeType>velocity</AttributeType><IsRequired>true</IsRequired><Value i:type="a:double" xmlns:a="http://www.w3.org/2001/XMLSchema">1</Value></Attribute></Attributes><ChildElements/><ElementName>limit</ElementName><required>true</required><EffortAttribute z:Ref="i520"/><LowerAttribute z:Ref="i518"/><UpperAttribute z:Ref="i519"/><VelocityAttribute z:Ref="i521"/></URDFElement><URDFElement z:Id="i522" i:type="Calibration"><Attributes><Attribute z:Id="i523"><AttributeType>rising</AttributeType><IsRequired>false</IsRequired><Value i:nil="true"/></Attribute><Attribute z:Id="i524"><AttributeType>falling</AttributeType><IsRequired>false</IsRequired><Value i:nil="true"/></Attribute></Attributes><ChildElements/><ElementName>calibration</ElementName><required>false</required><FallingAttribute z:Ref="i524"/><RisingAttribute z:Ref="i523"/></URDFElement><URDFElement z:Id="i525" i:type="Dynamics"><Attributes><Attribute z:Id="i526"><AttributeType>damping</AttributeType><IsRequired>false</IsRequired><Value i:nil="true"/></Attribute><Attribute z:Id="i527"><AttributeType>friction</AttributeType><IsRequired>false</IsRequired><Value i:nil="true"/></Attribute></Attributes><ChildElements/><ElementName>dynamics</ElementName><required>false</required><DampingAttribute z:Ref="i526"/><FrictionAttribute z:Ref="i527"/></URDFElement><URDFElement z:Id="i528" i:type="SafetyController"><Attributes><Attribute z:Id="i529"><AttributeType>soft_upper</AttributeType><IsRequired>false</IsRequired><Value i:nil="true"/></Attribute><Attribute z:Id="i530"><AttributeType>soft_lower</AttributeType><IsRequired>false</IsRequired><Value i:nil="true"/></Attribute><Attribute z:Id="i531"><AttributeType>k_position</AttributeType><IsRequired>false</IsRequired><Value i:nil="true"/></Attribute><Attribute z:Id="i532"><AttributeType>k_velocity</AttributeType><IsRequired>true</IsRequired><Value i:nil="true"/></Attribute></Attributes><ChildElements/><ElementName>safety_controller</ElementName><required>false</required><KPositionAttribute z:Ref="i531"/><KVelocityAttribute z:Ref="i532"/><SoftLowerAttribute z:Ref="i530"/><SoftUpperAttribute z:Ref="i529"/></URDFElement><URDFElement z:Id="i533" i:type="Mimic"><Attributes><Attribute z:Id="i534"><AttributeType>joint</AttributeType><IsRequired>true</IsRequired><Value i:nil="true"/></Attribute><Attribute z:Id="i535"><AttributeType>multiplier</AttributeType><IsRequired>false</IsRequired><Value i:nil="true"/></Attribute><Attribute z:Id="i536"><AttributeType>offset</AttributeType><IsRequired>false</IsRequired><Value i:nil="true"/></Attribute></Attributes><ChildElements/><ElementName>mimic</ElementName><required>false</required><JointNameAttribute z:Ref="i534"/><MultiplierAttribute z:Ref="i535"/><OffsetAttribute z:Ref="i536"/></URDFElement></ChildElements><ElementName>joint</ElementName><required>false</required><Axis z:Ref="i515"/><AxisName>Axis20</AxisName><Calibration z:Ref="i522"/><Child z:Ref="i513"/><CoordinateSystemName>Origin_left-jaw-joint2</CoordinateSystemName><Dynamics z:Ref="i525"/><Limit z:Ref="i517"/><Mimic z:Ref="i533"/><NameAttribute z:Ref="i506"/><Origin z:Ref="i508"/><Parent z:Ref="i511"/><Safety z:Ref="i528"/><TypeAttribute z:Ref="i507"/></URDFElement></ChildElements><ElementName>link</ElementName><required>true</required><Children/><Collision z:Ref="i498"/><Inertial z:Ref="i472"/><Joint z:Ref="i505"/><NameAttribute z:Ref="i471"/><Parent z:Ref="i403"/><STLQualityFine>false</STLQualityFine><SWComponentPIDs xmlns:a="http://schemas.microsoft.com/2003/10/Serialization/Arrays"><a:base64Binary>WBsAAAUAAAD//v88QQBzAHMAZQBtADEANAAtADEAQAA1AC0AZABvAGYAXwByAG8AYgBvAHQAaQBjAF8AYQByAG0AXwB2AGUAcgAtADIALgAxAC4AMQAvAEcAZQBhAHIAIAAxAC4AMQAuAGkAcAB0AC0AMQBAAEEAcwBzAGUAbQAxADQABAAAABAAAAABAAAAAgAAAOcAAAAWAAAA</a:base64Binary><a:base64Binary>WBsAAAUAAAD//v81QQBzAHMAZQBtADEANAAtADEAQAA1AC0AZABvAGYAXwByAG8AYgBvAHQAaQBjAF8AYQByAG0AXwB2AGUAcgAtADIALgAxAC4AMQAvAFAAYQByAHQANAAtADEAQABBAHMAcwBlAG0AMQA0AAQAAAAQAAAAAQAAAAIAAADnAAAALwAAAA==</a:base64Binary><a:base64Binary>WBsAAAUAAAD//v88QQBzAHMAZQBtADMALQAxAEAANQAtAGQAbwBmAF8AcgBvAGIAbwB0AGkAYwBfAGEAcgBtAF8AdgBlAHIALQAyAC4AMQAuADEALwBTAHQAcgBhAGkAbgAgAEcAYQB1AGcAZQAtADEALQAxAEAAQQBzAHMAZQBtADMABAAAABAAAAABAAAAAgAAACQCAAAUAAAA</a:base64Binary></SWComponentPIDs><SWMainComponentPID i:nil="true"/><Visual z:Ref="i485"/><isFixedFrame>false</isFixedFrame><isIncomplete>false</isIncomplete></Link><Link z:Id="i537"><Attributes><Attribute z:Id="i538"><AttributeType>name</AttributeType><IsRequired>true</IsRequired><Value i:type="a:string" xmlns:a="http://www.w3.org/2001/XMLSchema">right-jaw</Value></Attribute></Attributes><ChildElements><URDFElement z:Id="i539" i:type="Inertial"><Attributes/><ChildElements><URDFElement z:Id="i540" i:type="Origin"><Attributes><Attribute z:Id="i541"><AttributeType>xyz</AttributeType><IsRequired>true</IsRequired><Value i:type="a:ArrayOfdouble" xmlns:a="http://schemas.microsoft.com/2003/10/Serialization/Arrays"><a:double>-0.028589130219502268</a:double><a:double>0.005205337728317605</a:double><a:double>0.031067668423527206</a:double></Value></Attribute><Attribute z:Id="i542"><AttributeType>rpy</AttributeType><IsRequired>true</IsRequired><Value i:type="a:ArrayOfdouble" xmlns:a="http://schemas.microsoft.com/2003/10/Serialization/Arrays"><a:double>0</a:double><a:double>0</a:double><a:double>0</a:double></Value></Attribute></Attributes><ChildElements/><ElementName>origin</ElementName><required>false</required><RPYAttribute z:Ref="i542"/><XYZAttribute z:Ref="i541"/><isCustomized>false</isCustomized></URDFElement><URDFElement z:Id="i543" i:type="Mass"><Attributes><Attribute z:Id="i544"><AttributeType>value</AttributeType><IsRequired>true</IsRequired><Value i:type="a:double" xmlns:a="http://www.w3.org/2001/XMLSchema">0.027502978286191811</Value></Attribute></Attributes><ChildElements/><ElementName>mass</ElementName><required>false</required><ValueAttribute z:Ref="i544"/></URDFElement><URDFElement z:Id="i545" i:type="Inertia"><Attributes><Attribute z:Id="i546"><AttributeType>ixx</AttributeType><IsRequired>true</IsRequired><Value i:type="a:double" xmlns:a="http://www.w3.org/2001/XMLSchema">4.9094291195506531E-05</Value></Attribute><Attribute z:Id="i547"><AttributeType>ixy</AttributeType><IsRequired>true</IsRequired><Value i:type="a:double" xmlns:a="http://www.w3.org/2001/XMLSchema">-1.958572391482584E-08</Value></Attribute><Attribute z:Id="i548"><AttributeType>ixz</AttributeType><IsRequired>true</IsRequired><Value i:type="a:double" xmlns:a="http://www.w3.org/2001/XMLSchema">3.2876277523318191E-05</Value></Attribute><Attribute z:Id="i549"><AttributeType>iyy</AttributeType><IsRequired>true</IsRequired><Value i:type="a:double" xmlns:a="http://www.w3.org/2001/XMLSchema">8.0342882268224919E-05</Value></Attribute><Attribute z:Id="i550"><AttributeType>iyz</AttributeType><IsRequired>true</IsRequired><Value i:type="a:double" xmlns:a="http://www.w3.org/2001/XMLSchema">6.6401863458290982E-09</Value></Attribute><Attribute z:Id="i551"><AttributeType>izz</AttributeType><IsRequired>true</IsRequired><Value i:type="a:double" xmlns:a="http://www.w3.org/2001/XMLSchema">3.1642738548300478E-05</Value></Attribute></Attributes><ChildElements/><ElementName>inertia</ElementName><required>false</required><IxxAttribute z:Ref="i546"/><IxyAttribute z:Ref="i547"/><IxzAttribute z:Ref="i548"/><IyyAttribute z:Ref="i549"/><IyzAttribute z:Ref="i550"/><IzzAttribute z:Ref="i551"/></URDFElement></ChildElements><ElementName>inertial</ElementName><required>false</required><Inertia z:Ref="i545"/><Mass z:Ref="i543"/><Origin z:Ref="i540"/></URDFElement><URDFElement z:Id="i552" i:type="Visual"><Attributes/><ChildElements><URDFElement z:Id="i553" i:type="Origin"><Attributes><Attribute z:Id="i554"><AttributeType>xyz</AttributeType><IsRequired>true</IsRequired><Value i:type="a:ArrayOfdouble" xmlns:a="http://schemas.microsoft.com/2003/10/Serialization/Arrays"><a:double>0</a:double><a:double>0</a:double><a:double>0</a:double></Value></Attribute><Attribute z:Id="i555"><AttributeType>rpy</AttributeType><IsRequired>true</IsRequired><Value i:type="a:ArrayOfdouble" xmlns:a="http://schemas.microsoft.com/2003/10/Serialization/Arrays"><a:double>0</a:double><a:double>0</a:double><a:double>0</a:double></Value></Attribute></Attributes><ChildElements/><ElementName>origin</ElementName><required>false</required><RPYAttribute z:Ref="i555"/><XYZAttribute z:Ref="i554"/><isCustomized>false</isCustomized></URDFElement><URDFElement z:Id="i556" i:type="Geometry"><Attributes/><ChildElements><URDFElement z:Id="i557" i:type="Mesh"><Attributes><Attribute z:Id="i558"><AttributeType>filename</AttributeType><IsRequired>true</IsRequired><Value i:nil="true"/></Attribute></Attributes><ChildElements/><ElementName>mesh</ElementName><required>false</required><FilenameAttribute z:Ref="i558"/></URDFElement></ChildElements><ElementName>geometry</ElementName><required>true</required><Mesh z:Ref="i557"/></URDFElement><URDFElement z:Id="i559" i:type="Material"><Attributes><Attribute z:Id="i560"><AttributeType>name</AttributeType><IsRequired>true</IsRequired><Value i:type="a:string" xmlns:a="http://www.w3.org/2001/XMLSchema"/></Attribute></Attributes><ChildElements><URDFElement z:Id="i561" i:type="Color"><Attributes><Attribute z:Id="i562"><AttributeType>rgba</AttributeType><IsRequired>true</IsRequired><Value i:type="a:ArrayOfdouble" xmlns:a="http://schemas.microsoft.com/2003/10/Serialization/Arrays"><a:double>0</a:double><a:double>0.50196078431372548</a:double><a:double>1</a:double><a:double>1</a:double></Value></Attribute></Attributes><ChildElements/><ElementName>color</ElementName><required>false</required><RGBAAttribute z:Ref="i562"/></URDFElement><URDFElement z:Id="i563" i:type="Texture"><Attributes><Attribute z:Id="i564"><AttributeType>filename</AttributeType><IsRequired>true</IsRequired><Value i:nil="true"/></Attribute></Attributes><ChildElements/><ElementName>texture</ElementName><required>false</required><FilenameAttribute z:Ref="i564"/><wFilename/></URDFElement></ChildElements><ElementName>material</ElementName><required>false</required><Color z:Ref="i561"/><NameAttribute z:Ref="i560"/><Texture z:Ref="i563"/></URDFElement></ChildElements><ElementName>visual</ElementName><required>false</required><Geometry z:Ref="i556"/><Material z:Ref="i559"/><Origin z:Ref="i553"/></URDFElement><URDFElement z:Id="i565" i:type="Collision"><Attributes/><ChildElements><URDFElement z:Id="i566" i:type="Origin"><Attributes><Attribute z:Id="i567"><AttributeType>xyz</AttributeType><IsRequired>true</IsRequired><Value i:type="a:ArrayOfdouble" xmlns:a="http://schemas.microsoft.com/2003/10/Serialization/Arrays"><a:double>0</a:double><a:double>0</a:double><a:double>0</a:double></Value></Attribute><Attribute z:Id="i568"><AttributeType>rpy</AttributeType><IsRequired>true</IsRequired><Value i:type="a:ArrayOfdouble" xmlns:a="http://schemas.microsoft.com/2003/10/Serialization/Arrays"><a:double>0</a:double><a:double>0</a:double><a:double>0</a:double></Value></Attribute></Attributes><ChildElements/><ElementName>origin</ElementName><required>false</required><RPYAttribute z:Ref="i568"/><XYZAttribute z:Ref="i567"/><isCustomized>false</isCustomized></URDFElement><URDFElement z:Id="i569" i:type="Geometry"><Attributes/><ChildElements><URDFElement z:Id="i570" i:type="Mesh"><Attributes><Attribute z:Id="i571"><AttributeType>filename</AttributeType><IsRequired>true</IsRequired><Value i:nil="true"/></Attribute></Attributes><ChildElements/><ElementName>mesh</ElementName><required>false</required><FilenameAttribute z:Ref="i571"/></URDFElement></ChildElements><ElementName>geometry</ElementName><required>true</required><Mesh z:Ref="i570"/></URDFElement></ChildElements><ElementName>collision</ElementName><required>false</required><Geometry z:Ref="i569"/><Origin z:Ref="i566"/></URDFElement><URDFElement z:Id="i572" i:type="Joint"><Attributes><Attribute z:Id="i573"><AttributeType>name</AttributeType><IsRequired>true</IsRequired><Value i:type="a:string" xmlns:a="http://www.w3.org/2001/XMLSchema">right-jaw-joint</Value></Attribute><Attribute z:Id="i574"><AttributeType>type</AttributeType><IsRequired>true</IsRequired><Value i:type="a:string" xmlns:a="http://www.w3.org/2001/XMLSchema">revolute</Value></Attribute></Attributes><ChildElements><URDFElement z:Id="i575" i:type="Origin"><Attributes><Attribute z:Id="i576"><AttributeType>xyz</AttributeType><IsRequired>true</IsRequired><Value i:type="a:ArrayOfdouble" xmlns:a="http://schemas.microsoft.com/2003/10/Serialization/Arrays"><a:double>0.024199</a:double><a:double>0.007225</a:double><a:double>0.030844</a:double></Value></Attribute><Attribute z:Id="i577"><AttributeType>rpy</AttributeType><IsRequired>true</IsRequired><Value i:type="a:ArrayOfdouble" xmlns:a="http://schemas.microsoft.com/2003/10/Serialization/Arrays"><a:double>0</a:double><a:double>0.62439</a:double><a:double>3.1416</a:double></Value></Attribute></Attributes><ChildElements/><ElementName>origin</ElementName><required>false</required><RPYAttribute z:Ref="i577"/><XYZAttribute z:Ref="i576"/><isCustomized>false</isCustomized></URDFElement><URDFElement z:Id="i578" i:type="ParentLink"><Attributes><Attribute z:Id="i579"><AttributeType>link</AttributeType><IsRequired>true</IsRequired><Value i:type="a:string" xmlns:a="http://www.w3.org/2001/XMLSchema">gripper-palm</Value></Attribute></Attributes><ChildElements/><ElementName>parent</ElementName><required>true</required><NameAttribute z:Ref="i579"/></URDFElement><URDFElement z:Id="i580" i:type="ChildLink"><Attributes><Attribute z:Id="i581"><AttributeType>link</AttributeType><IsRequired>true</IsRequired><Value i:type="a:string" xmlns:a="http://www.w3.org/2001/XMLSchema">right-jaw</Value></Attribute></Attributes><ChildElements/><ElementName>child</ElementName><required>true</required><NameAttribute z:Ref="i581"/></URDFElement><URDFElement z:Id="i582" i:type="Axis"><Attributes><Attribute z:Id="i583"><AttributeType>xyz</AttributeType><IsRequired>true</IsRequired><Value i:type="a:ArrayOfdouble" xmlns:a="http://schemas.microsoft.com/2003/10/Serialization/Arrays"><a:double>0</a:double><a:double>0</a:double><a:double>0</a:double></Value></Attribute></Attributes><ChildElements/><ElementName>axis</ElementName><required>false</required><XYZAttribute z:Ref="i583"/></URDFElement><URDFElement z:Id="i584" i:type="Limit"><Attributes><Attribute z:Id="i585"><AttributeType>lower</AttributeType><IsRequired>true</IsRequired><Value i:type="a:double" xmlns:a="http://www.w3.org/2001/XMLSchema">-7</Value></Attribute><Attribute z:Id="i586"><AttributeType>upper</AttributeType><IsRequired>true</IsRequired><Value i:type="a:double" xmlns:a="http://www.w3.org/2001/XMLSchema">0</Value></Attribute><Attribute z:Id="i587"><AttributeType>effort</AttributeType><IsRequired>true</IsRequired><Value i:type="a:double" xmlns:a="http://www.w3.org/2001/XMLSchema">2.45</Value></Attribute><Attribute z:Id="i588"><AttributeType>velocity</AttributeType><IsRequired>true</IsRequired><Value i:type="a:double" xmlns:a="http://www.w3.org/2001/XMLSchema">1</Value></Attribute></Attributes><ChildElements/><ElementName>limit</ElementName><required>true</required><EffortAttribute z:Ref="i587"/><LowerAttribute z:Ref="i585"/><UpperAttribute z:Ref="i586"/><VelocityAttribute z:Ref="i588"/></URDFElement><URDFElement z:Id="i589" i:type="Calibration"><Attributes><Attribute z:Id="i590"><AttributeType>rising</AttributeType><IsRequired>false</IsRequired><Value i:nil="true"/></Attribute><Attribute z:Id="i591"><AttributeType>falling</AttributeType><IsRequired>false</IsRequired><Value i:nil="true"/></Attribute></Attributes><ChildElements/><ElementName>calibration</ElementName><required>false</required><FallingAttribute z:Ref="i591"/><RisingAttribute z:Ref="i590"/></URDFElement><URDFElement z:Id="i592" i:type="Dynamics"><Attributes><Attribute z:Id="i593"><AttributeType>damping</AttributeType><IsRequired>false</IsRequired><Value i:nil="true"/></Attribute><Attribute z:Id="i594"><AttributeType>friction</AttributeType><IsRequired>false</IsRequired><Value i:nil="true"/></Attribute></Attributes><ChildElements/><ElementName>dynamics</ElementName><required>false</required><DampingAttribute z:Ref="i593"/><FrictionAttribute z:Ref="i594"/></URDFElement><URDFElement z:Id="i595" i:type="SafetyController"><Attributes><Attribute z:Id="i596"><AttributeType>soft_upper</AttributeType><IsRequired>false</IsRequired><Value i:nil="true"/></Attribute><Attribute z:Id="i597"><AttributeType>soft_lower</AttributeType><IsRequired>false</IsRequired><Value i:nil="true"/></Attribute><Attribute z:Id="i598"><AttributeType>k_position</AttributeType><IsRequired>false</IsRequired><Value i:nil="true"/></Attribute><Attribute z:Id="i599"><AttributeType>k_velocity</AttributeType><IsRequired>true</IsRequired><Value i:nil="true"/></Attribute></Attributes><ChildElements/><ElementName>safety_controller</ElementName><required>false</required><KPositionAttribute z:Ref="i598"/><KVelocityAttribute z:Ref="i599"/><SoftLowerAttribute z:Ref="i597"/><SoftUpperAttribute z:Ref="i596"/></URDFElement><URDFElement z:Id="i600" i:type="Mimic"><Attributes><Attribute z:Id="i601"><AttributeType>joint</AttributeType><IsRequired>true</IsRequired><Value i:nil="true"/></Attribute><Attribute z:Id="i602"><AttributeType>multiplier</AttributeType><IsRequired>false</IsRequired><Value i:nil="true"/></Attribute><Attribute z:Id="i603"><AttributeType>offset</AttributeType><IsRequired>false</IsRequired><Value i:nil="true"/></Attribute></Attributes><ChildElements/><ElementName>mimic</ElementName><required>false</required><JointNameAttribute z:Ref="i601"/><MultiplierAttribute z:Ref="i602"/><OffsetAttribute z:Ref="i603"/></URDFElement></ChildElements><ElementName>joint</ElementName><required>false</required><Axis z:Ref="i582"/><AxisName>Axis19</AxisName><Calibration z:Ref="i589"/><Child z:Ref="i580"/><CoordinateSystemName>Origin_right-jaw-joint2</CoordinateSystemName><Dynamics z:Ref="i592"/><Limit z:Ref="i584"/><Mimic z:Ref="i600"/><NameAttribute z:Ref="i573"/><Origin z:Ref="i575"/><Parent z:Ref="i578"/><Safety z:Ref="i595"/><TypeAttribute z:Ref="i574"/></URDFElement></ChildElements><ElementName>link</ElementName><required>true</required><Children/><Collision z:Ref="i565"/><Inertial z:Ref="i539"/><Joint z:Ref="i572"/><NameAttribute z:Ref="i538"/><Parent z:Ref="i403"/><STLQualityFine>false</STLQualityFine><SWComponentPIDs xmlns:a="http://schemas.microsoft.com/2003/10/Serialization/Arrays"><a:base64Binary>WBsAAAUAAAD//v88QQBzAHMAZQBtADEANAAtADEAQAA1AC0AZABvAGYAXwByAG8AYgBvAHQAaQBjAF8AYQByAG0AXwB2AGUAcgAtADIALgAxAC4AMQAvAEcAZQBhAHIAIAAxAC4AMQAuAGkAcAB0AC0AMwBAAEEAcwBzAGUAbQAxADQABAAAABAAAAABAAAAAgAAAOcAAAAZAAAA</a:base64Binary><a:base64Binary>WBsAAAUAAAD//v81QQBzAHMAZQBtADEANAAtADEAQAA1AC0AZABvAGYAXwByAG8AYgBvAHQAaQBjAF8AYQByAG0AXwB2AGUAcgAtADIALgAxAC4AMQAvAFAAYQByAHQAMwAtADEAQABBAHMAcwBlAG0AMQA0AAQAAAAQAAAAAQAAAAIAAADnAAAAKQAAAA==</a:base64Binary></SWComponentPIDs><SWMainComponentPID i:nil="true"/><Visual z:Ref="i552"/><isFixedFrame>false</isFixedFrame><isIncomplete>false</isIncomplete></Link></Children><Collision z:Ref="i431"/><Inertial z:Ref="i405"/><Joint z:Ref="i438"/><NameAttribute z:Ref="i404"/><Parent z:Ref="i336"/><STLQualityFine>false</STLQualityFine><SWComponentPIDs xmlns:a="http://schemas.microsoft.com/2003/10/Serialization/Arrays"><a:base64Binary>WBsAAAUAAAD//v9AQQBzAHMAZQBtADEANAAtADEAQAA1AC0AZABvAGYAXwByAG8AYgBvAHQAaQBjAF8AYQByAG0AXwB2AGUAcgAtADIALgAxAC4AMQAvAE0AWQAgAEcAUgBJAFAAUABFAFIAIABQAEwAYQB0AGUALQAxAEAAQQBzAHMAZQBtADEANAAEAAAAEAAAAAEAAAACAAAA5wAAABcAAAA=</a:base64Binary><a:base64Binary>WBsAAAUAAAD//v8mUwBlAHIAdgBvACAAMQAwAC0AMgBAADUALQBkAG8AZgBfAHIAbwBiAG8AdABpAGMAXwBhAHIAbQBfAHYAZQByAC0AMgAuADEALgAxAAQAAAAQAAAAAQAAAAEAAADxAAAA</a:base64Binary><a:base64Binary>WBsAAAUAAAD//v8nSQBSAHMAZQBuAHMAbwByAHMALQAxAEAANQAtAGQAbwBmAF8AcgBvAGIAbwB0AGkAYwBfAGEAcgBtAF8AdgBlAHIALQAyAC4AMQAuADEABAAAABAAAAABAAAAAQAAABcCAAA=</a:base64Binary></SWComponentPIDs><SWMainComponentPID i:nil="true"/><Visual z:Ref="i418"/><isFixedFrame>false</isFixedFrame><isIncomplete>false</isIncomplete></Link></Children><Collision z:Ref="i364"/><Inertial z:Ref="i338"/><Joint z:Ref="i371"/><NameAttribute z:Ref="i337"/><Parent z:Ref="i269"/><STLQualityFine>false</STLQualityFine><SWComponentPIDs xmlns:a="http://schemas.microsoft.com/2003/10/Serialization/Arrays"><a:base64Binary>WBsAAAUAAAD//v9QRwBSAEkAUABQAEUAUgAgAEgATwBMAEQARQBSACAAIAAtADEAQAA1AC0AZABvAGYAXwByAG8AYgBvAHQAaQBjAF8AYQByAG0AXwB2AGUAcgAtADIALgAxAC4AMQAvAGcAcgBpAHAAcABlAHIAIABoAG8AbABkAGUAcgAtADEAQABHAFIASQBQAFAARQBSACAASABPAEwARABFAFIAIAAgAAQAAAAQAAAAAQAAAAIAAADPAAAAFAAAAA==</a:base64Binary><a:base64Binary>WBsAAAUAAAD//v9PRwBSAEkAUABQAEUAUgAgAEgATwBMAEQARQBSACAAIAAtADEAQAA1AC0AZABvAGYAXwByAG8AYgBvAHQAaQBjAF8AYQByAG0AXwB2AGUAcgAtADIALgAxAC4AMQAvAGcAcgBpAHAAcABlAHIAIABwAGwAYQB0AGUALQAxAEAARwBSAEkAUABQAEUAUgAgAEgATwBMAEQARQBSACAAIAAEAAAAEAAAAAEAAAACAAAAzwAAABUAAAA=</a:base64Binary></SWComponentPIDs><SWMainComponentPID i:nil="true"/><Visual z:Ref="i351"/><isFixedFrame>false</isFixedFrame><isIncomplete>false</isIncomplete></Link></Children><Collision z:Ref="i297"/><Inertial z:Ref="i271"/><Joint z:Ref="i304"/><NameAttribute z:Ref="i270"/><Parent z:Ref="i202"/><STLQualityFine>false</STLQualityFine><SWComponentPIDs xmlns:a="http://schemas.microsoft.com/2003/10/Serialization/Arrays"><a:base64Binary>WBsAAAUAAAD//v8mbABpAG4AawA0AG4AZQB3AC0AMQBAADUALQBkAG8AZgBfAHIAbwBiAG8AdABpAGMAXwBhAHIAbQBfAHYAZQByAC0AMgAuADEALgAxAAQAAAAQAAAAAQAAAAEAAACmAAAA</a:base64Binary><a:base64Binary>WBsAAAUAAAD//v8wcwBlAHYAbwByACAAaABvAGwAZABlAHIAIABtAGkAbgBlACAALQAxAEAANQAtAGQAbwBmAF8AcgBvAGIAbwB0AGkAYwBfAGEAcgBtAF8AdgBlAHIALQAyAC4AMQAuADEABAAAABAAAAABAAAAAQAAALEAAAA=</a:base64Binary><a:base64Binary>WBsAAAUAAAD//v8kbABpAGsAMgBfADIALQAxAEAANQAtAGQAbwBmAF8AcgBvAGIAbwB0AGkAYwBfAGEAcgBtAF8AdgBlAHIALQAyAC4AMQAuADEABAAAABAAAAABAAAAAQAAAKkAAAA=</a:base64Binary><a:base64Binary>WBsAAAUAAAD//v8mUwBlAHIAdgBvACAAMQAwAC0AMQBAADUALQBkAG8AZgBfAHIAbwBiAG8AdABpAGMAXwBhAHIAbQBfAHYAZQByAC0AMgAuADEALgAxAAQAAAAQAAAAAQAAAAEAAADHAAAA</a:base64Binary><a:base64Binary>WBsAAAUAAAD//v8tMwA1AEsAZwBfAFMAZQByAHYAbwAgAGgAbwByAG4ALQA1AEAANQAtAGQAbwBmAF8AcgBvAGIAbwB0AGkAYwBfAGEAcgBtAF8AdgBlAHIALQAyAC4AMQAuADEABAAAABAAAAABAAAAAQAAAMsAAAA=</a:base64Binary></SWComponentPIDs><SWMainComponentPID i:nil="true"/><Visual z:Ref="i284"/><isFixedFrame>false</isFixedFrame><isIncomplete>false</isIncomplete></Link></Children><Collision z:Ref="i230"/><Inertial z:Ref="i204"/><Joint z:Ref="i237"/><NameAttribute z:Ref="i203"/><Parent z:Ref="i135"/><STLQualityFine>false</STLQualityFine><SWComponentPIDs xmlns:a="http://schemas.microsoft.com/2003/10/Serialization/Arrays"><a:base64Binary>WBsAAAUAAAD//v8xbABpAG4AawAgADMALgBTAEwARABQAFIAVAAzAF8AMQBOAEUAVwAtADEAQAA1AC0AZABvAGYAXwByAG8AYgBvAHQAaQBjAF8AYQByAG0AXwB2AGUAcgAtADIALgAxAC4AMQAEAAAAEAAAAAEAAAABAAAAhwAAAA==</a:base64Binary><a:base64Binary>WBsAAAUAAAD//v8ubABpAG4AawAgADMALgBTAEwARABQAFIAVAAzAF8AMQAtADEAQAA1AC0AZABvAGYAXwByAG8AYgBvAHQAaQBjAF8AYQByAG0AXwB2AGUAcgAtADIALgAxAC4AMQAEAAAAEAAAAAEAAAABAAAAggAAAA==</a:base64Binary><a:base64Binary>WBsAAAUAAAD//v8sYgBlAGEAcgBpAG4AZwAgAGgAbwBsAGQAZQByAC0AMgBAADUALQBkAG8AZgBfAHIAbwBiAG8AdABpAGMAXwBhAHIAbQBfAHYAZQByAC0AMgAuADEALgAxAAQAAAAQAAAAAQAAAAEAAACUAAAA</a:base64Binary><a:base64Binary>WBsAAAUAAAD//v8oUwBlAHIAdgBvADIAMABOAEUAVwAtADIAQAA1AC0AZABvAGYAXwByAG8AYgBvAHQAaQBjAF8AYQByAG0AXwB2AGUAcgAtADIALgAxAC4AMQAEAAAAEAAAAAEAAAABAAAAkAAAAA==</a:base64Binary><a:base64Binary>WBsAAAUAAAD//v8tMwA1AEsAZwBfAFMAZQByAHYAbwAgAGgAbwByAG4ALQA0AEAANQAtAGQAbwBmAF8AcgBvAGIAbwB0AGkAYwBfAGEAcgBtAF8AdgBlAHIALQAyAC4AMQAuADEABAAAABAAAAABAAAAAQAAAKIAAAA=</a:base64Binary><a:base64Binary>WBsAAAUAAAD//v8pYgBlAGEAcgBpAG4AZwAgAGEAeABlAC0AMgBAADUALQBkAG8AZgBfAHIAbwBiAG8AdABpAGMAXwBhAHIAbQBfAHYAZQByAC0AMgAuADEALgAxAAQAAAAQAAAAAQAAAAEAAACcAAAA</a:base64Binary><a:base64Binary>WBsAAAUAAAD//v8tTABpAG0AaQB0AF8AUwB3AGkAdABjAGgAXwBMADEALQA4AEAANQAtAGQAbwBmAF8AcgBvAGIAbwB0AGkAYwBfAGEAcgBtAF8AdgBlAHIALQAyAC4AMQAuADEABAAAABAAAAABAAAAAQAAAPsBAAA=</a:base64Binary><a:base64Binary>WBsAAAUAAAD//v8/UABhAHIAdAA5AF4ANQAtAGQAbwBmAF8AcgBvAGIAbwB0AGkAYwBfAGEAcgBtAF8AdgBlAHIALQAyAC4AMQAuADEALQAxAEAANQAtAGQAbwBmAF8AcgBvAGIAbwB0AGkAYwBfAGEAcgBtAF8AdgBlAHIALQAyAC4AMQAuADEABAAAABAAAAABAAAAAQAAAGECAAA=</a:base64Binary><a:base64Binary>WBsAAAUAAAD//v8tTABpAG0AaQB0AF8AUwB3AGkAdABjAGgAXwBMADEALQA5AEAANQAtAGQAbwBmAF8AcgBvAGIAbwB0AGkAYwBfAGEAcgBtAF8AdgBlAHIALQAyAC4AMQAuADEABAAAABAAAAABAAAAAQAAAP4BAAA=</a:base64Binary><a:base64Binary>WBsAAAUAAAD//v9FTQBpAHIAcgBvAHIAUABhAHIAdAA5AF4ANQAtAGQAbwBmAF8AcgBvAGIAbwB0AGkAYwBfAGEAcgBtAF8AdgBlAHIALQAyAC4AMQAuADEALQAyAEAANQAtAGQAbwBmAF8AcgBvAGIAbwB0AGkAYwBfAGEAcgBtAF8AdgBlAHIALQAyAC4AMQAuADEABAAAABAAAAABAAAAAQAAAG4CAAA=</a:base64Binary><a:base64Binary>WBsAAAUAAAD//v8tTABpAG0AaQB0AF8AUwB3AGkAdABjAGgAXwBMADEALQA2AEAANQAtAGQAbwBmAF8AcgBvAGIAbwB0AGkAYwBfAGEAcgBtAF8AdgBlAHIALQAyAC4AMQAuADEABAAAABAAAAABAAAAAQAAAPMBAAA=</a:base64Binary><a:base64Binary>WBsAAAUAAAD//v9FTQBpAHIAcgBvAHIAUABhAHIAdAA4AF4ANQAtAGQAbwBmAF8AcgBvAGIAbwB0AGkAYwBfAGEAcgBtAF8AdgBlAHIALQAyAC4AMQAuADEALQA1AEAANQAtAGQAbwBmAF8AcgBvAGIAbwB0AGkAYwBfAGEAcgBtAF8AdgBlAHIALQAyAC4AMQAuADEABAAAABAAAAABAAAAAQAAAHACAAA=</a:base64Binary><a:base64Binary>WBsAAAUAAAD//v8/UABhAHIAdAA4AF4ANQAtAGQAbwBmAF8AcgBvAGIAbwB0AGkAYwBfAGEAcgBtAF8AdgBlAHIALQAyAC4AMQAuADEALQAxAEAANQAtAGQAbwBmAF8AcgBvAGIAbwB0AGkAYwBfAGEAcgBtAF8AdgBlAHIALQAyAC4AMQAuADEABAAAABAAAAABAAAAAQAAAFgCAAA=</a:base64Binary><a:base64Binary>WBsAAAUAAAD//v8tTABpAG0AaQB0AF8AUwB3AGkAdABjAGgAXwBMADEALQA3AEAANQAtAGQAbwBmAF8AcgBvAGIAbwB0AGkAYwBfAGEAcgBtAF8AdgBlAHIALQAyAC4AMQAuADEABAAAABAAAAABAAAAAQAAAPoBAAA=</a:base64Binary></SWComponentPIDs><SWMainComponentPID i:nil="true"/><Visual z:Ref="i217"/><isFixedFrame>false</isFixedFrame><isIncomplete>false</isIncomplete></Link></Children><Collision z:Ref="i163"/><Inertial z:Ref="i137"/><Joint z:Ref="i170"/><NameAttribute z:Ref="i136"/><Parent z:Ref="i68"/><STLQualityFine>false</STLQualityFine><SWComponentPIDs xmlns:a="http://schemas.microsoft.com/2003/10/Serialization/Arrays"><a:base64Binary>WBsAAAUAAAD//v8xQgBhAHMAcwAgAHMAZQByAHYAbwAgAGwAaQBuAGsAMwBuAGUAdwAtADEAQAA1AC0AZABvAGYAXwByAG8AYgBvAHQAaQBjAF8AYQByAG0AXwB2AGUAcgAtADIALgAxAC4AMQAEAAAAEAAAAAEAAAABAAAAWwAAAA==</a:base64Binary><a:base64Binary>WBsAAAUAAAD//v8qbABpAG4AawAxAC0AMQBfADEATgBFAFcALQAxAEAANQAtAGQAbwBmAF8AcgBvAGIAbwB0AGkAYwBfAGEAcgBtAF8AdgBlAHIALQAyAC4AMQAuADEABAAAABAAAAABAAAAAQAAAGIAAAA=</a:base64Binary><a:base64Binary>WBsAAAUAAAD//v8vbABpAG4AawAgADMALgBTAEwARABQAFIAVABvAGwAZAAxAC0AMQBAADUALQBkAG8AZgBfAHIAbwBiAG8AdABpAGMAXwBhAHIAbQBfAHYAZQByAC0AMgAuADEALgAxAAQAAAAQAAAAAQAAAAEAAABnAAAA</a:base64Binary><a:base64Binary>WBsAAAUAAAD//v8vbABpAG4AawAgADMALgBTAEwARABQAFIAVABvAGwAZAAxAC0AMgBAADUALQBkAG8AZgBfAHIAbwBiAG8AdABpAGMAXwBhAHIAbQBfAHYAZQByAC0AMgAuADEALgAxAAQAAAAQAAAAAQAAAAEAAABtAAAA</a:base64Binary><a:base64Binary>WBsAAAUAAAD//v8oUwBlAHIAdgBvADIAMABOAEUAVwAtADEAQAA1AC0AZABvAGYAXwByAG8AYgBvAHQAaQBjAF8AYQByAG0AXwB2AGUAcgAtADIALgAxAC4AMQAEAAAAEAAAAAEAAAABAAAAcQAAAA==</a:base64Binary><a:base64Binary>WBsAAAUAAAD//v8sYgBlAGEAcgBpAG4AZwAgAGgAbwBsAGQAZQByAC0AMQBAADUALQBkAG8AZgBfAHIAbwBiAG8AdABpAGMAXwBhAHIAbQBfAHYAZQByAC0AMgAuADEALgAxAAQAAAAQAAAAAQAAAAEAAAB2AAAA</a:base64Binary><a:base64Binary>WBsAAAUAAAD//v8tMwA1AEsAZwBfAFMAZQByAHYAbwAgAGgAbwByAG4ALQAzAEAANQAtAGQAbwBmAF8AcgBvAGIAbwB0AGkAYwBfAGEAcgBtAF8AdgBlAHIALQAyAC4AMQAuADEABAAAABAAAAABAAAAAQAAAH0AAAA=</a:base64Binary><a:base64Binary>WBsAAAUAAAD//v8pYgBlAGEAcgBpAG4AZwAgAGEAeABlAC0AMQBAADUALQBkAG8AZgBfAHIAbwBiAG8AdABpAGMAXwBhAHIAbQBfAHYAZQByAC0AMgAuADEALgAxAAQAAAAQAAAAAQAAAAEAAACMAAAA</a:base64Binary><a:base64Binary>WBsAAAUAAAD//v8tTABpAG0AaQB0AF8AUwB3AGkAdABjAGgAXwBMADEALQA0AEAANQAtAGQAbwBmAF8AcgBvAGIAbwB0AGkAYwBfAGEAcgBtAF8AdgBlAHIALQAyAC4AMQAuADEABAAAABAAAAABAAAAAQAAAO0BAAA=</a:base64Binary><a:base64Binary>WBsAAAUAAAD//v8/UABhAHIAdAA2AF4ANQAtAGQAbwBmAF8AcgBvAGIAbwB0AGkAYwBfAGEAcgBtAF8AdgBlAHIALQAyAC4AMQAuADEALQAxAEAANQAtAGQAbwBmAF8AcgBvAGIAbwB0AGkAYwBfAGEAcgBtAF8AdgBlAHIALQAyAC4AMQAuADEABAAAABAAAAABAAAAAQAAAEICAAA=</a:base64Binary><a:base64Binary>WBsAAAUAAAD//v8/UABhAHIAdAA2AF4ANQAtAGQAbwBmAF8AcgBvAGIAbwB0AGkAYwBfAGEAcgBtAF8AdgBlAHIALQAyAC4AMQAuADEALQAyAEAANQAtAGQAbwBmAF8AcgBvAGIAbwB0AGkAYwBfAGEAcgBtAF8AdgBlAHIALQAyAC4AMQAuADEABAAAABAAAAABAAAAAQAAAEoCAAA=</a:base64Binary><a:base64Binary>WBsAAAUAAAD//v8tTABpAG0AaQB0AF8AUwB3AGkAdABjAGgAXwBMADEALQAxAEAANQAtAGQAbwBmAF8AcgBvAGIAbwB0AGkAYwBfAGEAcgBtAF8AdgBlAHIALQAyAC4AMQAuADEABAAAABAAAAABAAAAAQAAAMABAAA=</a:base64Binary><a:base64Binary>WBsAAAUAAAD//v8/UABhAHIAdAA3AF4ANQAtAGQAbwBmAF8AcgBvAGIAbwB0AGkAYwBfAGEAcgBtAF8AdgBlAHIALQAyAC4AMQAuADEALQAxAEAANQAtAGQAbwBmAF8AcgBvAGIAbwB0AGkAYwBfAGEAcgBtAF8AdgBlAHIALQAyAC4AMQAuADEABAAAABAAAAABAAAAAQAAAE8CAAA=</a:base64Binary><a:base64Binary>WBsAAAUAAAD//v8tTABpAG0AaQB0AF8AUwB3AGkAdABjAGgAXwBMADEALQAzAEAANQAtAGQAbwBmAF8AcgBvAGIAbwB0AGkAYwBfAGEAcgBtAF8AdgBlAHIALQAyAC4AMQAuADEABAAAABAAAAABAAAAAQAAAN0BAAA=</a:base64Binary><a:base64Binary>WBsAAAUAAAD//v8tTABpAG0AaQB0AF8AUwB3AGkAdABjAGgAXwBMADEALQA1AEAANQAtAGQAbwBmAF8AcgBvAGIAbwB0AGkAYwBfAGEAcgBtAF8AdgBlAHIALQAyAC4AMQAuADEABAAAABAAAAABAAAAAQAAAPIBAAA=</a:base64Binary><a:base64Binary>WBsAAAUAAAD//v9FTQBpAHIAcgBvAHIAUABhAHIAdAA3AF4ANQAtAGQAbwBmAF8AcgBvAGIAbwB0AGkAYwBfAGEAcgBtAF8AdgBlAHIALQAyAC4AMQAuADEALQAzAEAANQAtAGQAbwBmAF8AcgBvAGIAbwB0AGkAYwBfAGEAcgBtAF8AdgBlAHIALQAyAC4AMQAuADEABAAAABAAAAABAAAAAQAAAHICAAA=</a:base64Binary></SWComponentPIDs><SWMainComponentPID i:nil="true"/><Visual z:Ref="i150"/><isFixedFrame>false</isFixedFrame><isIncomplete>false</isIncomplete></Link></Children><Collision z:Ref="i96"/><Inertial z:Ref="i70"/><Joint z:Ref="i103"/><NameAttribute z:Ref="i69"/><Parent z:Ref="i1"/><STLQualityFine>false</STLQualityFine><SWComponentPIDs xmlns:a="http://schemas.microsoft.com/2003/10/Serialization/Arrays"><a:base64Binary>WBsAAAUAAAD//v8tUwBlAHIAdgBvACAAMwA1ACAAaABvAGwAZABlAHIALQAxAEAANQAtAGQAbwBmAF8AcgBvAGIAbwB0AGkAYwBfAGEAcgBtAF8AdgBlAHIALQAyAC4AMQAuADEABAAAABAAAAABAAAAAQAAAEQAAAA=</a:base64Binary><a:base64Binary>WBsAAAUAAAD//v8vQgBhAHMAZQAgAHMAZQByAHYAbwAgAEgAbwBsAGQAZQByAC0AMwBAADUALQBkAG8AZgBfAHIAbwBiAG8AdABpAGMAXwBhAHIAbQBfAHYAZQByAC0AMgAuADEALgAxAAQAAAAQAAAAAQAAAAEAAAA8AAAA</a:base64Binary><a:base64Binary>WBsAAAUAAAD//v8mQgBhAHMAZQAgACgAMgApAC0AMQBAADUALQBkAG8AZgBfAHIAbwBiAG8AdABpAGMAXwBhAHIAbQBfAHYAZQByAC0AMgAuADEALgAxAAQAAAAQAAAAAQAAAAEAAAAaAAAA</a:base64Binary><a:base64Binary>WBsAAAUAAAD//v8tUwBlAHIAdgBvACAAMwA1ACAAaABvAGwAZABlAHIALQAyAEAANQAtAGQAbwBmAF8AcgBvAGIAbwB0AGkAYwBfAGEAcgBtAF8AdgBlAHIALQAyAC4AMQAuADEABAAAABAAAAABAAAAAQAAAEkAAAA=</a:base64Binary><a:base64Binary>WBsAAAUAAAD//v8vQgBhAHMAZQAgAHMAZQByAHYAbwAgAEgAbwBsAGQAZQByAC0AMQBAADUALQBkAG8AZgBfAHIAbwBiAG8AdABpAGMAXwBhAHIAbQBfAHYAZQByAC0AMgAuADEALgAxAAQAAAAQAAAAAQAAAAEAAAAdAAAA</a:base64Binary><a:base64Binary>WBsAAAUAAAD//v8oUwBlAHIAdgBvACAAMwA1AEsARwAtADEAQAA1AC0AZABvAGYAXwByAG8AYgBvAHQAaQBjAF8AYQByAG0AXwB2AGUAcgAtADIALgAxAC4AMQAEAAAAEAAAAAEAAAABAAAATQAAAA==</a:base64Binary><a:base64Binary>WBsAAAUAAAD//v8tMwA1AEsAZwBfAFMAZQByAHYAbwAgAGgAbwByAG4ALQAyAEAANQAtAGQAbwBmAF8AcgBvAGIAbwB0AGkAYwBfAGEAcgBtAF8AdgBlAHIALQAyAC4AMQAuADEABAAAABAAAAABAAAAAQAAAFcAAAA=</a:base64Binary><a:base64Binary>WBsAAAUAAAD//v8tMwA1AEsAZwBfAFMAZQByAHYAbwAgAGgAbwByAG4ALQA2AEAANQAtAGQAbwBmAF8AcgBvAGIAbwB0AGkAYwBfAGEAcgBtAF8AdgBlAHIALQAyAC4AMQAuADEABAAAABAAAAABAAAAAQAAAI8BAAA=</a:base64Binary></SWComponentPIDs><SWMainComponentPID i:nil="true"/><Visual z:Ref="i83"/><isFixedFrame>false</isFixedFrame><isIncomplete>false</isIncomplete></Link></Children><Collision z:Ref="i29"/><Inertial z:Ref="i3"/><Joint z:Ref="i36"/><NameAttribute z:Ref="i2"/><Parent i:nil="true"/><STLQualityFine>false</STLQualityFine><SWComponentPIDs xmlns:a="http://schemas.microsoft.com/2003/10/Serialization/Arrays"><a:base64Binary>WBsAAAUAAAD//v8sQgBhAHMAZQAgAE0AbwB1AG4AdAAuAGkAcAB0AC0AMQBAADUALQBkAG8AZgBfAHIAbwBiAG8AdABpAGMAXwBhAHIAbQBfAHYAZQByAC0AMgAuADEALgAxAAQAAAAQAAAAAQAAAAEAAAAVAAAA</a:base64Binary><a:base64Binary>WBsAAAUAAAD//v8/UABhAHIAdAAyAF4ANQAtAGQAbwBmAF8AcgBvAGIAbwB0AGkAYwBfAGEAcgBtAF8AdgBlAHIALQAyAC4AMQAuADEALQAxAEAANQAtAGQAbwBmAF8AcgBvAGIAbwB0AGkAYwBfAGEAcgBtAF8AdgBlAHIALQAyAC4AMQAuADEABAAAABAAAAABAAAAAQAAAGcBAAA=</a:base64Binary><a:base64Binary>WBsAAAUAAAD//v8oUwBlAHIAdgBvACAAMwA1AEsARwAtADIAQAA1AC0AZABvAGYAXwByAG8AYgBvAHQAaQBjAF8AYQByAG0AXwB2AGUAcgAtADIALgAxAC4AMQAEAAAAEAAAAAEAAAABAAAAcgEAAA==</a:base64Binary><a:base64Binary>WBsAAAUAAAD//v9AUABhAHIAdAAxADEAXgA1AC0AZABvAGYAXwByAG8AYgBvAHQAaQBjAF8AYQByAG0AXwB2AGUAcgAtADIALgAxAC4AMQAtADEAQAA1AC0AZABvAGYAXwByAG8AYgBvAHQAaQBjAF8AYQByAG0AXwB2AGUAcgAtADIALgAxAC4AMQAEAAAAEAAAAAEAAAABAAAABgIAAA==</a:base64Binary><a:base64Binary>WBsAAAUAAAD//v82QQByAGQAdQBpAG4AbwAgAE0AZQBnAGEAIABBAFQAbQBlAGcAYQAgADIANQA2ADAALQAxAEAANQAtAGQAbwBmAF8AcgBvAGIAbwB0AGkAYwBfAGEAcgBtAF8AdgBlAHIALQAyAC4AMQAuADEABAAAABAAAAABAAAAAQAAAAUCAAA=</a:base64Binary><a:base64Binary>WBsAAAUAAAD//v8wTABDAEQAXwBNAFMAUAAyADgAMAA3AF8AZgB1AHMAaQBvAG4ALQAxAEAANQAtAGQAbwBmAF8AcgBvAGIAbwB0AGkAYwBfAGEAcgBtAF8AdgBlAHIALQAyAC4AMQAuADEABAAAABAAAAABAAAAAQAAAA0CAAA=</a:base64Binary></SWComponentPIDs><SWMainComponentPID i:nil="true"/><Visual z:Ref="i16"/><isFixedFrame>false</isFixedFrame><isIncomplete>false</isIncomplete></Link>
2025-09-20 21:23:55,894 INFO  AssemblyExportForm.cs: 308 - Saving URDF package to D:\Users\TROGEN\5-dof_robotic_arm_ver-2.1.1.SLDASM\5-dof_robotic_arm_ver-2.1.1.SLDASM
2025-09-20 21:23:55,910 INFO  ExportHelper.cs: 147 - Beginning the export process
2025-09-20 21:23:55,925 INFO  ExportHelper.cs: 153 - Creating package directories with name 5-dof_robotic_arm_ver-2.1.1.SLDASM and save path D:\Users\TROGEN\5-dof_robotic_arm_ver-2.1.1.SLDASM
2025-09-20 21:23:57,613 INFO  ExportHelper.cs: 162 - Creating CMakeLists.txt at D:\Users\TROGEN\5-dof_robotic_arm_ver-2.1.1.SLDASM\5-dof_robotic_arm_ver-2.1.1.SLDASM\CMakeLists.txt
2025-09-20 21:23:57,706 INFO  ExportHelper.cs: 166 - Creating joint names config at D:\Users\TROGEN\5-dof_robotic_arm_ver-2.1.1.SLDASM\5-dof_robotic_arm_ver-2.1.1.SLDASM\config\joint_names_5-dof_robotic_arm_ver-2.1.1.SLDASM.yaml
2025-09-20 21:23:57,722 INFO  ExportHelper.cs: 170 - Creating package.xml at D:\Users\TROGEN\5-dof_robotic_arm_ver-2.1.1.SLDASM\5-dof_robotic_arm_ver-2.1.1.SLDASM\package.xml
2025-09-20 21:23:58,081 INFO  PackageXMLWriter.cs: 21 - Creating package.xml at D:\Users\TROGEN\5-dof_robotic_arm_ver-2.1.1.SLDASM\5-dof_robotic_arm_ver-2.1.1.SLDASM\package.xml
2025-09-20 21:23:59,050 INFO  ExportHelper.cs: 177 - Creating RVIZ launch file in D:\Users\TROGEN\5-dof_robotic_arm_ver-2.1.1.SLDASM\5-dof_robotic_arm_ver-2.1.1.SLDASM\launch\
2025-09-20 21:23:59,222 INFO  ExportHelper.cs: 182 - Creating Gazebo launch file in D:\Users\TROGEN\5-dof_robotic_arm_ver-2.1.1.SLDASM\5-dof_robotic_arm_ver-2.1.1.SLDASM\launch\
2025-09-20 21:23:59,238 INFO  ExportHelper.cs: 187 - Saving existing STL preferences
2025-09-20 21:23:59,238 INFO  ExportHelper.cs: 451 - Saving users preferences
2025-09-20 21:23:59,332 INFO  ExportHelper.cs: 190 - Modifying STL preferences
2025-09-20 21:23:59,332 INFO  ExportHelper.cs: 465 - Setting STL preferences
2025-09-20 21:23:59,894 INFO  ExportHelper.cs: 196 - Found 0 hidden components 
2025-09-20 21:23:59,910 INFO  ExportHelper.cs: 197 - Hiding all components
2025-09-20 21:24:21,615 INFO  ExportHelper.cs: 204 - Beginning individual files export
2025-09-20 21:24:21,646 INFO  ExportHelper.cs: 270 - Exporting link: base_link
2025-09-20 21:24:21,646 INFO  ExportHelper.cs: 272 - Link base_link has 1 children
2025-09-20 21:24:21,662 INFO  ExportHelper.cs: 270 - Exporting link: link-1
2025-09-20 21:24:21,662 INFO  ExportHelper.cs: 272 - Link link-1 has 1 children
2025-09-20 21:24:21,678 INFO  ExportHelper.cs: 270 - Exporting link: link-2
2025-09-20 21:24:21,678 INFO  ExportHelper.cs: 272 - Link link-2 has 1 children
2025-09-20 21:24:21,709 INFO  ExportHelper.cs: 270 - Exporting link: link-3
2025-09-20 21:24:21,725 INFO  ExportHelper.cs: 272 - Link link-3 has 1 children
2025-09-20 21:24:21,740 INFO  ExportHelper.cs: 270 - Exporting link: link-4
2025-09-20 21:24:21,740 INFO  ExportHelper.cs: 272 - Link link-4 has 1 children
2025-09-20 21:24:21,756 INFO  ExportHelper.cs: 270 - Exporting link: link-5
2025-09-20 21:24:21,756 INFO  ExportHelper.cs: 272 - Link link-5 has 1 children
2025-09-20 21:24:21,771 INFO  ExportHelper.cs: 270 - Exporting link: gripper-palm
2025-09-20 21:24:21,771 INFO  ExportHelper.cs: 272 - Link gripper-palm has 2 children
2025-09-20 21:24:21,787 INFO  ExportHelper.cs: 270 - Exporting link: left-jaw
2025-09-20 21:24:21,787 INFO  ExportHelper.cs: 272 - Link left-jaw has 0 children
2025-09-20 21:24:21,803 INFO  ExportHelper.cs: 318 - left-jaw: Exporting STL with coordinate frame Origin_left-jaw-joint2
2025-09-20 21:24:21,803 INFO  ExportHelper.cs: 323 - left-jaw: Reference geometry name 
2025-09-20 21:24:23,636 INFO  ExportHelper.cs: 331 - Saving STL to D:\Users\TROGEN\5-dof_robotic_arm_ver-2.1.1.SLDASM\5-dof_robotic_arm_ver-2.1.1.SLDASM\meshes\left-jaw.STL
2025-09-20 21:24:28,830 INFO  ExportHelper.cs: 406 - Removing SW header in STL file
2025-09-20 21:24:28,877 INFO  ExportHelper.cs: 270 - Exporting link: right-jaw
2025-09-20 21:24:28,877 INFO  ExportHelper.cs: 272 - Link right-jaw has 0 children
2025-09-20 21:24:28,877 INFO  ExportHelper.cs: 318 - right-jaw: Exporting STL with coordinate frame Origin_right-jaw-joint2
2025-09-20 21:24:28,877 INFO  ExportHelper.cs: 323 - right-jaw: Reference geometry name 
2025-09-20 21:24:29,565 INFO  ExportHelper.cs: 331 - Saving STL to D:\Users\TROGEN\5-dof_robotic_arm_ver-2.1.1.SLDASM\5-dof_robotic_arm_ver-2.1.1.SLDASM\meshes\right-jaw.STL
2025-09-20 21:24:33,346 INFO  ExportHelper.cs: 406 - Removing SW header in STL file
2025-09-20 21:24:33,346 INFO  ExportHelper.cs: 318 - gripper-palm: Exporting STL with coordinate frame Origin_gripper-palm-joint2
2025-09-20 21:24:33,346 INFO  ExportHelper.cs: 323 - gripper-palm: Reference geometry name 
2025-09-20 21:24:34,299 INFO  ExportHelper.cs: 331 - Saving STL to D:\Users\TROGEN\5-dof_robotic_arm_ver-2.1.1.SLDASM\5-dof_robotic_arm_ver-2.1.1.SLDASM\meshes\gripper-palm.STL
2025-09-20 21:24:38,363 INFO  ExportHelper.cs: 406 - Removing SW header in STL file
2025-09-20 21:24:38,363 INFO  ExportHelper.cs: 318 - link-5: Exporting STL with coordinate frame Origin_joint-52
2025-09-20 21:24:38,379 INFO  ExportHelper.cs: 323 - link-5: Reference geometry name 
2025-09-20 21:24:39,129 INFO  ExportHelper.cs: 331 - Saving STL to D:\Users\TROGEN\5-dof_robotic_arm_ver-2.1.1.SLDASM\5-dof_robotic_arm_ver-2.1.1.SLDASM\meshes\link-5.STL
2025-09-20 21:24:42,537 INFO  ExportHelper.cs: 406 - Removing SW header in STL file
2025-09-20 21:24:42,537 INFO  ExportHelper.cs: 318 - link-4: Exporting STL with coordinate frame Origin_joint-42
2025-09-20 21:24:42,537 INFO  ExportHelper.cs: 323 - link-4: Reference geometry name 
2025-09-20 21:24:43,632 INFO  ExportHelper.cs: 331 - Saving STL to D:\Users\TROGEN\5-dof_robotic_arm_ver-2.1.1.SLDASM\5-dof_robotic_arm_ver-2.1.1.SLDASM\meshes\link-4.STL
2025-09-20 21:24:47,929 INFO  ExportHelper.cs: 406 - Removing SW header in STL file
2025-09-20 21:24:47,929 INFO  ExportHelper.cs: 318 - link-3: Exporting STL with coordinate frame Origin_joint-32
2025-09-20 21:24:47,929 INFO  ExportHelper.cs: 323 - link-3: Reference geometry name 
2025-09-20 21:24:50,399 INFO  ExportHelper.cs: 331 - Saving STL to D:\Users\TROGEN\5-dof_robotic_arm_ver-2.1.1.SLDASM\5-dof_robotic_arm_ver-2.1.1.SLDASM\meshes\link-3.STL
2025-09-20 21:24:57,199 INFO  ExportHelper.cs: 406 - Removing SW header in STL file
2025-09-20 21:24:57,199 INFO  ExportHelper.cs: 318 - link-2: Exporting STL with coordinate frame Origin_joint-22
2025-09-20 21:24:57,199 INFO  ExportHelper.cs: 323 - link-2: Reference geometry name 
2025-09-20 21:24:59,886 INFO  ExportHelper.cs: 331 - Saving STL to D:\Users\TROGEN\5-dof_robotic_arm_ver-2.1.1.SLDASM\5-dof_robotic_arm_ver-2.1.1.SLDASM\meshes\link-2.STL
2025-09-20 21:25:08,764 INFO  ExportHelper.cs: 406 - Removing SW header in STL file
2025-09-20 21:25:08,780 INFO  ExportHelper.cs: 318 - link-1: Exporting STL with coordinate frame Origin_joint-12
2025-09-20 21:25:08,780 INFO  ExportHelper.cs: 323 - link-1: Reference geometry name 
2025-09-20 21:25:10,358 INFO  ExportHelper.cs: 331 - Saving STL to D:\Users\TROGEN\5-dof_robotic_arm_ver-2.1.1.SLDASM\5-dof_robotic_arm_ver-2.1.1.SLDASM\meshes\link-1.STL
2025-09-20 21:25:16,408 INFO  ExportHelper.cs: 406 - Removing SW header in STL file
2025-09-20 21:25:16,408 INFO  ExportHelper.cs: 318 - base_link: Exporting STL with coordinate frame Coordinate System40
2025-09-20 21:25:16,408 INFO  ExportHelper.cs: 323 - base_link: Reference geometry name 
2025-09-20 21:25:17,861 INFO  ExportHelper.cs: 331 - Saving STL to D:\Users\TROGEN\5-dof_robotic_arm_ver-2.1.1.SLDASM\5-dof_robotic_arm_ver-2.1.1.SLDASM\meshes\base_link.STL
2025-09-20 21:25:28,147 INFO  ExportHelper.cs: 406 - Removing SW header in STL file
2025-09-20 21:25:28,147 INFO  ExportHelper.cs: 145 - Showing all components except previously hidden components
2025-09-20 21:25:42,421 INFO  ExportHelper.cs: 145 - Resetting STL preferences
2025-09-20 21:25:42,421 INFO  ExportHelper.cs: 479 - Returning STL preferences to user preferences
2025-09-20 21:25:42,421 INFO  ExportHelper.cs: 228 - Writing URDF file to D:\Users\TROGEN\5-dof_robotic_arm_ver-2.1.1.SLDASM\5-dof_robotic_arm_ver-2.1.1.SLDASM\urdf\5-dof_robotic_arm_ver-2.1.1.SLDASM.urdf
2025-09-20 21:25:42,678 INFO  CSVImportExport.cs: 32 - Writing CSV file D:\Users\TROGEN\5-dof_robotic_arm_ver-2.1.1.SLDASM\5-dof_robotic_arm_ver-2.1.1.SLDASM\urdf\5-dof_robotic_arm_ver-2.1.1.SLDASM.csv
2025-09-20 21:25:44,359 ERROR CSVImportExport.cs: 132 - The following columns were not written to the CSV: Link.Joint.ChildLink.link,
2025-09-20 21:25:44,359 ERROR CSVImportExport.cs: 132 - The following columns were not written to the CSV: Link.Joint.ChildLink.link,
2025-09-20 21:25:44,359 ERROR CSVImportExport.cs: 132 - The following columns were not written to the CSV: Link.Joint.ChildLink.link,
2025-09-20 21:25:44,359 ERROR CSVImportExport.cs: 132 - The following columns were not written to the CSV: Link.Joint.ChildLink.link,
2025-09-20 21:25:44,359 ERROR CSVImportExport.cs: 132 - The following columns were not written to the CSV: Link.Joint.ChildLink.link,
2025-09-20 21:25:44,374 ERROR CSVImportExport.cs: 132 - The following columns were not written to the CSV: Link.Joint.ChildLink.link,
2025-09-20 21:25:44,374 ERROR CSVImportExport.cs: 132 - The following columns were not written to the CSV: Link.Joint.ChildLink.link,
2025-09-20 21:25:44,374 ERROR CSVImportExport.cs: 132 - The following columns were not written to the CSV: Link.Joint.ChildLink.link,
2025-09-20 21:25:44,374 ERROR CSVImportExport.cs: 132 - The following columns were not written to the CSV: Link.Joint.ChildLink.link,
2025-09-20 21:25:44,390 INFO  ExportHelper.cs: 234 - Copying log file
2025-09-20 21:25:44,437 INFO  ExportHelper.cs: 440 - Copying D:\Users\TROGEN\sw2urdf_logs\sw2urdf.log to D:\Users\TROGEN\5-dof_robotic_arm_ver-2.1.1.SLDASM\5-dof_robotic_arm_ver-2.1.1.SLDASM\export.log
